{"level":"info","ts":1779011473.3357208,"msg":"health_check_started","server":"3"}
{"level":"info","ts":1779011473.3357208,"msg":"health_check_started","server":"1"}
{"level":"info","ts":1779011473.3357208,"msg":"health_check_started","server":"2"}
{"level":"error","ts":1779011473.3374047,"msg":"health_check_failed","server":"2","url":"http://localhost:3001","fail_count":8,"latency":0.0016838,"error":"Get \"http://localhost:3001/health\": dial tcp [::1]:3001: connectex: No connection could be made because the target machine actively refused it."}
{"level":"error","ts":1779011473.3374047,"msg":"server_marked_unhealthy","server":"2","fail_count":8}
{"level":"error","ts":1779011473.3374047,"msg":"health_check_failed","server":"1","url":"http://localhost:3000","fail_count":8,"latency":0.0016838,"error":"Get \"http://localhost:3000/health\": dial tcp [::1]:3000: connectex: No connection could be made because the target machine actively refused it."}
{"level":"error","ts":1779011473.3374047,"msg":"health_check_failed","server":"3","url":"http://localhost:3002","fail_count":8,"latency":0.0016838,"error":"Get \"http://localhost:3002/health\": dial tcp [::1]:3002: connectex: No connection could be made because the target machine actively refused it."}
{"level":"error","ts":1779011473.3379397,"msg":"server_marked_unhealthy","server":"3","fail_count":8}
{"level":"error","ts":1779011473.3374047,"msg":"server_marked_unhealthy","server":"1","fail_count":8}
{"level":"info","ts":1779011477.3356903,"msg":"health_check_started","server":"1"}
{"level":"info","ts":1779011477.3356903,"msg":"health_check_started","server":"3"}
{"level":"info","ts":1779011477.3356903,"msg":"health_check_started","server":"2"}
{"level":"error","ts":1779011477.3410022,"msg":"health_check_failed","server":"3","url":"http://localhost:3002","fail_count":9,"latency":0.0053119,"error":"Get \"http://localhost:3002/health\": dial tcp [::1]:3002: connectex: No connection could be made because the target machine actively refused it."}
{"level":"error","ts":1779011477.3410022,"msg":"server_marked_unhealthy","server":"3","fail_count":9}
{"level":"error","ts":1779011477.3410022,"msg":"health_check_failed","server":"2","url":"http://localhost:3001","fail_count":9,"latency":0.0053119,"error":"Get \"http://localhost:3001/health\": dial tcp [::1]:3001: connectex: No connection could be made because the target machine actively refused it."}
{"level":"error","ts":1779011477.3410022,"msg":"server_marked_unhealthy","server":"2","fail_count":9}
{"level":"error","ts":1779011477.3410022,"msg":"health_check_failed","server":"1","url":"http://localhost:3000","fail_count":9,"latency":0.0053119,"error":"Get \"http://localhost:3000/health\": dial tcp [::1]:3000: connectex: No connection could be made because the target machine actively refused it."}
{"level":"error","ts":1779011477.3410022,"msg":"server_marked_unhealthy","server":"1","fail_count":9}
{"level":"info","ts":1779011481.3360136,"msg":"health_check_started","server":"3"}
{"level":"info","ts":1779011481.3360136,"msg":"health_check_started","server":"1"}
{"level":"info","ts":1779011481.3360136,"msg":"health_check_started","server":"2"}
{"level":"error","ts":1779011481.3373313,"msg":"health_check_failed","server":"2","url":"http://localhost:3001","fail_count":10,"latency":0.0013176,"error":"Get \"http://localhost:3001/health\": dial tcp [::1]:3001: connectex: No connection could be made because the target machine actively refused it."}
{"level":"error","ts":1779011481.3373313,"msg":"server_marked_unhealthy","server":"2","fail_count":10}
{"level":"error","ts":1779011481.3373313,"msg":"health_check_failed","server":"3","url":"http://localhost:3002","fail_count":10,"latency":0.0013176,"error":"Get \"http://localhost:3002/health\": dial tcp [::1]:3002: connectex: No connection could be made because the target machine actively refused it."}
{"level":"error","ts":1779011481.3373313,"msg":"server_marked_unhealthy","server":"3","fail_count":10}
{"level":"error","ts":1779011481.3373313,"msg":"health_check_failed","server":"1","url":"http://localhost:3000","fail_count":10,"latency":0.0013176,"error":"Get \"http://localhost:3000/health\": dial tcp [::1]:3000: connectex: No connection could be made because the target machine actively refused it."}
{"level":"error","ts":1779011481.3373313,"msg":"server_marked_unhealthy","server":"1","fail_count":10}
{"level":"info","ts":1779011485.3360312,"msg":"health_check_started","server":"3"}
{"level":"info","ts":1779011485.3360312,"msg":"health_check_started","server":"1"}
{"level":"info","ts":1779011485.3360312,"msg":"health_check_started","server":"2"}
{"level":"error","ts":1779011485.3399155,"msg":"health_check_failed","server":"2","url":"http://localhost:3001","fail_count":11,"latency":0.0038842,"error":"Get \"http://localhost:3001/health\": dial tcp [::1]:3001: connectex: No connection could be made because the target machine actively refused it."}
{"level":"error","ts":1779011485.3399155,"msg":"server_marked_unhealthy","server":"2","fail_count":11}
{"level":"error","ts":1779011485.3399155,"msg":"health_check_failed","server":"3","url":"http://localhost:3002","fail_count":11,"latency":0.0038842,"error":"Get \"http://localhost:3002/health\": dial tcp [::1]:3002: connectex: No connection could be made because the target machine actively refused it."}
{"level":"error","ts":1779011485.3399155,"msg":"health_check_failed","server":"1","url":"http://localhost:3000","fail_count":11,"latency":0.0038842,"error":"Get \"http://localhost:3000/health\": dial tcp [::1]:3000: connectex: No connection could be made because the target machine actively refused it."}
{"level":"error","ts":1779011485.3399155,"msg":"server_marked_unhealthy","server":"1","fail_count":11}
{"level":"error","ts":1779011485.3399155,"msg":"server_marked_unhealthy","server":"3","fail_count":11}
{"level":"info","ts":1779011489.336064,"msg":"health_check_started","server":"3"}
{"level":"info","ts":1779011489.336064,"msg":"health_check_started","server":"1"}
{"level":"info","ts":1779011489.336064,"msg":"health_check_started","server":"2"}
{"level":"error","ts":1779011489.3371782,"msg":"health_check_failed","server":"1","url":"http://localhost:3000","fail_count":12,"latency":0.0011143,"error":"Get \"http://localhost:3000/health\": dial tcp [::1]:3000: connectex: No connection could be made because the target machine actively refused it."}
{"level":"error","ts":1779011489.3371782,"msg":"server_marked_unhealthy","server":"1","fail_count":12}
{"level":"error","ts":1779011489.3371782,"msg":"health_check_failed","server":"3","url":"http://localhost:3002","fail_count":12,"latency":0.0011143,"error":"Get \"http://localhost:3002/health\": dial tcp [::1]:3002: connectex: No connection could be made because the target machine actively refused it."}
{"level":"error","ts":1779011489.3371782,"msg":"server_marked_unhealthy","server":"3","fail_count":12}
{"level":"error","ts":1779011489.3371782,"msg":"health_check_failed","server":"2","url":"http://localhost:3001","fail_count":12,"latency":0.0011143,"error":"Get \"http://localhost:3001/health\": dial tcp [::1]:3001: connectex: No connection could be made because the target machine actively refused it."}
{"level":"error","ts":1779011489.3371782,"msg":"server_marked_unhealthy","server":"2","fail_count":12}
{"level":"info","ts":1779011493.3362248,"msg":"health_check_started","server":"3"}
{"level":"info","ts":1779011493.3362248,"msg":"health_check_started","server":"1"}
{"level":"info","ts":1779011493.3362248,"msg":"health_check_started","server":"2"}
{"level":"error","ts":1779011493.3422358,"msg":"health_check_failed","server":"1","url":"http://localhost:3000","fail_count":13,"latency":0.0060111,"error":"Get \"http://localhost:3000/health\": dial tcp [::1]:3000: connectex: No connection could be made because the target machine actively refused it."}
{"level":"error","ts":1779011493.3422358,"msg":"server_marked_unhealthy","server":"1","fail_count":13}
{"level":"error","ts":1779011493.3422358,"msg":"health_check_failed","server":"2","url":"http://localhost:3001","fail_count":13,"latency":0.0060111,"error":"Get \"http://localhost:3001/health\": dial tcp [::1]:3001: connectex: No connection could be made because the target machine actively refused it."}
{"level":"error","ts":1779011493.3422358,"msg":"server_marked_unhealthy","server":"2","fail_count":13}
{"level":"error","ts":1779011493.3422358,"msg":"health_check_failed","server":"3","url":"http://localhost:3002","fail_count":13,"latency":0.0060111,"error":"Get \"http://localhost:3002/health\": dial tcp [::1]:3002: connectex: No connection could be made because the target machine actively refused it."}
{"level":"error","ts":1779011493.3422358,"msg":"server_marked_unhealthy","server":"3","fail_count":13}
{"level":"info","ts":1779011497.3362625,"msg":"health_check_started","server":"1"}
{"level":"info","ts":1779011497.3362625,"msg":"health_check_started","server":"3"}
{"level":"info","ts":1779011497.3362625,"msg":"health_check_started","server":"2"}
{"level":"error","ts":1779011497.3379998,"msg":"health_check_failed","server":"2","url":"http://localhost:3001","fail_count":14,"latency":0.0017374,"error":"Get \"http://localhost:3001/health\": dial tcp [::1]:3001: connectex: No connection could be made because the target machine actively refused it."}
{"level":"error","ts":1779011497.3379998,"msg":"server_marked_unhealthy","server":"2","fail_count":14}
{"level":"error","ts":1779011497.3379998,"msg":"health_check_failed","server":"3","url":"http://localhost:3002","fail_count":14,"latency":0.0017374,"error":"Get \"http://localhost:3002/health\": dial tcp [::1]:3002: connectex: No connection could be made because the target machine actively refused it."}
{"level":"error","ts":1779011497.3379998,"msg":"server_marked_unhealthy","server":"3","fail_count":14}
{"level":"error","ts":1779011497.3379998,"msg":"health_check_failed","server":"1","url":"http://localhost:3000","fail_count":14,"latency":0.0017374,"error":"Get \"http://localhost:3000/health\": dial tcp [::1]:3000: connectex: No connection could be made because the target machine actively refused it."}
{"level":"error","ts":1779011497.3379998,"msg":"server_marked_unhealthy","server":"1","fail_count":14}
{"level":"info","ts":1779011501.3357353,"msg":"health_check_started","server":"3"}
{"level":"info","ts":1779011501.3357353,"msg":"health_check_started","server":"1"}
{"level":"info","ts":1779011501.3357353,"msg":"health_check_started","server":"2"}
{"level":"error","ts":1779011501.3409588,"msg":"health_check_failed","server":"3","url":"http://localhost:3002","fail_count":15,"latency":0.0052233,"error":"Get \"http://localhost:3002/health\": dial tcp [::1]:3002: connectex: No connection could be made because the target machine actively refused it."}
{"level":"error","ts":1779011501.341503,"msg":"server_marked_unhealthy","server":"3","fail_count":15}
{"level":"error","ts":1779011501.3409588,"msg":"health_check_failed","server":"1","url":"http://localhost:3000","fail_count":15,"latency":0.0052233,"error":"Get \"http://localhost:3000/health\": dial tcp [::1]:3000: connectex: No connection could be made because the target machine actively refused it."}
{"level":"error","ts":1779011501.341503,"msg":"server_marked_unhealthy","server":"1","fail_count":15}
{"level":"error","ts":1779011501.3409588,"msg":"health_check_failed","server":"2","url":"http://localhost:3001","fail_count":15,"latency":0.0052233,"error":"Get \"http://localhost:3001/health\": dial tcp [::1]:3001: connectex: No connection could be made because the target machine actively refused it."}
{"level":"error","ts":1779011501.341503,"msg":"server_marked_unhealthy","server":"2","fail_count":15}
{"level":"info","ts":1779011505.3363361,"msg":"health_check_started","server":"3"}
{"level":"info","ts":1779011505.3363361,"msg":"health_check_started","server":"1"}
{"level":"info","ts":1779011505.3363361,"msg":"health_check_started","server":"2"}
{"level":"error","ts":1779011505.3374357,"msg":"health_check_failed","server":"2","url":"http://localhost:3001","fail_count":16,"latency":0.0010994,"error":"Get \"http://localhost:3001/health\": dial tcp [::1]:3001: connectex: No connection could be made because the target machine actively refused it."}
{"level":"error","ts":1779011505.3374357,"msg":"server_marked_unhealthy","server":"2","fail_count":16}
{"level":"error","ts":1779011505.3374357,"msg":"health_check_failed","server":"3","url":"http://localhost:3002","fail_count":16,"latency":0.0010994,"error":"Get \"http://localhost:3002/health\": dial tcp [::1]:3002: connectex: No connection could be made because the target machine actively refused it."}
{"level":"error","ts":1779011505.3374357,"msg":"health_check_failed","server":"1","url":"http://localhost:3000","fail_count":16,"latency":0.0010994,"error":"Get \"http://localhost:3000/health\": dial tcp [::1]:3000: connectex: No connection could be made because the target machine actively refused it."}
{"level":"error","ts":1779011505.3374357,"msg":"server_marked_unhealthy","server":"1","fail_count":16}
{"level":"error","ts":1779011505.3374357,"msg":"server_marked_unhealthy","server":"3","fail_count":16}
{"level":"info","ts":1779011509.335971,"msg":"health_check_started","server":"3"}
{"level":"info","ts":1779011509.335971,"msg":"health_check_started","server":"1"}
{"level":"info","ts":1779011509.335971,"msg":"health_check_started","server":"2"}
{"level":"error","ts":1779011509.3398662,"msg":"health_check_failed","server":"1","url":"http://localhost:3000","fail_count":17,"latency":0.003895,"error":"Get \"http://localhost:3000/health\": dial tcp [::1]:3000: connectex: No connection could be made because the target machine actively refused it."}
{"level":"error","ts":1779011509.3398662,"msg":"server_marked_unhealthy","server":"1","fail_count":17}
{"level":"error","ts":1779011509.3398662,"msg":"health_check_failed","server":"2","url":"http://localhost:3001","fail_count":17,"latency":0.003895,"error":"Get \"http://localhost:3001/health\": dial tcp [::1]:3001: connectex: No connection could be made because the target machine actively refused it."}
{"level":"error","ts":1779011509.3398662,"msg":"server_marked_unhealthy","server":"2","fail_count":17}
{"level":"error","ts":1779011509.3398662,"msg":"health_check_failed","server":"3","url":"http://localhost:3002","fail_count":17,"latency":0.003895,"error":"Get \"http://localhost:3002/health\": dial tcp [::1]:3002: connectex: No connection could be made because the target machine actively refused it."}
{"level":"error","ts":1779011509.3398662,"msg":"server_marked_unhealthy","server":"3","fail_count":17}
{"level":"info","ts":1779011513.3358152,"msg":"health_check_started","server":"3"}
{"level":"info","ts":1779011513.3358152,"msg":"health_check_started","server":"1"}
{"level":"info","ts":1779011513.3358152,"msg":"health_check_started","server":"2"}
{"level":"error","ts":1779011513.3366387,"msg":"health_check_failed","server":"2","url":"http://localhost:3001","fail_count":18,"latency":0.0008234,"error":"Get \"http://localhost:3001/health\": dial tcp [::1]:3001: connectex: No connection could be made because the target machine actively refused it."}
{"level":"error","ts":1779011513.3371973,"msg":"health_check_failed","server":"3","url":"http://localhost:3002","fail_count":18,"latency":0.0008234,"error":"Get \"http://localhost:3002/health\": dial tcp [::1]:3002: connectex: No connection could be made because the target machine actively refused it."}
{"level":"error","ts":1779011513.3371973,"msg":"server_marked_unhealthy","server":"3","fail_count":18}
{"level":"error","ts":1779011513.3366387,"msg":"health_check_failed","server":"1","url":"http://localhost:3000","fail_count":18,"latency":0.0008234,"error":"Get \"http://localhost:3000/health\": dial tcp [::1]:3000: connectex: No connection could be made because the target machine actively refused it."}
{"level":"error","ts":1779011513.3371973,"msg":"server_marked_unhealthy","server":"1","fail_count":18}
{"level":"error","ts":1779011513.3371973,"msg":"server_marked_unhealthy","server":"2","fail_count":18}
{"level":"info","ts":1779011517.3359716,"msg":"health_check_started","server":"3"}
{"level":"info","ts":1779011517.3359716,"msg":"health_check_started","server":"1"}
{"level":"info","ts":1779011517.3359716,"msg":"health_check_started","server":"2"}
{"level":"error","ts":1779011517.3418283,"msg":"health_check_failed","server":"3","url":"http://localhost:3002","fail_count":19,"latency":0.0058569,"error":"Get \"http://localhost:3002/health\": dial tcp [::1]:3002: connectex: No connection could be made because the target machine actively refused it."}
{"level":"error","ts":1779011517.3418283,"msg":"server_marked_unhealthy","server":"3","fail_count":19}
{"level":"error","ts":1779011517.3418283,"msg":"health_check_failed","server":"1","url":"http://localhost:3000","fail_count":19,"latency":0.0058569,"error":"Get \"http://localhost:3000/health\": dial tcp [::1]:3000: connectex: No connection could be made because the target machine actively refused it."}
{"level":"error","ts":1779011517.3418283,"msg":"server_marked_unhealthy","server":"1","fail_count":19}
{"level":"error","ts":1779011517.3418283,"msg":"health_check_failed","server":"2","url":"http://localhost:3001","fail_count":19,"latency":0.0058569,"error":"Get \"http://localhost:3001/health\": dial tcp [::1]:3001: connectex: No connection could be made because the target machine actively refused it."}
{"level":"error","ts":1779011517.3418283,"msg":"server_marked_unhealthy","server":"2","fail_count":19}
{"level":"info","ts":1779011521.3358898,"msg":"health_check_started","server":"3"}
{"level":"info","ts":1779011521.3358898,"msg":"health_check_started","server":"1"}
{"level":"info","ts":1779011521.3358898,"msg":"health_check_started","server":"2"}
{"level":"error","ts":1779011521.3370655,"msg":"health_check_failed","server":"3","url":"http://localhost:3002","fail_count":20,"latency":0.0011756,"error":"Get \"http://localhost:3002/health\": dial tcp [::1]:3002: connectex: No connection could be made because the target machine actively refused it."}
{"level":"error","ts":1779011521.3370655,"msg":"server_marked_unhealthy","server":"3","fail_count":20}
{"level":"error","ts":1779011521.3370655,"msg":"health_check_failed","server":"2","url":"http://localhost:3001","fail_count":20,"latency":0.0011756,"error":"Get \"http://localhost:3001/health\": dial tcp [::1]:3001: connectex: No connection could be made because the target machine actively refused it."}
{"level":"error","ts":1779011521.3370655,"msg":"health_check_failed","server":"1","url":"http://localhost:3000","fail_count":20,"latency":0.0011756,"error":"Get \"http://localhost:3000/health\": dial tcp [::1]:3000: connectex: No connection could be made because the target machine actively refused it."}
{"level":"error","ts":1779011521.3376272,"msg":"server_marked_unhealthy","server":"1","fail_count":20}
{"level":"error","ts":1779011521.3376272,"msg":"server_marked_unhealthy","server":"2","fail_count":20}
{"level":"info","ts":1779011536.307025,"msg":"Load balancer started"}
{"level":"info","ts":1779011540.3078542,"msg":"health_check_started","server":"3"}
{"level":"info","ts":1779011540.3078542,"msg":"health_check_started","server":"2"}
{"level":"info","ts":1779011540.3078542,"msg":"health_check_started","server":"1"}
{"level":"info","ts":1779011544.3135998,"msg":"health_check_started","server":"3"}
{"level":"info","ts":1779011544.3135998,"msg":"health_check_started","server":"1"}
{"level":"info","ts":1779011544.3141646,"msg":"health_check_started","server":"2"}
{"level":"info","ts":1779011548.307947,"msg":"health_check_started","server":"3"}
{"level":"info","ts":1779011548.307947,"msg":"health_check_started","server":"1"}
{"level":"info","ts":1779011548.307947,"msg":"health_check_started","server":"2"}
{"level":"info","ts":1779011552.3083274,"msg":"health_check_started","server":"3"}
{"level":"info","ts":1779011552.3083274,"msg":"health_check_started","server":"1"}
{"level":"info","ts":1779011552.3083274,"msg":"health_check_started","server":"2"}
{"level":"error","ts":1779011553.5568855,"msg":"health_check_failed","server":"2","url":"http://localhost:3001","fail_count":4,"latency":0.0108612,"error":"Get \"http://localhost:3001/health\": dial tcp [::1]:3001: connectex: No connection could be made because the target machine actively refused it."}
{"level":"error","ts":1779011553.557481,"msg":"server_marked_unhealthy","server":"2","fail_count":4}
{"level":"info","ts":1779011559.0184536,"msg":"Load balancer started"}
{"level":"info","ts":1779011563.019087,"msg":"health_check_started","server":"3"}
{"level":"info","ts":1779011563.019087,"msg":"health_check_started","server":"2"}
{"level":"info","ts":1779011563.019087,"msg":"health_check_started","server":"1"}
{"level":"info","ts":1779011567.0186062,"msg":"health_check_started","server":"3"}
{"level":"info","ts":1779011567.0186062,"msg":"health_check_started","server":"1"}
{"level":"info","ts":1779011567.0186062,"msg":"health_check_started","server":"2"}
{"level":"info","ts":1779011571.018756,"msg":"health_check_started","server":"3"}
{"level":"info","ts":1779011571.018756,"msg":"health_check_started","server":"1"}
{"level":"info","ts":1779011571.018756,"msg":"health_check_started","server":"2"}
{"level":"error","ts":1779011572.5993361,"msg":"health_check_failed","server":"3","url":"http://localhost:3002","fail_count":3,"latency":0.0147674,"error":"Get \"http://localhost:3002/health\": dial tcp [::1]:3002: connectex: No connection could be made because the target machine actively refused it."}
{"level":"error","ts":1779011572.5999439,"msg":"server_marked_unhealthy","server":"3","fail_count":3}
{"level":"info","ts":1779011575.018944,"msg":"health_check_started","server":"3"}
{"level":"info","ts":1779011575.018944,"msg":"health_check_started","server":"1"}
{"level":"info","ts":1779011575.018944,"msg":"health_check_started","server":"2"}
{"level":"info","ts":1779011579.018779,"msg":"health_check_started","server":"3"}
{"level":"info","ts":1779011579.018779,"msg":"health_check_started","server":"1"}
{"level":"info","ts":1779011579.018779,"msg":"health_check_started","server":"2"}
{"level":"error","ts":1779011580.4125237,"msg":"health_check_failed","server":"2","url":"http://localhost:3001","fail_count":5,"latency":0.0141852,"error":"Get \"http://localhost:3001/health\": dial tcp [::1]:3001: connectex: No connection could be made because the target machine actively refused it."}
{"level":"error","ts":1779011580.4125237,"msg":"server_marked_unhealthy","server":"2","fail_count":5}
{"level":"info","ts":1779011583.019488,"msg":"health_check_started","server":"3"}
{"level":"info","ts":1779011583.019488,"msg":"health_check_started","server":"1"}
{"level":"info","ts":1779011583.019488,"msg":"health_check_started","server":"2"}
{"level":"info","ts":1779011587.0187633,"msg":"health_check_started","server":"3"}
{"level":"info","ts":1779011587.0187633,"msg":"health_check_started","server":"1"}
{"level":"info","ts":1779011587.0187633,"msg":"health_check_started","server":"2"}
{"level":"error","ts":1779011588.6674542,"msg":"health_check_failed","server":"1","url":"http://localhost:3000","fail_count":7,"latency":0.0147674,"error":"Get \"http://localhost:3000/health\": dial tcp [::1]:3000: connectex: No connection could be made because the target machine actively refused it."}
{"level":"error","ts":1779011588.6680043,"msg":"server_marked_unhealthy","server":"1","fail_count":7}
{"level":"info","ts":1779011591.0185146,"msg":"health_check_started","server":"1"}
{"level":"info","ts":1779011591.0185146,"msg":"health_check_started","server":"3"}
{"level":"info","ts":1779011591.0185146,"msg":"health_check_started","server":"2"}
{"level":"info","ts":1779011595.0192158,"msg":"health_check_started","server":"3"}
{"level":"info","ts":1779011595.0192158,"msg":"health_check_started","server":"1"}
{"level":"info","ts":1779011595.0192158,"msg":"health_check_started","server":"2"}
{"level":"error","ts":1779011596.8398206,"msg":"health_check_failed","server":"3","url":"http://localhost:3002","fail_count":9,"latency":0.0010792,"error":"Get \"http://localhost:3002/health\": dial tcp [::1]:3002: connectex: No connection could be made because the target machine actively refused it."}
{"level":"error","ts":1779011596.8398206,"msg":"server_marked_unhealthy","server":"3","fail_count":9}
{"level":"info","ts":1779011599.0185707,"msg":"health_check_started","server":"3"}
{"level":"info","ts":1779011599.0185707,"msg":"health_check_started","server":"1"}
{"level":"info","ts":1779011599.0185707,"msg":"health_check_started","server":"2"}
{"level":"info","ts":1779011603.0187862,"msg":"health_check_started","server":"3"}
{"level":"info","ts":1779011603.0187862,"msg":"health_check_started","server":"1"}
{"level":"info","ts":1779011603.0187862,"msg":"health_check_started","server":"2"}
{"level":"error","ts":1779011603.1151998,"msg":"health_check_failed","server":"2","url":"http://localhost:3001","fail_count":11,"latency":0.0010792,"error":"Get \"http://localhost:3001/health\": dial tcp [::1]:3001: connectex: No connection could be made because the target machine actively refused it."}
{"level":"error","ts":1779011603.1151998,"msg":"server_marked_unhealthy","server":"2","fail_count":11}
{"level":"info","ts":1779011607.0186632,"msg":"health_check_started","server":"3"}
{"level":"info","ts":1779011607.0186632,"msg":"health_check_started","server":"2"}
{"level":"info","ts":1779011607.0186632,"msg":"health_check_started","server":"1"}
{"level":"error","ts":1779011609.7436187,"msg":"health_check_failed","server":"1","url":"http://localhost:3000","fail_count":12,"latency":0.0010792,"error":"Get \"http://localhost:3000/health\": dial tcp [::1]:3000: connectex: No connection could be made because the target machine actively refused it."}
{"level":"error","ts":1779011609.7436187,"msg":"server_marked_unhealthy","server":"1","fail_count":12}
{"level":"info","ts":1779011611.0190375,"msg":"health_check_started","server":"3"}
{"level":"info","ts":1779011611.0190375,"msg":"health_check_started","server":"1"}
{"level":"info","ts":1779011611.0190375,"msg":"health_check_started","server":"2"}
{"level":"info","ts":1779011615.018801,"msg":"health_check_started","server":"3"}
{"level":"info","ts":1779011615.018801,"msg":"health_check_started","server":"1"}
{"level":"info","ts":1779011615.018801,"msg":"health_check_started","server":"2"}
{"level":"error","ts":1779011617.7800925,"msg":"health_check_failed","server":"2","url":"http://localhost:3001","fail_count":14,"latency":0.0039589,"error":"Get \"http://localhost:3001/health\": dial tcp [::1]:3001: connectex: No connection could be made because the target machine actively refused it."}
{"level":"error","ts":1779011617.7800925,"msg":"server_marked_unhealthy","server":"2","fail_count":14}
{"level":"info","ts":1779011619.0189278,"msg":"health_check_started","server":"3"}
{"level":"info","ts":1779011619.0189278,"msg":"health_check_started","server":"1"}
{"level":"info","ts":1779011619.0189278,"msg":"health_check_started","server":"2"}
{"level":"info","ts":1779011623.019156,"msg":"health_check_started","server":"3"}
{"level":"info","ts":1779011623.019156,"msg":"health_check_started","server":"1"}
{"level":"info","ts":1779011623.019156,"msg":"health_check_started","server":"2"}
{"level":"error","ts":1779011626.0120206,"msg":"health_check_failed","server":"3","url":"http://localhost:3002","fail_count":16,"latency":0.0039589,"error":"Get \"http://localhost:3002/health\": dial tcp [::1]:3002: connectex: No connection could be made because the target machine actively refused it."}
{"level":"error","ts":1779011626.0120206,"msg":"server_marked_unhealthy","server":"3","fail_count":16}
{"level":"info","ts":1779011627.0192227,"msg":"health_check_started","server":"3"}
{"level":"info","ts":1779011627.0192227,"msg":"health_check_started","server":"1"}
{"level":"info","ts":1779011627.0192227,"msg":"health_check_started","server":"2"}
{"level":"info","ts":1779011631.018811,"msg":"health_check_started","server":"3"}
{"level":"info","ts":1779011631.018811,"msg":"health_check_started","server":"1"}
{"level":"info","ts":1779011631.018811,"msg":"health_check_started","server":"2"}
{"level":"error","ts":1779011634.119221,"msg":"health_check_failed","server":"1","url":"http://localhost:3000","fail_count":18,"latency":0.0039589,"error":"Get \"http://localhost:3000/health\": dial tcp [::1]:3000: connectex: No connection could be made because the target machine actively refused it."}
{"level":"error","ts":1779011634.119221,"msg":"server_marked_unhealthy","server":"1","fail_count":18}
{"level":"info","ts":1779011635.018682,"msg":"health_check_started","server":"3"}
{"level":"info","ts":1779011635.018682,"msg":"health_check_started","server":"1"}
{"level":"info","ts":1779011635.018682,"msg":"health_check_started","server":"2"}
{"level":"info","ts":1779011639.0188377,"msg":"health_check_started","server":"3"}
{"level":"info","ts":1779011639.0188377,"msg":"health_check_started","server":"1"}
{"level":"info","ts":1779011639.0188377,"msg":"health_check_started","server":"2"}
{"level":"info","ts":1779011643.0187333,"msg":"health_check_started","server":"3"}
{"level":"info","ts":1779011643.0187333,"msg":"health_check_started","server":"1"}
{"level":"info","ts":1779011643.0187333,"msg":"health_check_started","server":"2"}
{"level":"error","ts":1779011644.0520778,"msg":"health_check_failed","server":"2","url":"http://localhost:3001","fail_count":21,"latency":0.0010769,"error":"Get \"http://localhost:3001/health\": dial tcp [::1]:3001: connectex: No connection could be made because the target machine actively refused it."}
{"level":"error","ts":1779011644.0520778,"msg":"server_marked_unhealthy","server":"2","fail_count":21}
{"level":"info","ts":1779011647.018998,"msg":"health_check_started","server":"3"}
{"level":"info","ts":1779011647.018998,"msg":"health_check_started","server":"1"}
{"level":"info","ts":1779011647.018998,"msg":"health_check_started","server":"2"}
{"level":"info","ts":1779011651.0187163,"msg":"health_check_started","server":"3"}
{"level":"info","ts":1779011651.0187163,"msg":"health_check_started","server":"1"}
{"level":"info","ts":1779011651.0187163,"msg":"health_check_started","server":"2"}
{"level":"error","ts":1779011653.530586,"msg":"health_check_failed","server":"3","url":"http://localhost:3002","fail_count":23,"latency":0.0010769,"error":"Get \"http://localhost:3002/health\": dial tcp [::1]:3002: connectex: No connection could be made because the target machine actively refused it."}
{"level":"error","ts":1779011653.530586,"msg":"server_marked_unhealthy","server":"3","fail_count":23}
{"level":"info","ts":1779011655.018899,"msg":"health_check_started","server":"3"}
{"level":"info","ts":1779011655.018899,"msg":"health_check_started","server":"1"}
{"level":"info","ts":1779011655.018899,"msg":"health_check_started","server":"2"}
{"level":"info","ts":1779011659.018596,"msg":"health_check_started","server":"3"}
{"level":"info","ts":1779011659.018596,"msg":"health_check_started","server":"1"}
{"level":"info","ts":1779011659.018596,"msg":"health_check_started","server":"2"}
{"level":"error","ts":1779011661.9240816,"msg":"health_check_failed","server":"1","url":"http://localhost:3000","fail_count":25,"latency":0.0010769,"error":"Get \"http://localhost:3000/health\": dial tcp [::1]:3000: connectex: No connection could be made because the target machine actively refused it."}
{"level":"error","ts":1779011661.9240816,"msg":"server_marked_unhealthy","server":"1","fail_count":25}
{"level":"info","ts":1779011664.671146,"msg":"Load balancer started"}
{"level":"info","ts":1779011668.672188,"msg":"health_check_started","server":"3"}
{"level":"info","ts":1779011668.672188,"msg":"health_check_started","server":"1"}
{"level":"info","ts":1779011668.672188,"msg":"health_check_started","server":"2"}
{"level":"info","ts":1779011672.6721232,"msg":"health_check_started","server":"3"}
{"level":"info","ts":1779011672.6721232,"msg":"health_check_started","server":"1"}
{"level":"info","ts":1779011672.6721232,"msg":"health_check_started","server":"2"}
{"level":"info","ts":1779011676.6719484,"msg":"health_check_started","server":"3"}
{"level":"info","ts":1779011676.6719484,"msg":"health_check_started","server":"1"}
{"level":"info","ts":1779011676.6719484,"msg":"health_check_started","server":"2"}
{"level":"error","ts":1779011677.4843457,"msg":"health_check_failed","server":"2","url":"http://localhost:3001","fail_count":3,"latency":0.0143498,"error":"Get \"http://localhost:3001/health\": dial tcp [::1]:3001: connectex: No connection could be made because the target machine actively refused it."}
{"level":"error","ts":1779011677.4848938,"msg":"server_marked_unhealthy","server":"2","fail_count":3}
{"level":"info","ts":1779011680.6720855,"msg":"health_check_started","server":"3"}
{"level":"info","ts":1779011680.6720855,"msg":"health_check_started","server":"1"}
{"level":"info","ts":1779011680.6720855,"msg":"health_check_started","server":"2"}
{"level":"info","ts":1779011684.672016,"msg":"health_check_started","server":"1"}
{"level":"info","ts":1779011684.672016,"msg":"health_check_started","server":"3"}
{"level":"info","ts":1779011684.672016,"msg":"health_check_started","server":"2"}
{"level":"error","ts":1779011686.0999818,"msg":"health_check_failed","server":"1","url":"http://localhost:3000","fail_count":5,"latency":0.0143498,"error":"Get \"http://localhost:3000/health\": dial tcp [::1]:3000: connectex: No connection could be made because the target machine actively refused it."}
{"level":"error","ts":1779011686.0999818,"msg":"server_marked_unhealthy","server":"1","fail_count":5}
{"level":"info","ts":1779011688.6719542,"msg":"health_check_started","server":"3"}
{"level":"info","ts":1779011688.6719542,"msg":"health_check_started","server":"1"}
{"level":"info","ts":1779011688.6719542,"msg":"health_check_started","server":"2"}
{"level":"info","ts":1779011692.6719482,"msg":"health_check_started","server":"3"}
{"level":"info","ts":1779011692.6719482,"msg":"health_check_started","server":"1"}
{"level":"info","ts":1779011692.6719482,"msg":"health_check_started","server":"2"}
{"level":"error","ts":1779011695.4430103,"msg":"health_check_failed","server":"3","url":"http://localhost:3002","fail_count":7,"latency":0.0143498,"error":"Get \"http://localhost:3002/health\": dial tcp [::1]:3002: connectex: No connection could be made because the target machine actively refused it."}
{"level":"error","ts":1779011695.4430103,"msg":"server_marked_unhealthy","server":"3","fail_count":7}
{"level":"info","ts":1779011696.6718125,"msg":"health_check_started","server":"3"}
{"level":"info","ts":1779011696.6718125,"msg":"health_check_started","server":"1"}
{"level":"info","ts":1779011696.6718125,"msg":"health_check_started","server":"2"}
{"level":"info","ts":1779011700.6718197,"msg":"health_check_started","server":"3"}
{"level":"info","ts":1779011700.6718197,"msg":"health_check_started","server":"1"}
{"level":"info","ts":1779011700.6718197,"msg":"health_check_started","server":"2"}
{"level":"info","ts":1779011704.672317,"msg":"health_check_started","server":"3"}
{"level":"info","ts":1779011704.672317,"msg":"health_check_started","server":"1"}
{"level":"info","ts":1779011704.672317,"msg":"health_check_started","server":"2"}
{"level":"error","ts":1779011706.1184132,"msg":"health_check_failed","server":"1","url":"http://localhost:3000","fail_count":10,"latency":0.0017587,"error":"Get \"http://localhost:3000/health\": dial tcp [::1]:3000: connectex: No connection could be made because the target machine actively refused it."}
{"level":"error","ts":1779011706.1184132,"msg":"server_marked_unhealthy","server":"1","fail_count":10}
{"level":"info","ts":1779011708.6718998,"msg":"health_check_started","server":"3"}
{"level":"info","ts":1779011708.6718998,"msg":"health_check_started","server":"2"}
{"level":"info","ts":1779011708.6718998,"msg":"health_check_started","server":"1"}
{"level":"error","ts":1779011712.0079052,"msg":"health_check_failed","server":"2","url":"http://localhost:3001","fail_count":11,"latency":0.0017587,"error":"Get \"http://localhost:3001/health\": dial tcp [::1]:3001: connectex: No connection could be made because the target machine actively refused it."}
{"level":"error","ts":1779011712.0079052,"msg":"server_marked_unhealthy","server":"2","fail_count":11}
{"level":"info","ts":1779011712.6723998,"msg":"health_check_started","server":"3"}
{"level":"info","ts":1779011712.6723998,"msg":"health_check_started","server":"1"}
{"level":"info","ts":1779011712.6723998,"msg":"health_check_started","server":"2"}
{"level":"info","ts":1779011716.672166,"msg":"health_check_started","server":"3"}
{"level":"info","ts":1779011716.672166,"msg":"health_check_started","server":"1"}
{"level":"info","ts":1779011716.672166,"msg":"health_check_started","server":"2"}
{"level":"info","ts":1779011720.6717777,"msg":"health_check_started","server":"3"}
{"level":"info","ts":1779011720.6717777,"msg":"health_check_started","server":"1"}
{"level":"info","ts":1779011720.6717777,"msg":"health_check_started","server":"2"}
{"level":"error","ts":1779011722.6014154,"msg":"health_check_failed","server":"3","url":"http://localhost:3002","fail_count":14,"latency":0.0017587,"error":"Get \"http://localhost:3002/health\": dial tcp [::1]:3002: connectex: No connection could be made because the target machine actively refused it."}
{"level":"error","ts":1779011722.6014154,"msg":"server_marked_unhealthy","server":"3","fail_count":14}
{"level":"info","ts":1779011724.6721437,"msg":"health_check_started","server":"3"}
{"level":"info","ts":1779011724.6721437,"msg":"health_check_started","server":"1"}
{"level":"info","ts":1779011724.6721437,"msg":"health_check_started","server":"2"}
{"level":"info","ts":1779011728.6717496,"msg":"health_check_started","server":"3"}
{"level":"info","ts":1779011728.6717496,"msg":"health_check_started","server":"1"}
{"level":"info","ts":1779011728.6717496,"msg":"health_check_started","server":"2"}
{"level":"info","ts":1779011732.6722162,"msg":"health_check_started","server":"3"}
{"level":"info","ts":1779011732.6722162,"msg":"health_check_started","server":"1"}
{"level":"info","ts":1779011732.6722162,"msg":"health_check_started","server":"2"}
{"level":"error","ts":1779011733.2512476,"msg":"health_check_failed","server":"3","url":"http://localhost:3002","fail_count":17,"latency":0.0037235,"error":"Get \"http://localhost:3002/health\": dial tcp [::1]:3002: connectex: No connection could be made because the target machine actively refused it."}
{"level":"error","ts":1779011733.2512476,"msg":"server_marked_unhealthy","server":"3","fail_count":17}
{"level":"info","ts":1779011736.6717353,"msg":"health_check_started","server":"3"}
{"level":"info","ts":1779011736.6717353,"msg":"health_check_started","server":"2"}
{"level":"info","ts":1779011736.6717353,"msg":"health_check_started","server":"1"}
{"level":"info","ts":1779011740.6718585,"msg":"health_check_started","server":"3"}
{"level":"info","ts":1779011740.6718585,"msg":"health_check_started","server":"1"}
{"level":"info","ts":1779011740.6718585,"msg":"health_check_started","server":"2"}
{"level":"info","ts":1779011744.6719995,"msg":"health_check_started","server":"3"}
{"level":"info","ts":1779011744.6727498,"msg":"health_check_started","server":"1"}
{"level":"info","ts":1779011744.6727498,"msg":"health_check_started","server":"2"}
{"level":"error","ts":1779011746.196162,"msg":"health_check_failed","server":"1","url":"http://localhost:3000","fail_count":20,"latency":0.0037235,"error":"Get \"http://localhost:3000/health\": dial tcp [::1]:3000: connectex: No connection could be made because the target machine actively refused it."}
{"level":"error","ts":1779011746.196162,"msg":"server_marked_unhealthy","server":"1","fail_count":20}
{"level":"info","ts":1779011748.672194,"msg":"health_check_started","server":"3"}
{"level":"info","ts":1779011748.672194,"msg":"health_check_started","server":"1"}
{"level":"info","ts":1779011748.672194,"msg":"health_check_started","server":"2"}
{"level":"info","ts":1779011752.6720831,"msg":"health_check_started","server":"3"}
{"level":"info","ts":1779011752.6720831,"msg":"health_check_started","server":"2"}
{"level":"info","ts":1779011752.6720831,"msg":"health_check_started","server":"1"}
{"level":"error","ts":1779011754.9982324,"msg":"health_check_failed","server":"2","url":"http://localhost:3001","fail_count":22,"latency":0.0037235,"error":"Get \"http://localhost:3001/health\": dial tcp [::1]:3001: connectex: No connection could be made because the target machine actively refused it."}
{"level":"error","ts":1779011754.9982324,"msg":"server_marked_unhealthy","server":"2","fail_count":22}
{"level":"info","ts":1779011756.6717806,"msg":"health_check_started","server":"3"}
{"level":"info","ts":1779011756.6717806,"msg":"health_check_started","server":"1"}
{"level":"info","ts":1779011756.6717806,"msg":"health_check_started","server":"2"}
{"level":"info","ts":1779011760.6718762,"msg":"health_check_started","server":"3"}
{"level":"info","ts":1779011760.6718762,"msg":"health_check_started","server":"1"}
{"level":"info","ts":1779011760.6718762,"msg":"health_check_started","server":"2"}
{"level":"error","ts":1779011763.1257093,"msg":"health_check_failed","server":"2","url":"http://localhost:3001","fail_count":24,"latency":0.0011099,"error":"Get \"http://localhost:3001/health\": dial tcp [::1]:3001: connectex: No connection could be made because the target machine actively refused it."}
{"level":"error","ts":1779011763.1257093,"msg":"server_marked_unhealthy","server":"2","fail_count":24}
{"level":"info","ts":1779011764.6717703,"msg":"health_check_started","server":"3"}
{"level":"info","ts":1779011764.6717703,"msg":"health_check_started","server":"1"}
{"level":"info","ts":1779011764.6717703,"msg":"health_check_started","server":"2"}
{"level":"info","ts":1779011768.6724577,"msg":"health_check_started","server":"3"}
{"level":"info","ts":1779011768.6724577,"msg":"health_check_started","server":"1"}
{"level":"info","ts":1779011768.6724577,"msg":"health_check_started","server":"2"}
{"level":"error","ts":1779011771.8900747,"msg":"health_check_failed","server":"3","url":"http://localhost:3002","fail_count":26,"latency":0.0011099,"error":"Get \"http://localhost:3002/health\": dial tcp [::1]:3002: connectex: No connection could be made because the target machine actively refused it."}
{"level":"error","ts":1779011771.8900747,"msg":"server_marked_unhealthy","server":"3","fail_count":26}
{"level":"info","ts":1779011772.672277,"msg":"health_check_started","server":"3"}
{"level":"info","ts":1779011772.672277,"msg":"health_check_started","server":"1"}
{"level":"info","ts":1779011772.672277,"msg":"health_check_started","server":"2"}
{"level":"info","ts":1779011776.6720397,"msg":"health_check_started","server":"3"}
{"level":"info","ts":1779011776.6720397,"msg":"health_check_started","server":"1"}
{"level":"info","ts":1779011776.6720397,"msg":"health_check_started","server":"2"}
{"level":"error","ts":1779011780.1530843,"msg":"health_check_failed","server":"1","url":"http://localhost:3000","fail_count":28,"latency":0.0011099,"error":"Get \"http://localhost:3000/health\": dial tcp [::1]:3000: connectex: No connection could be made because the target machine actively refused it."}
{"level":"error","ts":1779011780.1536589,"msg":"server_marked_unhealthy","server":"1","fail_count":28}
{"level":"info","ts":1779011780.6721542,"msg":"health_check_started","server":"3"}
{"level":"info","ts":1779011780.6721542,"msg":"health_check_started","server":"1"}
{"level":"info","ts":1779011780.6721542,"msg":"health_check_started","server":"2"}
{"level":"info","ts":1779011784.6721206,"msg":"health_check_started","server":"3"}
{"level":"info","ts":1779011784.6721206,"msg":"health_check_started","server":"1"}
{"level":"info","ts":1779011784.6721206,"msg":"health_check_started","server":"2"}
{"level":"info","ts":1779011788.671715,"msg":"health_check_started","server":"3"}
{"level":"info","ts":1779011788.671715,"msg":"health_check_started","server":"1"}
{"level":"info","ts":1779011788.671715,"msg":"health_check_started","server":"2"}
{"level":"info","ts":1779011792.6722088,"msg":"health_check_started","server":"3"}
{"level":"info","ts":1779011792.6722088,"msg":"health_check_started","server":"1"}
{"level":"info","ts":1779011792.6722088,"msg":"health_check_started","server":"2"}
{"level":"error","ts":1779011795.6470728,"msg":"health_check_failed","server":"1","url":"http://localhost:3000","fail_count":32,"latency":0.0050219,"error":"Get \"http://localhost:3000/health\": dial tcp [::1]:3000: connectex: No connection could be made because the target machine actively refused it."}
{"level":"error","ts":1779011795.6470728,"msg":"server_marked_unhealthy","server":"1","fail_count":32}
{"level":"info","ts":1779011796.6720984,"msg":"health_check_started","server":"3"}
{"level":"info","ts":1779011796.6720984,"msg":"health_check_started","server":"1"}
{"level":"info","ts":1779011796.6720984,"msg":"health_check_started","server":"2"}
{"level":"info","ts":1779011800.6727111,"msg":"health_check_started","server":"1"}
{"level":"info","ts":1779011800.6727111,"msg":"health_check_started","server":"3"}
{"level":"info","ts":1779011800.6727111,"msg":"health_check_started","server":"2"}
{"level":"info","ts":1779011804.6724858,"msg":"health_check_started","server":"3"}
{"level":"info","ts":1779011804.6724858,"msg":"health_check_started","server":"1"}
{"level":"info","ts":1779011804.6724858,"msg":"health_check_started","server":"2"}
{"level":"error","ts":1779011804.7247128,"msg":"health_check_failed","server":"3","url":"http://localhost:3002","fail_count":35,"latency":0.0050219,"error":"Get \"http://localhost:3002/health\": dial tcp [::1]:3002: connectex: No connection could be made because the target machine actively refused it."}
{"level":"error","ts":1779011804.7252607,"msg":"server_marked_unhealthy","server":"3","fail_count":35}
{"level":"info","ts":1779011808.6717904,"msg":"health_check_started","server":"3"}
{"level":"info","ts":1779011808.6717904,"msg":"health_check_started","server":"1"}
{"level":"info","ts":1779011808.6717904,"msg":"health_check_started","server":"2"}
{"level":"info","ts":1779011812.672117,"msg":"health_check_started","server":"3"}
{"level":"info","ts":1779011812.672117,"msg":"health_check_started","server":"1"}
{"level":"info","ts":1779011812.672117,"msg":"health_check_started","server":"2"}
{"level":"error","ts":1779011812.762236,"msg":"health_check_failed","server":"2","url":"http://localhost:3001","fail_count":37,"latency":0.0050219,"error":"Get \"http://localhost:3001/health\": dial tcp [::1]:3001: connectex: No connection could be made because the target machine actively refused it."}
{"level":"error","ts":1779011812.7628174,"msg":"server_marked_unhealthy","server":"2","fail_count":37}
{"level":"info","ts":1779011816.6719363,"msg":"health_check_started","server":"3"}
{"level":"info","ts":1779011816.6719363,"msg":"health_check_started","server":"2"}
{"level":"info","ts":1779011816.6719363,"msg":"health_check_started","server":"1"}
{"level":"info","ts":1779011820.672009,"msg":"health_check_started","server":"3"}
{"level":"info","ts":1779011820.672009,"msg":"health_check_started","server":"1"}
{"level":"info","ts":1779011820.672009,"msg":"health_check_started","server":"2"}
{"level":"error","ts":1779011821.4126372,"msg":"health_check_failed","server":"2","url":"http://localhost:3001","fail_count":39,"latency":0.0016226,"error":"Get \"http://localhost:3001/health\": dial tcp [::1]:3001: connectex: No connection could be made because the target machine actively refused it."}
{"level":"error","ts":1779011821.4126372,"msg":"server_marked_unhealthy","server":"2","fail_count":39}
{"level":"info","ts":1779011824.672266,"msg":"health_check_started","server":"3"}
{"level":"info","ts":1779011824.672266,"msg":"health_check_started","server":"1"}
{"level":"info","ts":1779011824.672266,"msg":"health_check_started","server":"2"}
{"level":"info","ts":1779011828.6719441,"msg":"health_check_started","server":"3"}
{"level":"info","ts":1779011828.6719441,"msg":"health_check_started","server":"1"}
{"level":"info","ts":1779011828.6719441,"msg":"health_check_started","server":"2"}
{"level":"error","ts":1779011829.7799096,"msg":"health_check_failed","server":"1","url":"http://localhost:3000","fail_count":41,"latency":0.0016226,"error":"Get \"http://localhost:3000/health\": dial tcp [::1]:3000: connectex: No connection could be made because the target machine actively refused it."}
{"level":"error","ts":1779011829.7799096,"msg":"server_marked_unhealthy","server":"1","fail_count":41}
{"level":"info","ts":1779011832.6718802,"msg":"health_check_started","server":"3"}
{"level":"info","ts":1779011832.6718802,"msg":"health_check_started","server":"1"}
{"level":"info","ts":1779011832.6718802,"msg":"health_check_started","server":"2"}
{"level":"info","ts":1779011836.6723363,"msg":"health_check_started","server":"1"}
{"level":"info","ts":1779011836.6723363,"msg":"health_check_started","server":"3"}
{"level":"info","ts":1779011836.6723363,"msg":"health_check_started","server":"2"}
{"level":"error","ts":1779011838.254864,"msg":"health_check_failed","server":"3","url":"http://localhost:3002","fail_count":43,"latency":0.0016226,"error":"Get \"http://localhost:3002/health\": dial tcp [::1]:3002: connectex: No connection could be made because the target machine actively refused it."}
{"level":"error","ts":1779011838.2554345,"msg":"server_marked_unhealthy","server":"3","fail_count":43}
{"level":"info","ts":1779011840.6717913,"msg":"health_check_started","server":"1"}
{"level":"info","ts":1779011840.6717913,"msg":"health_check_started","server":"3"}
{"level":"info","ts":1779011840.6717913,"msg":"health_check_started","server":"2"}
{"level":"info","ts":1779011844.6720605,"msg":"health_check_started","server":"3"}
{"level":"info","ts":1779011844.6720605,"msg":"health_check_started","server":"1"}
{"level":"info","ts":1779011844.6720605,"msg":"health_check_started","server":"2"}
{"level":"error","ts":1779011848.0004444,"msg":"health_check_failed","server":"2","url":"http://localhost:3001","fail_count":45,"latency":0.0052149,"error":"Get \"http://localhost:3001/health\": dial tcp [::1]:3001: connectex: No connection could be made because the target machine actively refused it."}
{"level":"error","ts":1779011848.0011086,"msg":"server_marked_unhealthy","server":"2","fail_count":45}
{"level":"info","ts":1779011848.6718278,"msg":"health_check_started","server":"3"}
{"level":"info","ts":1779011848.6718278,"msg":"health_check_started","server":"1"}
{"level":"info","ts":1779011848.6718278,"msg":"health_check_started","server":"2"}
{"level":"info","ts":1779011852.672001,"msg":"health_check_started","server":"3"}
{"level":"info","ts":1779011852.672001,"msg":"health_check_started","server":"1"}
{"level":"info","ts":1779011852.672001,"msg":"health_check_started","server":"2"}
{"level":"info","ts":1779011856.6725864,"msg":"health_check_started","server":"3"}
{"level":"info","ts":1779011856.6725864,"msg":"health_check_started","server":"1"}
{"level":"info","ts":1779011856.6725864,"msg":"health_check_started","server":"2"}
{"level":"error","ts":1779011858.9604461,"msg":"health_check_failed","server":"1","url":"http://localhost:3000","fail_count":48,"latency":0.0052149,"error":"Get \"http://localhost:3000/health\": dial tcp [::1]:3000: connectex: No connection could be made because the target machine actively refused it."}
{"level":"error","ts":1779011858.9604461,"msg":"server_marked_unhealthy","server":"1","fail_count":48}
{"level":"info","ts":1779011860.671897,"msg":"health_check_started","server":"3"}
{"level":"info","ts":1779011860.671897,"msg":"health_check_started","server":"1"}
{"level":"info","ts":1779011860.671897,"msg":"health_check_started","server":"2"}
{"level":"info","ts":1779011864.672042,"msg":"health_check_started","server":"3"}
{"level":"info","ts":1779011864.672042,"msg":"health_check_started","server":"1"}
{"level":"info","ts":1779011864.672042,"msg":"health_check_started","server":"2"}
{"level":"info","ts":1779011868.6723335,"msg":"health_check_started","server":"3"}
{"level":"info","ts":1779011868.6723335,"msg":"health_check_started","server":"1"}
{"level":"info","ts":1779011868.6723335,"msg":"health_check_started","server":"2"}
{"level":"error","ts":1779011870.316765,"msg":"health_check_failed","server":"3","url":"http://localhost:3002","fail_count":51,"latency":0.0052149,"error":"Get \"http://localhost:3002/health\": dial tcp [::1]:3002: connectex: No connection could be made because the target machine actively refused it."}
{"level":"error","ts":1779011870.316765,"msg":"server_marked_unhealthy","server":"3","fail_count":51}
{"level":"info","ts":1779011872.6718478,"msg":"health_check_started","server":"1"}
{"level":"info","ts":1779011872.6718478,"msg":"health_check_started","server":"3"}
{"level":"info","ts":1779011872.6718478,"msg":"health_check_started","server":"2"}
{"level":"info","ts":1779011876.672703,"msg":"health_check_started","server":"3"}
{"level":"info","ts":1779011876.672703,"msg":"health_check_started","server":"1"}
{"level":"info","ts":1779011876.672703,"msg":"health_check_started","server":"2"}
{"level":"error","ts":1779011879.367887,"msg":"health_check_failed","server":"2","url":"http://localhost:3001","fail_count":53,"latency":0.0010314,"error":"Get \"http://localhost:3001/health\": dial tcp [::1]:3001: connectex: No connection could be made because the target machine actively refused it."}
{"level":"error","ts":1779011879.367887,"msg":"server_marked_unhealthy","server":"2","fail_count":53}
{"level":"info","ts":1779011880.6724384,"msg":"health_check_started","server":"3"}
{"level":"info","ts":1779011880.6724384,"msg":"health_check_started","server":"2"}
{"level":"info","ts":1779011880.6724384,"msg":"health_check_started","server":"1"}
{"level":"info","ts":1779011884.6724794,"msg":"health_check_started","server":"3"}
{"level":"info","ts":1779011884.6724794,"msg":"health_check_started","server":"1"}
{"level":"info","ts":1779011884.6724794,"msg":"health_check_started","server":"2"}
{"level":"error","ts":1779011887.9691362,"msg":"health_check_failed","server":"3","url":"http://localhost:3002","fail_count":55,"latency":0.0010314,"error":"Get \"http://localhost:3002/health\": dial tcp [::1]:3002: connectex: No connection could be made because the target machine actively refused it."}
{"level":"error","ts":1779011887.9691362,"msg":"server_marked_unhealthy","server":"3","fail_count":55}
{"level":"info","ts":1779011888.67235,"msg":"health_check_started","server":"3"}
{"level":"info","ts":1779011888.67235,"msg":"health_check_started","server":"1"}
{"level":"info","ts":1779011888.67235,"msg":"health_check_started","server":"2"}
{"level":"info","ts":1779011892.671729,"msg":"health_check_started","server":"1"}
{"level":"info","ts":1779011892.671729,"msg":"health_check_started","server":"2"}
{"level":"info","ts":1779011892.671729,"msg":"health_check_started","server":"3"}
{"level":"info","ts":1779011896.6729434,"msg":"health_check_started","server":"1"}
{"level":"info","ts":1779011896.6729434,"msg":"health_check_started","server":"3"}
{"level":"info","ts":1779011896.6729434,"msg":"health_check_started","server":"2"}
{"level":"error","ts":1779011896.7734528,"msg":"health_check_failed","server":"1","url":"http://localhost:3000","fail_count":58,"latency":0.0010314,"error":"Get \"http://localhost:3000/health\": dial tcp [::1]:3000: connectex: No connection could be made because the target machine actively refused it."}
{"level":"error","ts":1779011896.7734528,"msg":"server_marked_unhealthy","server":"1","fail_count":58}
{"level":"info","ts":1779011900.6718373,"msg":"health_check_started","server":"3"}
{"level":"info","ts":1779011900.6718373,"msg":"health_check_started","server":"2"}
{"level":"info","ts":1779011900.6718373,"msg":"health_check_started","server":"1"}
{"level":"info","ts":1779011904.67183,"msg":"health_check_started","server":"1"}
{"level":"info","ts":1779011904.67183,"msg":"health_check_started","server":"3"}
{"level":"info","ts":1779011904.67183,"msg":"health_check_started","server":"2"}
{"level":"error","ts":1779011905.3753018,"msg":"health_check_failed","server":"1","url":"http://localhost:3000","fail_count":60,"latency":0.0044538,"error":"Get \"http://localhost:3000/health\": dial tcp [::1]:3000: connectex: No connection could be made because the target machine actively refused it."}
{"level":"error","ts":1779011905.3758235,"msg":"server_marked_unhealthy","server":"1","fail_count":60}
{"level":"info","ts":1779011908.6725454,"msg":"health_check_started","server":"3"}
{"level":"info","ts":1779011908.6725454,"msg":"health_check_started","server":"1"}
{"level":"info","ts":1779011908.6725454,"msg":"health_check_started","server":"2"}
{"level":"info","ts":1779011912.6721787,"msg":"health_check_started","server":"3"}
{"level":"info","ts":1779011912.6721787,"msg":"health_check_started","server":"1"}
{"level":"info","ts":1779011912.6721787,"msg":"health_check_started","server":"2"}
{"level":"error","ts":1779011915.6961284,"msg":"health_check_failed","server":"3","url":"http://localhost:3002","fail_count":62,"latency":0.0044538,"error":"Get \"http://localhost:3002/health\": dial tcp [::1]:3002: connectex: No connection could be made because the target machine actively refused it."}
{"level":"error","ts":1779011915.6961284,"msg":"server_marked_unhealthy","server":"3","fail_count":62}
{"level":"info","ts":1779011916.672022,"msg":"health_check_started","server":"3"}
{"level":"info","ts":1779011916.672022,"msg":"health_check_started","server":"1"}
{"level":"info","ts":1779011916.672022,"msg":"health_check_started","server":"2"}
{"level":"info","ts":1779011920.6723456,"msg":"health_check_started","server":"3"}
{"level":"info","ts":1779011920.6723456,"msg":"health_check_started","server":"1"}
{"level":"info","ts":1779011920.6723456,"msg":"health_check_started","server":"2"}
{"level":"info","ts":1779011924.6720479,"msg":"health_check_started","server":"3"}
{"level":"info","ts":1779011924.6720479,"msg":"health_check_started","server":"1"}
{"level":"info","ts":1779011924.6720479,"msg":"health_check_started","server":"2"}
{"level":"error","ts":1779011925.494503,"msg":"health_check_failed","server":"2","url":"http://localhost:3001","fail_count":65,"latency":0.0044538,"error":"Get \"http://localhost:3001/health\": dial tcp [::1]:3001: connectex: No connection could be made because the target machine actively refused it."}
{"level":"error","ts":1779011925.494503,"msg":"server_marked_unhealthy","server":"2","fail_count":65}
{"level":"info","ts":1779011928.6720405,"msg":"health_check_started","server":"3"}
{"level":"info","ts":1779011928.6720405,"msg":"health_check_started","server":"1"}
{"level":"info","ts":1779011928.6720405,"msg":"health_check_started","server":"2"}
{"level":"info","ts":1779011932.6722302,"msg":"health_check_started","server":"3"}
{"level":"info","ts":1779011932.6722302,"msg":"health_check_started","server":"1"}
{"level":"info","ts":1779011932.6722302,"msg":"health_check_started","server":"2"}
{"level":"error","ts":1779011935.4438882,"msg":"health_check_failed","server":"1","url":"http://localhost:3000","fail_count":67,"latency":0.0018296,"error":"Get \"http://localhost:3000/health\": dial tcp [::1]:3000: connectex: No connection could be made because the target machine actively refused it."}
{"level":"error","ts":1779011935.4438882,"msg":"server_marked_unhealthy","server":"1","fail_count":67}
{"level":"info","ts":1779011936.6717665,"msg":"health_check_started","server":"3"}
{"level":"info","ts":1779011936.6717665,"msg":"health_check_started","server":"1"}
{"level":"info","ts":1779011936.6717665,"msg":"health_check_started","server":"2"}
{"level":"info","ts":1779011940.6723592,"msg":"health_check_started","server":"3"}
{"level":"info","ts":1779011940.6723592,"msg":"health_check_started","server":"1"}
{"level":"info","ts":1779011940.6723592,"msg":"health_check_started","server":"2"}
{"level":"error","ts":1779011944.5904589,"msg":"health_check_failed","server":"3","url":"http://localhost:3002","fail_count":69,"latency":0.0018296,"error":"Get \"http://localhost:3002/health\": dial tcp [::1]:3002: connectex: No connection could be made because the target machine actively refused it."}
{"level":"error","ts":1779011944.5904589,"msg":"server_marked_unhealthy","server":"3","fail_count":69}
{"level":"info","ts":1779011944.6720607,"msg":"health_check_started","server":"3"}
{"level":"info","ts":1779011944.6720607,"msg":"health_check_started","server":"1"}
{"level":"info","ts":1779011944.6720607,"msg":"health_check_started","server":"2"}
{"level":"info","ts":1779011948.672088,"msg":"health_check_started","server":"3"}
{"level":"info","ts":1779011948.672088,"msg":"health_check_started","server":"2"}
{"level":"info","ts":1779011948.672088,"msg":"health_check_started","server":"1"}
{"level":"info","ts":1779011952.6723325,"msg":"health_check_started","server":"3"}
{"level":"info","ts":1779011952.6723325,"msg":"health_check_started","server":"1"}
{"level":"info","ts":1779011952.6726594,"msg":"health_check_started","server":"2"}
{"level":"error","ts":1779011954.2838666,"msg":"health_check_failed","server":"2","url":"http://localhost:3001","fail_count":72,"latency":0.0018296,"error":"Get \"http://localhost:3001/health\": dial tcp [::1]:3001: connectex: No connection could be made because the target machine actively refused it."}
{"level":"error","ts":1779011954.2838666,"msg":"server_marked_unhealthy","server":"2","fail_count":72}
{"level":"info","ts":1779011956.6720502,"msg":"health_check_started","server":"3"}
{"level":"info","ts":1779011956.6720502,"msg":"health_check_started","server":"1"}
{"level":"info","ts":1779011956.6720502,"msg":"health_check_started","server":"2"}
{"level":"info","ts":1779011960.671743,"msg":"health_check_started","server":"3"}
{"level":"info","ts":1779011960.671743,"msg":"health_check_started","server":"1"}
{"level":"info","ts":1779011960.671743,"msg":"health_check_started","server":"2"}
{"level":"error","ts":1779011964.2527466,"msg":"health_check_failed","server":"3","url":"http://localhost:3002","fail_count":74,"latency":0.0057549,"error":"Get \"http://localhost:3002/health\": dial tcp [::1]:3002: connectex: No connection could be made because the target machine actively refused it."}
{"level":"error","ts":1779011964.2527466,"msg":"server_marked_unhealthy","server":"3","fail_count":74}
{"level":"info","ts":1779011964.6723552,"msg":"health_check_started","server":"3"}
{"level":"info","ts":1779011964.6723552,"msg":"health_check_started","server":"1"}
{"level":"info","ts":1779011964.6723552,"msg":"health_check_started","server":"2"}
{"level":"info","ts":1779011978.518105,"msg":"Load balancer started"}
{"level":"info","ts":1779011982.518591,"msg":"health_check_started","server":"3"}
{"level":"info","ts":1779011982.518591,"msg":"health_check_started","server":"1"}
{"level":"info","ts":1779011982.518591,"msg":"health_check_started","server":"2"}
{"level":"error","ts":1779011982.5302908,"msg":"health_check_failed","server":"3","url":"http://localhost:3002","fail_count":1,"latency":0.0116998,"error":"Get \"http://localhost:3002/health\": dial tcp [::1]:3002: connectex: No connection could be made because the target machine actively refused it."}
{"level":"error","ts":1779011982.5302908,"msg":"health_check_failed","server":"1","url":"http://localhost:3000","fail_count":1,"latency":0.0116998,"error":"Get \"http://localhost:3000/health\": dial tcp [::1]:3000: connectex: No connection could be made because the target machine actively refused it."}
{"level":"error","ts":1779011982.5302908,"msg":"health_check_failed","server":"2","url":"http://localhost:3001","fail_count":1,"latency":0.0116998,"error":"Get \"http://localhost:3001/health\": dial tcp [::1]:3001: connectex: No connection could be made because the target machine actively refused it."}
{"level":"info","ts":1779011986.5181804,"msg":"health_check_started","server":"3"}
{"level":"info","ts":1779011986.5181804,"msg":"health_check_started","server":"1"}
{"level":"info","ts":1779011986.5181804,"msg":"health_check_started","server":"2"}
{"level":"error","ts":1779011986.5196276,"msg":"health_check_failed","server":"1","url":"http://localhost:3000","fail_count":2,"latency":0.0014471,"error":"Get \"http://localhost:3000/health\": dial tcp [::1]:3000: connectex: No connection could be made because the target machine actively refused it."}
{"level":"error","ts":1779011986.5196276,"msg":"health_check_failed","server":"2","url":"http://localhost:3001","fail_count":2,"latency":0.0014471,"error":"Get \"http://localhost:3001/health\": dial tcp [::1]:3001: connectex: No connection could be made because the target machine actively refused it."}
{"level":"error","ts":1779011986.5196276,"msg":"health_check_failed","server":"3","url":"http://localhost:3002","fail_count":2,"latency":0.0014471,"error":"Get \"http://localhost:3002/health\": dial tcp [::1]:3002: connectex: No connection could be made because the target machine actively refused it."}
{"level":"info","ts":1779011990.518464,"msg":"health_check_started","server":"3"}
{"level":"info","ts":1779011990.518464,"msg":"health_check_started","server":"1"}
{"level":"info","ts":1779011990.518464,"msg":"health_check_started","server":"2"}
{"level":"error","ts":1779011990.5249274,"msg":"health_check_failed","server":"3","url":"http://localhost:3002","fail_count":3,"latency":0.0064636,"error":"Get \"http://localhost:3002/health\": dial tcp [::1]:3002: connectex: No connection could be made because the target machine actively refused it."}
{"level":"error","ts":1779011990.5249274,"msg":"health_check_failed","server":"1","url":"http://localhost:3000","fail_count":3,"latency":0.0064636,"error":"Get \"http://localhost:3000/health\": dial tcp [::1]:3000: connectex: No connection could be made because the target machine actively refused it."}
{"level":"error","ts":1779011990.5255566,"msg":"health_check_failed","server":"2","url":"http://localhost:3001","fail_count":3,"latency":0.0070927,"error":"Get \"http://localhost:3001/health\": dial tcp [::1]:3001: connectex: No connection could be made because the target machine actively refused it."}
{"level":"info","ts":1779011994.5186007,"msg":"health_check_started","server":"3"}
{"level":"info","ts":1779011994.5186007,"msg":"health_check_started","server":"2"}
{"level":"info","ts":1779011994.5186007,"msg":"health_check_started","server":"1"}
{"level":"error","ts":1779011994.5198948,"msg":"health_check_failed","server":"1","url":"http://localhost:3000","fail_count":4,"latency":0.0012943,"error":"Get \"http://localhost:3000/health\": dial tcp [::1]:3000: connectex: No connection could be made because the target machine actively refused it."}
{"level":"error","ts":1779011994.5198948,"msg":"health_check_failed","server":"3","url":"http://localhost:3002","fail_count":4,"latency":0.0012943,"error":"Get \"http://localhost:3002/health\": dial tcp [::1]:3002: connectex: No connection could be made because the target machine actively refused it."}
{"level":"error","ts":1779011994.5198948,"msg":"health_check_failed","server":"2","url":"http://localhost:3001","fail_count":4,"latency":0.0012943,"error":"Get \"http://localhost:3001/health\": dial tcp [::1]:3001: connectex: No connection could be made because the target machine actively refused it."}
{"level":"info","ts":1779011998.518988,"msg":"health_check_started","server":"3"}
{"level":"info","ts":1779011998.518988,"msg":"health_check_started","server":"1"}
{"level":"info","ts":1779011998.518988,"msg":"health_check_started","server":"2"}
{"level":"error","ts":1779011998.5245926,"msg":"health_check_failed","server":"2","url":"http://localhost:3001","fail_count":5,"latency":0.0056048,"error":"Get \"http://localhost:3001/health\": dial tcp [::1]:3001: connectex: No connection could be made because the target machine actively refused it."}
{"level":"error","ts":1779011998.5245926,"msg":"health_check_failed","server":"1","url":"http://localhost:3000","fail_count":5,"latency":0.0056048,"error":"Get \"http://localhost:3000/health\": dial tcp [::1]:3000: connectex: No connection could be made because the target machine actively refused it."}
{"level":"error","ts":1779011998.5245926,"msg":"health_check_failed","server":"3","url":"http://localhost:3002","fail_count":5,"latency":0.0056048,"error":"Get \"http://localhost:3002/health\": dial tcp [::1]:3002: connectex: No connection could be made because the target machine actively refused it."}
{"level":"info","ts":1779012002.5185041,"msg":"health_check_started","server":"3"}
{"level":"info","ts":1779012002.5185041,"msg":"health_check_started","server":"2"}
{"level":"info","ts":1779012002.5185041,"msg":"health_check_started","server":"1"}
{"level":"error","ts":1779012002.519551,"msg":"health_check_failed","server":"1","url":"http://localhost:3000","fail_count":6,"latency":0.001047,"error":"Get \"http://localhost:3000/health\": dial tcp [::1]:3000: connectex: No connection could be made because the target machine actively refused it."}
{"level":"error","ts":1779012002.519551,"msg":"health_check_failed","server":"2","url":"http://localhost:3001","fail_count":6,"latency":0.001047,"error":"Get \"http://localhost:3001/health\": dial tcp [::1]:3001: connectex: No connection could be made because the target machine actively refused it."}
{"level":"error","ts":1779012002.519551,"msg":"health_check_failed","server":"3","url":"http://localhost:3002","fail_count":6,"latency":0.001047,"error":"Get \"http://localhost:3002/health\": dial tcp [::1]:3002: connectex: No connection could be made because the target machine actively refused it."}
{"level":"error","ts":1779012003.321867,"msg":"server_marked_unhealthy","server":"1","fail_count":6}
{"level":"info","ts":1779012006.5183077,"msg":"health_check_started","server":"3"}
{"level":"info","ts":1779012006.5183077,"msg":"health_check_started","server":"1"}
{"level":"info","ts":1779012006.5183077,"msg":"health_check_started","server":"2"}
{"level":"error","ts":1779012006.5231209,"msg":"health_check_failed","server":"2","url":"http://localhost:3001","fail_count":7,"latency":0.0048132,"error":"Get \"http://localhost:3001/health\": dial tcp [::1]:3001: connectex: No connection could be made because the target machine actively refused it."}
{"level":"error","ts":1779012006.5231209,"msg":"health_check_failed","server":"3","url":"http://localhost:3002","fail_count":7,"latency":0.0048132,"error":"Get \"http://localhost:3002/health\": dial tcp [::1]:3002: connectex: No connection could be made because the target machine actively refused it."}
{"level":"error","ts":1779012006.5231209,"msg":"health_check_failed","server":"1","url":"http://localhost:3000","fail_count":7,"latency":0.0048132,"error":"Get \"http://localhost:3000/health\": dial tcp [::1]:3000: connectex: No connection could be made because the target machine actively refused it."}
{"level":"info","ts":1779012010.5185344,"msg":"health_check_started","server":"3"}
{"level":"info","ts":1779012010.5185344,"msg":"health_check_started","server":"2"}
{"level":"info","ts":1779012010.5185344,"msg":"health_check_started","server":"1"}
{"level":"error","ts":1779012010.5203533,"msg":"health_check_failed","server":"1","url":"http://localhost:3000","fail_count":8,"latency":0.0018189,"error":"Get \"http://localhost:3000/health\": dial tcp [::1]:3000: connectex: No connection could be made because the target machine actively refused it."}
{"level":"error","ts":1779012010.5203533,"msg":"health_check_failed","server":"3","url":"http://localhost:3002","fail_count":8,"latency":0.0018189,"error":"Get \"http://localhost:3002/health\": dial tcp [::1]:3002: connectex: No connection could be made because the target machine actively refused it."}
{"level":"error","ts":1779012010.5203533,"msg":"health_check_failed","server":"2","url":"http://localhost:3001","fail_count":8,"latency":0.0018189,"error":"Get \"http://localhost:3001/health\": dial tcp [::1]:3001: connectex: No connection could be made because the target machine actively refused it."}
{"level":"error","ts":1779012013.090687,"msg":"server_marked_unhealthy","server":"2","fail_count":8}
{"level":"info","ts":1779012014.5185163,"msg":"health_check_started","server":"3"}
{"level":"info","ts":1779012014.5185163,"msg":"health_check_started","server":"1"}
{"level":"info","ts":1779012014.5185163,"msg":"health_check_started","server":"2"}
{"level":"error","ts":1779012014.5244899,"msg":"health_check_failed","server":"2","url":"http://localhost:3001","fail_count":9,"latency":0.0059737,"error":"Get \"http://localhost:3001/health\": dial tcp [::1]:3001: connectex: No connection could be made because the target machine actively refused it."}
{"level":"error","ts":1779012014.5244899,"msg":"health_check_failed","server":"1","url":"http://localhost:3000","fail_count":9,"latency":0.0059737,"error":"Get \"http://localhost:3000/health\": dial tcp [::1]:3000: connectex: No connection could be made because the target machine actively refused it."}
{"level":"error","ts":1779012014.5244899,"msg":"health_check_failed","server":"3","url":"http://localhost:3002","fail_count":9,"latency":0.0059737,"error":"Get \"http://localhost:3002/health\": dial tcp [::1]:3002: connectex: No connection could be made because the target machine actively refused it."}
{"level":"info","ts":1779012018.518699,"msg":"health_check_started","server":"3"}
{"level":"info","ts":1779012018.518699,"msg":"health_check_started","server":"1"}
{"level":"info","ts":1779012018.518699,"msg":"health_check_started","server":"2"}
{"level":"error","ts":1779012018.5198333,"msg":"health_check_failed","server":"2","url":"http://localhost:3001","fail_count":10,"latency":0.0011344,"error":"Get \"http://localhost:3001/health\": dial tcp [::1]:3001: connectex: No connection could be made because the target machine actively refused it."}
{"level":"error","ts":1779012018.5198333,"msg":"health_check_failed","server":"3","url":"http://localhost:3002","fail_count":10,"latency":0.0011344,"error":"Get \"http://localhost:3002/health\": dial tcp [::1]:3002: connectex: No connection could be made because the target machine actively refused it."}
{"level":"error","ts":1779012018.5198333,"msg":"health_check_failed","server":"1","url":"http://localhost:3000","fail_count":10,"latency":0.0011344,"error":"Get \"http://localhost:3000/health\": dial tcp [::1]:3000: connectex: No connection could be made because the target machine actively refused it."}
{"level":"info","ts":1779012022.5192366,"msg":"health_check_started","server":"1"}
{"level":"info","ts":1779012022.5192366,"msg":"health_check_started","server":"3"}
{"level":"info","ts":1779012022.5192366,"msg":"health_check_started","server":"2"}
{"level":"error","ts":1779012022.5230615,"msg":"health_check_failed","server":"1","url":"http://localhost:3000","fail_count":11,"latency":0.0038248,"error":"Get \"http://localhost:3000/health\": dial tcp [::1]:3000: connectex: No connection could be made because the target machine actively refused it."}
{"level":"error","ts":1779012022.5230615,"msg":"health_check_failed","server":"3","url":"http://localhost:3002","fail_count":11,"latency":0.0038248,"error":"Get \"http://localhost:3002/health\": dial tcp [::1]:3002: connectex: No connection could be made because the target machine actively refused it."}
{"level":"error","ts":1779012022.5230615,"msg":"health_check_failed","server":"2","url":"http://localhost:3001","fail_count":11,"latency":0.0038248,"error":"Get \"http://localhost:3001/health\": dial tcp [::1]:3001: connectex: No connection could be made because the target machine actively refused it."}
{"level":"error","ts":1779012024.6318405,"msg":"server_marked_unhealthy","server":"3","fail_count":11}
{"level":"info","ts":1779012026.5184643,"msg":"health_check_started","server":"3"}
{"level":"info","ts":1779012026.5184643,"msg":"health_check_started","server":"2"}
{"level":"info","ts":1779012026.5184643,"msg":"health_check_started","server":"1"}
{"level":"error","ts":1779012026.5198293,"msg":"health_check_failed","server":"1","url":"http://localhost:3000","fail_count":12,"latency":0.001365,"error":"Get \"http://localhost:3000/health\": dial tcp [::1]:3000: connectex: No connection could be made because the target machine actively refused it."}
{"level":"error","ts":1779012026.520374,"msg":"health_check_failed","server":"3","url":"http://localhost:3002","fail_count":12,"latency":0.0019096,"error":"Get \"http://localhost:3002/health\": dial tcp [::1]:3002: connectex: No connection could be made because the target machine actively refused it."}
{"level":"error","ts":1779012026.520374,"msg":"health_check_failed","server":"2","url":"http://localhost:3001","fail_count":12,"latency":0.0019096,"error":"Get \"http://localhost:3001/health\": dial tcp [::1]:3001: connectex: No connection could be made because the target machine actively refused it."}
{"level":"info","ts":1779012030.5183065,"msg":"health_check_started","server":"3"}
{"level":"info","ts":1779012030.5183065,"msg":"health_check_started","server":"1"}
{"level":"info","ts":1779012030.5183065,"msg":"health_check_started","server":"2"}
{"level":"error","ts":1779012030.5229077,"msg":"health_check_failed","server":"2","url":"http://localhost:3001","fail_count":13,"latency":0.0046012,"error":"Get \"http://localhost:3001/health\": dial tcp [::1]:3001: connectex: No connection could be made because the target machine actively refused it."}
{"level":"error","ts":1779012030.5229077,"msg":"health_check_failed","server":"3","url":"http://localhost:3002","fail_count":13,"latency":0.0046012,"error":"Get \"http://localhost:3002/health\": dial tcp [::1]:3002: connectex: No connection could be made because the target machine actively refused it."}
{"level":"error","ts":1779012030.5229077,"msg":"health_check_failed","server":"1","url":"http://localhost:3000","fail_count":13,"latency":0.0046012,"error":"Get \"http://localhost:3000/health\": dial tcp [::1]:3000: connectex: No connection could be made because the target machine actively refused it."}
{"level":"info","ts":1779012034.51813,"msg":"health_check_started","server":"1"}
{"level":"info","ts":1779012034.51813,"msg":"health_check_started","server":"3"}
{"level":"info","ts":1779012034.51813,"msg":"health_check_started","server":"2"}
{"level":"error","ts":1779012034.5198426,"msg":"health_check_failed","server":"3","url":"http://localhost:3002","fail_count":14,"latency":0.0017123,"error":"Get \"http://localhost:3002/health\": dial tcp [::1]:3002: connectex: No connection could be made because the target machine actively refused it."}
{"level":"error","ts":1779012034.5198426,"msg":"health_check_failed","server":"1","url":"http://localhost:3000","fail_count":14,"latency":0.0017123,"error":"Get \"http://localhost:3000/health\": dial tcp [::1]:3000: connectex: No connection could be made because the target machine actively refused it."}
{"level":"error","ts":1779012034.5198426,"msg":"health_check_failed","server":"2","url":"http://localhost:3001","fail_count":14,"latency":0.0017123,"error":"Get \"http://localhost:3001/health\": dial tcp [::1]:3001: connectex: No connection could be made because the target machine actively refused it."}
{"level":"error","ts":1779012034.7388792,"msg":"server_marked_unhealthy","server":"2","fail_count":14}
{"level":"info","ts":1779012038.5181587,"msg":"health_check_started","server":"3"}
{"level":"info","ts":1779012038.5181587,"msg":"health_check_started","server":"1"}
{"level":"info","ts":1779012038.5181587,"msg":"health_check_started","server":"2"}
{"level":"error","ts":1779012038.5226414,"msg":"health_check_failed","server":"2","url":"http://localhost:3001","fail_count":15,"latency":0.0044828,"error":"Get \"http://localhost:3001/health\": dial tcp [::1]:3001: connectex: No connection could be made because the target machine actively refused it."}
{"level":"error","ts":1779012038.5226414,"msg":"health_check_failed","server":"1","url":"http://localhost:3000","fail_count":15,"latency":0.0044828,"error":"Get \"http://localhost:3000/health\": dial tcp [::1]:3000: connectex: No connection could be made because the target machine actively refused it."}
{"level":"error","ts":1779012038.5226414,"msg":"health_check_failed","server":"3","url":"http://localhost:3002","fail_count":15,"latency":0.0044828,"error":"Get \"http://localhost:3002/health\": dial tcp [::1]:3002: connectex: No connection could be made because the target machine actively refused it."}
{"level":"info","ts":1779012042.5189967,"msg":"health_check_started","server":"3"}
{"level":"info","ts":1779012042.5189967,"msg":"health_check_started","server":"1"}
{"level":"info","ts":1779012042.5189967,"msg":"health_check_started","server":"2"}
{"level":"error","ts":1779012042.5202348,"msg":"health_check_failed","server":"3","url":"http://localhost:3002","fail_count":16,"latency":0.0012379,"error":"Get \"http://localhost:3002/health\": dial tcp [::1]:3002: connectex: No connection could be made because the target machine actively refused it."}
{"level":"error","ts":1779012042.5202348,"msg":"health_check_failed","server":"2","url":"http://localhost:3001","fail_count":16,"latency":0.0012379,"error":"Get \"http://localhost:3001/health\": dial tcp [::1]:3001: connectex: No connection could be made because the target machine actively refused it."}
{"level":"error","ts":1779012042.5202348,"msg":"health_check_failed","server":"1","url":"http://localhost:3000","fail_count":16,"latency":0.0012379,"error":"Get \"http://localhost:3000/health\": dial tcp [::1]:3000: connectex: No connection could be made because the target machine actively refused it."}
{"level":"error","ts":1779012043.7362888,"msg":"server_marked_unhealthy","server":"1","fail_count":16}
{"level":"info","ts":1779012046.518203,"msg":"health_check_started","server":"3"}
{"level":"info","ts":1779012046.518203,"msg":"health_check_started","server":"2"}
{"level":"info","ts":1779012046.518203,"msg":"health_check_started","server":"1"}
{"level":"error","ts":1779012046.5232704,"msg":"health_check_failed","server":"1","url":"http://localhost:3000","fail_count":17,"latency":0.0050673,"error":"Get \"http://localhost:3000/health\": dial tcp [::1]:3000: connectex: No connection could be made because the target machine actively refused it."}
{"level":"error","ts":1779012046.5232704,"msg":"health_check_failed","server":"3","url":"http://localhost:3002","fail_count":17,"latency":0.0050673,"error":"Get \"http://localhost:3002/health\": dial tcp [::1]:3002: connectex: No connection could be made because the target machine actively refused it."}
{"level":"error","ts":1779012046.523813,"msg":"health_check_failed","server":"2","url":"http://localhost:3001","fail_count":17,"latency":0.0056101,"error":"Get \"http://localhost:3001/health\": dial tcp [::1]:3001: connectex: No connection could be made because the target machine actively refused it."}
{"level":"info","ts":1779012050.5190053,"msg":"health_check_started","server":"3"}
{"level":"info","ts":1779012050.5190053,"msg":"health_check_started","server":"1"}
{"level":"info","ts":1779012050.5190053,"msg":"health_check_started","server":"2"}
{"level":"error","ts":1779012050.521308,"msg":"health_check_failed","server":"2","url":"http://localhost:3001","fail_count":18,"latency":0.0023027,"error":"Get \"http://localhost:3001/health\": dial tcp [::1]:3001: connectex: No connection could be made because the target machine actively refused it."}
{"level":"error","ts":1779012050.521308,"msg":"health_check_failed","server":"1","url":"http://localhost:3000","fail_count":18,"latency":0.0023027,"error":"Get \"http://localhost:3000/health\": dial tcp [::1]:3000: connectex: No connection could be made because the target machine actively refused it."}
{"level":"error","ts":1779012050.521308,"msg":"health_check_failed","server":"3","url":"http://localhost:3002","fail_count":18,"latency":0.0023027,"error":"Get \"http://localhost:3002/health\": dial tcp [::1]:3002: connectex: No connection could be made because the target machine actively refused it."}
{"level":"error","ts":1779012054.2793343,"msg":"server_marked_unhealthy","server":"3","fail_count":18}
{"level":"info","ts":1779012054.5183938,"msg":"health_check_started","server":"3"}
{"level":"info","ts":1779012054.5183938,"msg":"health_check_started","server":"1"}
{"level":"info","ts":1779012054.5183938,"msg":"health_check_started","server":"2"}
{"level":"error","ts":1779012054.5243912,"msg":"health_check_failed","server":"3","url":"http://localhost:3002","fail_count":19,"latency":0.0059973,"error":"Get \"http://localhost:3002/health\": dial tcp [::1]:3002: connectex: No connection could be made because the target machine actively refused it."}
{"level":"error","ts":1779012054.5243912,"msg":"health_check_failed","server":"1","url":"http://localhost:3000","fail_count":19,"latency":0.0059973,"error":"Get \"http://localhost:3000/health\": dial tcp [::1]:3000: connectex: No connection could be made because the target machine actively refused it."}
{"level":"error","ts":1779012054.5243912,"msg":"health_check_failed","server":"2","url":"http://localhost:3001","fail_count":19,"latency":0.0059973,"error":"Get \"http://localhost:3001/health\": dial tcp [::1]:3001: connectex: No connection could be made because the target machine actively refused it."}
{"level":"info","ts":1779012058.5183501,"msg":"health_check_started","server":"3"}
{"level":"info","ts":1779012058.5183501,"msg":"health_check_started","server":"1"}
{"level":"info","ts":1779012058.5183501,"msg":"health_check_started","server":"2"}
{"level":"error","ts":1779012058.5207663,"msg":"health_check_failed","server":"1","url":"http://localhost:3000","fail_count":20,"latency":0.002416,"error":"Get \"http://localhost:3000/health\": dial tcp [::1]:3000: connectex: No connection could be made because the target machine actively refused it."}
{"level":"error","ts":1779012058.5207663,"msg":"health_check_failed","server":"3","url":"http://localhost:3002","fail_count":20,"latency":0.002416,"error":"Get \"http://localhost:3002/health\": dial tcp [::1]:3002: connectex: No connection could be made because the target machine actively refused it."}
{"level":"error","ts":1779012058.5207663,"msg":"health_check_failed","server":"2","url":"http://localhost:3001","fail_count":20,"latency":0.002416,"error":"Get \"http://localhost:3001/health\": dial tcp [::1]:3001: connectex: No connection could be made because the target machine actively refused it."}
{"level":"info","ts":1779012062.518503,"msg":"health_check_started","server":"3"}
{"level":"info","ts":1779012062.518503,"msg":"health_check_started","server":"2"}
{"level":"info","ts":1779012062.518503,"msg":"health_check_started","server":"1"}
{"level":"error","ts":1779012062.5240622,"msg":"health_check_failed","server":"2","url":"http://localhost:3001","fail_count":21,"latency":0.0055595,"error":"Get \"http://localhost:3001/health\": dial tcp [::1]:3001: connectex: No connection could be made because the target machine actively refused it."}
{"level":"error","ts":1779012062.5234325,"msg":"health_check_failed","server":"1","url":"http://localhost:3000","fail_count":21,"latency":0.0049296,"error":"Get \"http://localhost:3000/health\": dial tcp [::1]:3000: connectex: No connection could be made because the target machine actively refused it."}
{"level":"error","ts":1779012062.5240622,"msg":"health_check_failed","server":"3","url":"http://localhost:3002","fail_count":21,"latency":0.0055595,"error":"Get \"http://localhost:3002/health\": dial tcp [::1]:3002: connectex: No connection could be made because the target machine actively refused it."}
{"level":"error","ts":1779012062.640253,"msg":"server_marked_unhealthy","server":"2","fail_count":21}
{"level":"info","ts":1779012066.5183804,"msg":"health_check_started","server":"3"}
{"level":"info","ts":1779012066.5183804,"msg":"health_check_started","server":"1"}
{"level":"info","ts":1779012066.5183804,"msg":"health_check_started","server":"2"}
{"level":"error","ts":1779012066.5198596,"msg":"health_check_failed","server":"3","url":"http://localhost:3002","fail_count":22,"latency":0.0014793,"error":"Get \"http://localhost:3002/health\": dial tcp [::1]:3002: connectex: No connection could be made because the target machine actively refused it."}
{"level":"error","ts":1779012066.5198596,"msg":"health_check_failed","server":"2","url":"http://localhost:3001","fail_count":22,"latency":0.0014793,"error":"Get \"http://localhost:3001/health\": dial tcp [::1]:3001: connectex: No connection could be made because the target machine actively refused it."}
{"level":"error","ts":1779012066.5198596,"msg":"health_check_failed","server":"1","url":"http://localhost:3000","fail_count":22,"latency":0.0014793,"error":"Get \"http://localhost:3000/health\": dial tcp [::1]:3000: connectex: No connection could be made because the target machine actively refused it."}
{"level":"info","ts":1779012070.5187032,"msg":"health_check_started","server":"3"}
{"level":"info","ts":1779012070.5187032,"msg":"health_check_started","server":"1"}
{"level":"info","ts":1779012070.5187032,"msg":"health_check_started","server":"2"}
{"level":"error","ts":1779012070.524237,"msg":"health_check_failed","server":"2","url":"http://localhost:3001","fail_count":23,"latency":0.0055336,"error":"Get \"http://localhost:3001/health\": dial tcp [::1]:3001: connectex: No connection could be made because the target machine actively refused it."}
{"level":"error","ts":1779012070.524237,"msg":"health_check_failed","server":"1","url":"http://localhost:3000","fail_count":23,"latency":0.0055336,"error":"Get \"http://localhost:3000/health\": dial tcp [::1]:3000: connectex: No connection could be made because the target machine actively refused it."}
{"level":"error","ts":1779012070.524237,"msg":"health_check_failed","server":"3","url":"http://localhost:3002","fail_count":23,"latency":0.0055336,"error":"Get \"http://localhost:3002/health\": dial tcp [::1]:3002: connectex: No connection could be made because the target machine actively refused it."}
{"level":"error","ts":1779012073.1166131,"msg":"server_marked_unhealthy","server":"3","fail_count":23}
{"level":"info","ts":1779012074.518139,"msg":"health_check_started","server":"1"}
{"level":"info","ts":1779012074.518139,"msg":"health_check_started","server":"3"}
{"level":"info","ts":1779012074.518139,"msg":"health_check_started","server":"2"}
{"level":"error","ts":1779012074.5193186,"msg":"health_check_failed","server":"2","url":"http://localhost:3001","fail_count":24,"latency":0.0011795,"error":"Get \"http://localhost:3001/health\": dial tcp [::1]:3001: connectex: No connection could be made because the target machine actively refused it."}
{"level":"error","ts":1779012074.5193186,"msg":"health_check_failed","server":"3","url":"http://localhost:3002","fail_count":24,"latency":0.0011795,"error":"Get \"http://localhost:3002/health\": dial tcp [::1]:3002: connectex: No connection could be made because the target machine actively refused it."}
{"level":"error","ts":1779012074.5193186,"msg":"health_check_failed","server":"1","url":"http://localhost:3000","fail_count":24,"latency":0.0011795,"error":"Get \"http://localhost:3000/health\": dial tcp [::1]:3000: connectex: No connection could be made because the target machine actively refused it."}
{"level":"info","ts":1779012078.5186186,"msg":"health_check_started","server":"3"}
{"level":"info","ts":1779012078.5186186,"msg":"health_check_started","server":"2"}
{"level":"info","ts":1779012078.5186186,"msg":"health_check_started","server":"1"}
{"level":"error","ts":1779012078.5226336,"msg":"health_check_failed","server":"3","url":"http://localhost:3002","fail_count":25,"latency":0.0040149,"error":"Get \"http://localhost:3002/health\": dial tcp [::1]:3002: connectex: No connection could be made because the target machine actively refused it."}
{"level":"error","ts":1779012078.5226336,"msg":"health_check_failed","server":"2","url":"http://localhost:3001","fail_count":25,"latency":0.0040149,"error":"Get \"http://localhost:3001/health\": dial tcp [::1]:3001: connectex: No connection could be made because the target machine actively refused it."}
{"level":"error","ts":1779012078.5226336,"msg":"health_check_failed","server":"1","url":"http://localhost:3000","fail_count":25,"latency":0.0040149,"error":"Get \"http://localhost:3000/health\": dial tcp [::1]:3000: connectex: No connection could be made because the target machine actively refused it."}
{"level":"info","ts":1779012082.5181906,"msg":"health_check_started","server":"3"}
{"level":"info","ts":1779012082.5181906,"msg":"health_check_started","server":"1"}
{"level":"info","ts":1779012082.5181906,"msg":"health_check_started","server":"2"}
{"level":"error","ts":1779012082.519239,"msg":"health_check_failed","server":"1","url":"http://localhost:3000","fail_count":26,"latency":0.0010483,"error":"Get \"http://localhost:3000/health\": dial tcp [::1]:3000: connectex: No connection could be made because the target machine actively refused it."}
{"level":"error","ts":1779012082.519239,"msg":"health_check_failed","server":"3","url":"http://localhost:3002","fail_count":26,"latency":0.0010483,"error":"Get \"http://localhost:3002/health\": dial tcp [::1]:3002: connectex: No connection could be made because the target machine actively refused it."}
{"level":"error","ts":1779012082.519239,"msg":"health_check_failed","server":"2","url":"http://localhost:3001","fail_count":26,"latency":0.0010483,"error":"Get \"http://localhost:3001/health\": dial tcp [::1]:3001: connectex: No connection could be made because the target machine actively refused it."}
{"level":"error","ts":1779012085.9988081,"msg":"server_marked_unhealthy","server":"1","fail_count":26}
{"level":"info","ts":1779012086.5186472,"msg":"health_check_started","server":"3"}
{"level":"info","ts":1779012086.5186472,"msg":"health_check_started","server":"1"}
{"level":"info","ts":1779012086.5186472,"msg":"health_check_started","server":"2"}
{"level":"error","ts":1779012086.5229464,"msg":"health_check_failed","server":"3","url":"http://localhost:3002","fail_count":27,"latency":0.004299,"error":"Get \"http://localhost:3002/health\": dial tcp [::1]:3002: connectex: No connection could be made because the target machine actively refused it."}
{"level":"error","ts":1779012086.5229464,"msg":"health_check_failed","server":"1","url":"http://localhost:3000","fail_count":27,"latency":0.004299,"error":"Get \"http://localhost:3000/health\": dial tcp [::1]:3000: connectex: No connection could be made because the target machine actively refused it."}
{"level":"error","ts":1779012086.5229464,"msg":"health_check_failed","server":"2","url":"http://localhost:3001","fail_count":27,"latency":0.004299,"error":"Get \"http://localhost:3001/health\": dial tcp [::1]:3001: connectex: No connection could be made because the target machine actively refused it."}
{"level":"info","ts":1779012090.518462,"msg":"health_check_started","server":"1"}
{"level":"info","ts":1779012090.518462,"msg":"health_check_started","server":"3"}
{"level":"info","ts":1779012090.518462,"msg":"health_check_started","server":"2"}
{"level":"error","ts":1779012090.5197754,"msg":"health_check_failed","server":"2","url":"http://localhost:3001","fail_count":28,"latency":0.0013136,"error":"Get \"http://localhost:3001/health\": dial tcp [::1]:3001: connectex: No connection could be made because the target machine actively refused it."}
{"level":"error","ts":1779012090.5197754,"msg":"health_check_failed","server":"3","url":"http://localhost:3002","fail_count":28,"latency":0.0013136,"error":"Get \"http://localhost:3002/health\": dial tcp [::1]:3002: connectex: No connection could be made because the target machine actively refused it."}
{"level":"error","ts":1779012090.5197754,"msg":"health_check_failed","server":"1","url":"http://localhost:3000","fail_count":28,"latency":0.0013136,"error":"Get \"http://localhost:3000/health\": dial tcp [::1]:3000: connectex: No connection could be made because the target machine actively refused it."}
{"level":"info","ts":1779012097.4994473,"msg":"Load balancer started"}
{"level":"info","ts":1779012101.500375,"msg":"health_check_started","server":"3"}
{"level":"info","ts":1779012101.500375,"msg":"health_check_started","server":"1"}
{"level":"info","ts":1779012101.500375,"msg":"health_check_started","server":"2"}
{"level":"error","ts":1779012101.5109584,"msg":"health_check_failed","server":"2","url":"http://localhost:3001","fail_count":1,"latency":0.0105834,"error":"Get \"http://localhost:3001/health\": dial tcp [::1]:3001: connectex: No connection could be made because the target machine actively refused it."}
{"level":"error","ts":1779012101.5115242,"msg":"health_check_failed","server":"3","url":"http://localhost:3002","fail_count":1,"latency":0.0111492,"error":"Get \"http://localhost:3002/health\": dial tcp [::1]:3002: connectex: No connection could be made because the target machine actively refused it."}
{"level":"error","ts":1779012101.5115242,"msg":"health_check_failed","server":"1","url":"http://localhost:3000","fail_count":1,"latency":0.0111492,"error":"Get \"http://localhost:3000/health\": dial tcp [::1]:3000: connectex: No connection could be made because the target machine actively refused it."}
{"level":"info","ts":1779012105.4995584,"msg":"health_check_started","server":"3"}
{"level":"info","ts":1779012105.4995584,"msg":"health_check_started","server":"1"}
{"level":"info","ts":1779012105.4995584,"msg":"health_check_started","server":"2"}
{"level":"error","ts":1779012105.50072,"msg":"health_check_failed","server":"2","url":"http://localhost:3001","fail_count":2,"latency":0.0011619,"error":"Get \"http://localhost:3001/health\": dial tcp [::1]:3001: connectex: No connection could be made because the target machine actively refused it."}
{"level":"error","ts":1779012105.50072,"msg":"health_check_failed","server":"1","url":"http://localhost:3000","fail_count":2,"latency":0.0011619,"error":"Get \"http://localhost:3000/health\": dial tcp [::1]:3000: connectex: No connection could be made because the target machine actively refused it."}
{"level":"error","ts":1779012105.50072,"msg":"health_check_failed","server":"3","url":"http://localhost:3002","fail_count":2,"latency":0.0011619,"error":"Get \"http://localhost:3002/health\": dial tcp [::1]:3002: connectex: No connection could be made because the target machine actively refused it."}
{"level":"info","ts":1779012109.4997566,"msg":"health_check_started","server":"3"}
{"level":"info","ts":1779012109.4997566,"msg":"health_check_started","server":"1"}
{"level":"info","ts":1779012109.4997566,"msg":"health_check_started","server":"2"}
{"level":"error","ts":1779012109.5045683,"msg":"health_check_failed","server":"2","url":"http://localhost:3001","fail_count":3,"latency":0.0048117,"error":"Get \"http://localhost:3001/health\": dial tcp [::1]:3001: connectex: No connection could be made because the target machine actively refused it."}
{"level":"error","ts":1779012109.5045683,"msg":"health_check_failed","server":"1","url":"http://localhost:3000","fail_count":3,"latency":0.0048117,"error":"Get \"http://localhost:3000/health\": dial tcp [::1]:3000: connectex: No connection could be made because the target machine actively refused it."}
{"level":"error","ts":1779012109.5045683,"msg":"health_check_failed","server":"3","url":"http://localhost:3002","fail_count":3,"latency":0.0048117,"error":"Get \"http://localhost:3002/health\": dial tcp [::1]:3002: connectex: No connection could be made because the target machine actively refused it."}
{"level":"info","ts":1779012113.499807,"msg":"health_check_started","server":"3"}
{"level":"info","ts":1779012113.499807,"msg":"health_check_started","server":"1"}
{"level":"info","ts":1779012113.499807,"msg":"health_check_started","server":"2"}
{"level":"error","ts":1779012113.501589,"msg":"health_check_failed","server":"2","url":"http://localhost:3001","fail_count":4,"latency":0.0017822,"error":"Get \"http://localhost:3001/health\": dial tcp [::1]:3001: connectex: No connection could be made because the target machine actively refused it."}
{"level":"error","ts":1779012113.501589,"msg":"health_check_failed","server":"3","url":"http://localhost:3002","fail_count":4,"latency":0.0017822,"error":"Get \"http://localhost:3002/health\": dial tcp [::1]:3002: connectex: No connection could be made because the target machine actively refused it."}
{"level":"error","ts":1779012113.501589,"msg":"health_check_failed","server":"1","url":"http://localhost:3000","fail_count":4,"latency":0.0017822,"error":"Get \"http://localhost:3000/health\": dial tcp [::1]:3000: connectex: No connection could be made because the target machine actively refused it."}
{"level":"info","ts":1779012117.499525,"msg":"health_check_started","server":"1"}
{"level":"info","ts":1779012117.499525,"msg":"health_check_started","server":"2"}
{"level":"info","ts":1779012117.499525,"msg":"health_check_started","server":"3"}
{"level":"error","ts":1779012117.505482,"msg":"health_check_failed","server":"2","url":"http://localhost:3001","fail_count":5,"latency":0.0059567,"error":"Get \"http://localhost:3001/health\": dial tcp [::1]:3001: connectex: No connection could be made because the target machine actively refused it."}
{"level":"error","ts":1779012117.505482,"msg":"health_check_failed","server":"3","url":"http://localhost:3002","fail_count":5,"latency":0.0059567,"error":"Get \"http://localhost:3002/health\": dial tcp [::1]:3002: connectex: No connection could be made because the target machine actively refused it."}
{"level":"error","ts":1779012117.505482,"msg":"health_check_failed","server":"1","url":"http://localhost:3000","fail_count":5,"latency":0.0059567,"error":"Get \"http://localhost:3000/health\": dial tcp [::1]:3000: connectex: No connection could be made because the target machine actively refused it."}
{"level":"info","ts":1779012121.5001738,"msg":"health_check_started","server":"1"}
{"level":"info","ts":1779012121.5001738,"msg":"health_check_started","server":"3"}
{"level":"info","ts":1779012121.5001738,"msg":"health_check_started","server":"2"}
{"level":"error","ts":1779012121.5021076,"msg":"health_check_failed","server":"3","url":"http://localhost:3002","fail_count":6,"latency":0.0019338,"error":"Get \"http://localhost:3002/health\": dial tcp [::1]:3002: connectex: No connection could be made because the target machine actively refused it."}
{"level":"error","ts":1779012121.5021076,"msg":"health_check_failed","server":"1","url":"http://localhost:3000","fail_count":6,"latency":0.0019338,"error":"Get \"http://localhost:3000/health\": dial tcp [::1]:3000: connectex: No connection could be made because the target machine actively refused it."}
{"level":"error","ts":1779012121.5021076,"msg":"health_check_failed","server":"2","url":"http://localhost:3001","fail_count":6,"latency":0.0019338,"error":"Get \"http://localhost:3001/health\": dial tcp [::1]:3001: connectex: No connection could be made because the target machine actively refused it."}
{"level":"error","ts":1779012122.2527905,"msg":"server_marked_unhealthy","server":"1","fail_count":6}
{"level":"info","ts":1779012125.5000627,"msg":"health_check_started","server":"3"}
{"level":"info","ts":1779012125.5000627,"msg":"health_check_started","server":"1"}
{"level":"info","ts":1779012125.5000627,"msg":"health_check_started","server":"2"}
{"level":"error","ts":1779012125.5046449,"msg":"health_check_failed","server":"2","url":"http://localhost:3001","fail_count":7,"latency":0.0045823,"error":"Get \"http://localhost:3001/health\": dial tcp [::1]:3001: connectex: No connection could be made because the target machine actively refused it."}
{"level":"error","ts":1779012125.5046449,"msg":"health_check_failed","server":"3","url":"http://localhost:3002","fail_count":7,"latency":0.0045823,"error":"Get \"http://localhost:3002/health\": dial tcp [::1]:3002: connectex: No connection could be made because the target machine actively refused it."}
{"level":"error","ts":1779012125.5046449,"msg":"health_check_failed","server":"1","url":"http://localhost:3000","fail_count":7,"latency":0.0045823,"error":"Get \"http://localhost:3000/health\": dial tcp [::1]:3000: connectex: No connection could be made because the target machine actively refused it."}
{"level":"info","ts":1779012129.4999022,"msg":"health_check_started","server":"3"}
{"level":"info","ts":1779012129.4999022,"msg":"health_check_started","server":"1"}
{"level":"info","ts":1779012129.4999022,"msg":"health_check_started","server":"2"}
{"level":"error","ts":1779012129.502531,"msg":"health_check_failed","server":"2","url":"http://localhost:3001","fail_count":8,"latency":0.0026289,"error":"Get \"http://localhost:3001/health\": dial tcp [::1]:3001: connectex: No connection could be made because the target machine actively refused it."}
{"level":"error","ts":1779012129.502531,"msg":"health_check_failed","server":"1","url":"http://localhost:3000","fail_count":8,"latency":0.0026289,"error":"Get \"http://localhost:3000/health\": dial tcp [::1]:3000: connectex: No connection could be made because the target machine actively refused it."}
{"level":"error","ts":1779012129.502531,"msg":"health_check_failed","server":"3","url":"http://localhost:3002","fail_count":8,"latency":0.0026289,"error":"Get \"http://localhost:3002/health\": dial tcp [::1]:3002: connectex: No connection could be made because the target machine actively refused it."}
{"level":"error","ts":1779012130.8075979,"msg":"server_marked_unhealthy","server":"2","fail_count":8}
{"level":"info","ts":1779012133.5000525,"msg":"health_check_started","server":"3"}
{"level":"info","ts":1779012133.5000525,"msg":"health_check_started","server":"1"}
{"level":"info","ts":1779012133.5000525,"msg":"health_check_started","server":"2"}
{"level":"error","ts":1779012133.5061767,"msg":"health_check_failed","server":"2","url":"http://localhost:3001","fail_count":9,"latency":0.0061242,"error":"Get \"http://localhost:3001/health\": dial tcp [::1]:3001: connectex: No connection could be made because the target machine actively refused it."}
{"level":"error","ts":1779012133.5061767,"msg":"health_check_failed","server":"1","url":"http://localhost:3000","fail_count":9,"latency":0.0061242,"error":"Get \"http://localhost:3000/health\": dial tcp [::1]:3000: connectex: No connection could be made because the target machine actively refused it."}
{"level":"error","ts":1779012133.5061767,"msg":"health_check_failed","server":"3","url":"http://localhost:3002","fail_count":9,"latency":0.0061242,"error":"Get \"http://localhost:3002/health\": dial tcp [::1]:3002: connectex: No connection could be made because the target machine actively refused it."}
{"level":"info","ts":1779012137.5002382,"msg":"health_check_started","server":"3"}
{"level":"info","ts":1779012137.5002382,"msg":"health_check_started","server":"2"}
{"level":"info","ts":1779012137.5002382,"msg":"health_check_started","server":"1"}
{"level":"error","ts":1779012137.5016303,"msg":"health_check_failed","server":"1","url":"http://localhost:3000","fail_count":10,"latency":0.0013921,"error":"Get \"http://localhost:3000/health\": dial tcp [::1]:3000: connectex: No connection could be made because the target machine actively refused it."}
{"level":"error","ts":1779012137.5016303,"msg":"health_check_failed","server":"2","url":"http://localhost:3001","fail_count":10,"latency":0.0013921,"error":"Get \"http://localhost:3001/health\": dial tcp [::1]:3001: connectex: No connection could be made because the target machine actively refused it."}
{"level":"error","ts":1779012137.5016303,"msg":"health_check_failed","server":"3","url":"http://localhost:3002","fail_count":10,"latency":0.0013921,"error":"Get \"http://localhost:3002/health\": dial tcp [::1]:3002: connectex: No connection could be made because the target machine actively refused it."}
{"level":"error","ts":1779012139.8457325,"msg":"server_marked_unhealthy","server":"3","fail_count":10}
{"level":"info","ts":1779012141.499829,"msg":"health_check_started","server":"3"}
{"level":"info","ts":1779012141.499829,"msg":"health_check_started","server":"1"}
{"level":"info","ts":1779012141.499829,"msg":"health_check_started","server":"2"}
{"level":"error","ts":1779012141.506375,"msg":"health_check_failed","server":"2","url":"http://localhost:3001","fail_count":11,"latency":0.0065463,"error":"Get \"http://localhost:3001/health\": dial tcp [::1]:3001: connectex: No connection could be made because the target machine actively refused it."}
{"level":"error","ts":1779012141.506375,"msg":"health_check_failed","server":"3","url":"http://localhost:3002","fail_count":11,"latency":0.0065463,"error":"Get \"http://localhost:3002/health\": dial tcp [::1]:3002: connectex: No connection could be made because the target machine actively refused it."}
{"level":"error","ts":1779012141.506375,"msg":"health_check_failed","server":"1","url":"http://localhost:3000","fail_count":11,"latency":0.0065463,"error":"Get \"http://localhost:3000/health\": dial tcp [::1]:3000: connectex: No connection could be made because the target machine actively refused it."}
{"level":"info","ts":1779012145.4998858,"msg":"health_check_started","server":"3"}
{"level":"info","ts":1779012145.4998858,"msg":"health_check_started","server":"1"}
{"level":"info","ts":1779012145.4998858,"msg":"health_check_started","server":"2"}
{"level":"error","ts":1779012145.50078,"msg":"health_check_failed","server":"2","url":"http://localhost:3001","fail_count":12,"latency":0.0008943,"error":"Get \"http://localhost:3001/health\": dial tcp [::1]:3001: connectex: No connection could be made because the target machine actively refused it."}
{"level":"error","ts":1779012145.50078,"msg":"health_check_failed","server":"3","url":"http://localhost:3002","fail_count":12,"latency":0.0008943,"error":"Get \"http://localhost:3002/health\": dial tcp [::1]:3002: connectex: No connection could be made because the target machine actively refused it."}
{"level":"error","ts":1779012145.50078,"msg":"health_check_failed","server":"1","url":"http://localhost:3000","fail_count":12,"latency":0.0008943,"error":"Get \"http://localhost:3000/health\": dial tcp [::1]:3000: connectex: No connection could be made because the target machine actively refused it."}
{"level":"error","ts":1779012149.2966201,"msg":"server_marked_unhealthy","server":"3","fail_count":12}
{"level":"info","ts":1779012149.4995027,"msg":"health_check_started","server":"3"}
{"level":"info","ts":1779012149.4995027,"msg":"health_check_started","server":"1"}
{"level":"info","ts":1779012149.4995027,"msg":"health_check_started","server":"2"}
{"level":"error","ts":1779012149.50522,"msg":"health_check_failed","server":"3","url":"http://localhost:3002","fail_count":13,"latency":0.0057173,"error":"Get \"http://localhost:3002/health\": dial tcp [::1]:3002: connectex: No connection could be made because the target machine actively refused it."}
{"level":"error","ts":1779012149.50522,"msg":"health_check_failed","server":"2","url":"http://localhost:3001","fail_count":13,"latency":0.0057173,"error":"Get \"http://localhost:3001/health\": dial tcp [::1]:3001: connectex: No connection could be made because the target machine actively refused it."}
{"level":"error","ts":1779012149.50522,"msg":"health_check_failed","server":"1","url":"http://localhost:3000","fail_count":13,"latency":0.0057173,"error":"Get \"http://localhost:3000/health\": dial tcp [::1]:3000: connectex: No connection could be made because the target machine actively refused it."}
{"level":"info","ts":1779012153.499998,"msg":"health_check_started","server":"3"}
{"level":"info","ts":1779012153.499998,"msg":"health_check_started","server":"1"}
{"level":"info","ts":1779012153.499998,"msg":"health_check_started","server":"2"}
{"level":"error","ts":1779012153.5006204,"msg":"health_check_failed","server":"2","url":"http://localhost:3001","fail_count":14,"latency":0.0006221,"error":"Get \"http://localhost:3001/health\": dial tcp [::1]:3001: connectex: No connection could be made because the target machine actively refused it."}
{"level":"error","ts":1779012153.5006204,"msg":"health_check_failed","server":"3","url":"http://localhost:3002","fail_count":14,"latency":0.0006221,"error":"Get \"http://localhost:3002/health\": dial tcp [::1]:3002: connectex: No connection could be made because the target machine actively refused it."}
{"level":"error","ts":1779012153.5006204,"msg":"health_check_failed","server":"1","url":"http://localhost:3000","fail_count":14,"latency":0.0006221,"error":"Get \"http://localhost:3000/health\": dial tcp [::1]:3000: connectex: No connection could be made because the target machine actively refused it."}
{"level":"info","ts":1779012157.4995925,"msg":"health_check_started","server":"3"}
{"level":"info","ts":1779012157.4995925,"msg":"health_check_started","server":"1"}
{"level":"info","ts":1779012157.4995925,"msg":"health_check_started","server":"2"}
{"level":"error","ts":1779012157.5033488,"msg":"health_check_failed","server":"1","url":"http://localhost:3000","fail_count":15,"latency":0.0037562,"error":"Get \"http://localhost:3000/health\": dial tcp [::1]:3000: connectex: No connection could be made because the target machine actively refused it."}
{"level":"error","ts":1779012157.5033488,"msg":"health_check_failed","server":"3","url":"http://localhost:3002","fail_count":15,"latency":0.0037562,"error":"Get \"http://localhost:3002/health\": dial tcp [::1]:3002: connectex: No connection could be made because the target machine actively refused it."}
{"level":"error","ts":1779012157.5033488,"msg":"health_check_failed","server":"2","url":"http://localhost:3001","fail_count":15,"latency":0.0037562,"error":"Get \"http://localhost:3001/health\": dial tcp [::1]:3001: connectex: No connection could be made because the target machine actively refused it."}
{"level":"error","ts":1779012158.579555,"msg":"server_marked_unhealthy","server":"1","fail_count":15}
{"level":"info","ts":1779012161.4996054,"msg":"health_check_started","server":"3"}
{"level":"info","ts":1779012161.4996054,"msg":"health_check_started","server":"1"}
{"level":"info","ts":1779012161.4996054,"msg":"health_check_started","server":"2"}
{"level":"error","ts":1779012161.5006633,"msg":"health_check_failed","server":"1","url":"http://localhost:3000","fail_count":16,"latency":0.0010578,"error":"Get \"http://localhost:3000/health\": dial tcp [::1]:3000: connectex: No connection could be made because the target machine actively refused it."}
{"level":"error","ts":1779012161.5006633,"msg":"health_check_failed","server":"2","url":"http://localhost:3001","fail_count":16,"latency":0.0010578,"error":"Get \"http://localhost:3001/health\": dial tcp [::1]:3001: connectex: No connection could be made because the target machine actively refused it."}
{"level":"error","ts":1779012161.5006633,"msg":"health_check_failed","server":"3","url":"http://localhost:3002","fail_count":16,"latency":0.0010578,"error":"Get \"http://localhost:3002/health\": dial tcp [::1]:3002: connectex: No connection could be made because the target machine actively refused it."}
{"level":"info","ts":1779012165.4997146,"msg":"health_check_started","server":"3"}
{"level":"info","ts":1779012165.4997146,"msg":"health_check_started","server":"1"}
{"level":"info","ts":1779012165.4997146,"msg":"health_check_started","server":"2"}
{"level":"error","ts":1779012165.5041976,"msg":"health_check_failed","server":"2","url":"http://localhost:3001","fail_count":17,"latency":0.004483,"error":"Get \"http://localhost:3001/health\": dial tcp [::1]:3001: connectex: No connection could be made because the target machine actively refused it."}
{"level":"error","ts":1779012165.5041976,"msg":"health_check_failed","server":"1","url":"http://localhost:3000","fail_count":17,"latency":0.004483,"error":"Get \"http://localhost:3000/health\": dial tcp [::1]:3000: connectex: No connection could be made because the target machine actively refused it."}
{"level":"error","ts":1779012165.5041976,"msg":"health_check_failed","server":"3","url":"http://localhost:3002","fail_count":17,"latency":0.004483,"error":"Get \"http://localhost:3002/health\": dial tcp [::1]:3002: connectex: No connection could be made because the target machine actively refused it."}
{"level":"error","ts":1779012166.79835,"msg":"server_marked_unhealthy","server":"2","fail_count":17}
{"level":"info","ts":1779012169.5000901,"msg":"health_check_started","server":"3"}
{"level":"info","ts":1779012169.5000901,"msg":"health_check_started","server":"1"}
{"level":"info","ts":1779012169.5000901,"msg":"health_check_started","server":"2"}
{"level":"error","ts":1779012169.501355,"msg":"health_check_failed","server":"1","url":"http://localhost:3000","fail_count":18,"latency":0.0012647,"error":"Get \"http://localhost:3000/health\": dial tcp [::1]:3000: connectex: No connection could be made because the target machine actively refused it."}
{"level":"error","ts":1779012169.501355,"msg":"health_check_failed","server":"2","url":"http://localhost:3001","fail_count":18,"latency":0.0012647,"error":"Get \"http://localhost:3001/health\": dial tcp [::1]:3001: connectex: No connection could be made because the target machine actively refused it."}
{"level":"error","ts":1779012169.501355,"msg":"health_check_failed","server":"3","url":"http://localhost:3002","fail_count":18,"latency":0.0012647,"error":"Get \"http://localhost:3002/health\": dial tcp [::1]:3002: connectex: No connection could be made because the target machine actively refused it."}
{"level":"info","ts":1779012173.4996922,"msg":"health_check_started","server":"3"}
{"level":"info","ts":1779012173.4996922,"msg":"health_check_started","server":"1"}
{"level":"info","ts":1779012173.4996922,"msg":"health_check_started","server":"2"}
{"level":"error","ts":1779012173.5058975,"msg":"health_check_failed","server":"2","url":"http://localhost:3001","fail_count":19,"latency":0.0062053,"error":"Get \"http://localhost:3001/health\": dial tcp [::1]:3001: connectex: No connection could be made because the target machine actively refused it."}
{"level":"error","ts":1779012173.5058975,"msg":"health_check_failed","server":"1","url":"http://localhost:3000","fail_count":19,"latency":0.0062053,"error":"Get \"http://localhost:3000/health\": dial tcp [::1]:3000: connectex: No connection could be made because the target machine actively refused it."}
{"level":"error","ts":1779012173.5058975,"msg":"health_check_failed","server":"3","url":"http://localhost:3002","fail_count":19,"latency":0.0062053,"error":"Get \"http://localhost:3002/health\": dial tcp [::1]:3002: connectex: No connection could be made because the target machine actively refused it."}
{"level":"error","ts":1779012177.3044403,"msg":"server_marked_unhealthy","server":"1","fail_count":19}
{"level":"info","ts":1779012177.4996336,"msg":"health_check_started","server":"3"}
{"level":"info","ts":1779012177.4996336,"msg":"health_check_started","server":"1"}
{"level":"info","ts":1779012177.4996336,"msg":"health_check_started","server":"2"}
{"level":"error","ts":1779012177.5024588,"msg":"health_check_failed","server":"3","url":"http://localhost:3002","fail_count":20,"latency":0.0028253,"error":"Get \"http://localhost:3002/health\": dial tcp [::1]:3002: connectex: No connection could be made because the target machine actively refused it."}
{"level":"error","ts":1779012177.5024588,"msg":"health_check_failed","server":"1","url":"http://localhost:3000","fail_count":20,"latency":0.0028253,"error":"Get \"http://localhost:3000/health\": dial tcp [::1]:3000: connectex: No connection could be made because the target machine actively refused it."}
{"level":"error","ts":1779012177.5024588,"msg":"health_check_failed","server":"2","url":"http://localhost:3001","fail_count":20,"latency":0.0028253,"error":"Get \"http://localhost:3001/health\": dial tcp [::1]:3001: connectex: No connection could be made because the target machine actively refused it."}
{"level":"info","ts":1779012181.4995883,"msg":"health_check_started","server":"3"}
{"level":"info","ts":1779012181.4995883,"msg":"health_check_started","server":"1"}
{"level":"info","ts":1779012181.4995883,"msg":"health_check_started","server":"2"}
{"level":"error","ts":1779012181.5054603,"msg":"health_check_failed","server":"2","url":"http://localhost:3001","fail_count":21,"latency":0.0058718,"error":"Get \"http://localhost:3001/health\": dial tcp [::1]:3001: connectex: No connection could be made because the target machine actively refused it."}
{"level":"error","ts":1779012181.5054603,"msg":"health_check_failed","server":"3","url":"http://localhost:3002","fail_count":21,"latency":0.0058718,"error":"Get \"http://localhost:3002/health\": dial tcp [::1]:3002: connectex: No connection could be made because the target machine actively refused it."}
{"level":"error","ts":1779012181.5054603,"msg":"health_check_failed","server":"1","url":"http://localhost:3000","fail_count":21,"latency":0.0058718,"error":"Get \"http://localhost:3000/health\": dial tcp [::1]:3000: connectex: No connection could be made because the target machine actively refused it."}
{"level":"info","ts":1779012185.4999232,"msg":"health_check_started","server":"3"}
{"level":"info","ts":1779012185.4999232,"msg":"health_check_started","server":"1"}
{"level":"info","ts":1779012185.4999232,"msg":"health_check_started","server":"2"}
{"level":"error","ts":1779012185.5013957,"msg":"health_check_failed","server":"1","url":"http://localhost:3000","fail_count":22,"latency":0.0014724,"error":"Get \"http://localhost:3000/health\": dial tcp [::1]:3000: connectex: No connection could be made because the target machine actively refused it."}
{"level":"error","ts":1779012185.5013957,"msg":"health_check_failed","server":"2","url":"http://localhost:3001","fail_count":22,"latency":0.0014724,"error":"Get \"http://localhost:3001/health\": dial tcp [::1]:3001: connectex: No connection could be made because the target machine actively refused it."}
{"level":"error","ts":1779012185.5013957,"msg":"health_check_failed","server":"3","url":"http://localhost:3002","fail_count":22,"latency":0.0014724,"error":"Get \"http://localhost:3002/health\": dial tcp [::1]:3002: connectex: No connection could be made because the target machine actively refused it."}
{"level":"error","ts":1779012186.631168,"msg":"server_marked_unhealthy","server":"3","fail_count":22}
{"level":"info","ts":1779012189.4999504,"msg":"health_check_started","server":"3"}
{"level":"info","ts":1779012189.4999504,"msg":"health_check_started","server":"1"}
{"level":"info","ts":1779012189.4999504,"msg":"health_check_started","server":"2"}
{"level":"error","ts":1779012189.5054693,"msg":"health_check_failed","server":"3","url":"http://localhost:3002","fail_count":23,"latency":0.0055191,"error":"Get \"http://localhost:3002/health\": dial tcp [::1]:3002: connectex: No connection could be made because the target machine actively refused it."}
{"level":"error","ts":1779012189.5054693,"msg":"health_check_failed","server":"1","url":"http://localhost:3000","fail_count":23,"latency":0.0055191,"error":"Get \"http://localhost:3000/health\": dial tcp [::1]:3000: connectex: No connection could be made because the target machine actively refused it."}
{"level":"error","ts":1779012189.5054693,"msg":"health_check_failed","server":"2","url":"http://localhost:3001","fail_count":23,"latency":0.0055191,"error":"Get \"http://localhost:3001/health\": dial tcp [::1]:3001: connectex: No connection could be made because the target machine actively refused it."}
{"level":"info","ts":1779012193.4997947,"msg":"health_check_started","server":"3"}
{"level":"info","ts":1779012193.4997947,"msg":"health_check_started","server":"1"}
{"level":"info","ts":1779012193.4997947,"msg":"health_check_started","server":"2"}
{"level":"error","ts":1779012193.5008395,"msg":"health_check_failed","server":"1","url":"http://localhost:3000","fail_count":24,"latency":0.0010446,"error":"Get \"http://localhost:3000/health\": dial tcp [::1]:3000: connectex: No connection could be made because the target machine actively refused it."}
{"level":"error","ts":1779012193.5008395,"msg":"health_check_failed","server":"3","url":"http://localhost:3002","fail_count":24,"latency":0.0010446,"error":"Get \"http://localhost:3002/health\": dial tcp [::1]:3002: connectex: No connection could be made because the target machine actively refused it."}
{"level":"error","ts":1779012193.5008395,"msg":"health_check_failed","server":"2","url":"http://localhost:3001","fail_count":24,"latency":0.0010446,"error":"Get \"http://localhost:3001/health\": dial tcp [::1]:3001: connectex: No connection could be made because the target machine actively refused it."}
{"level":"error","ts":1779012195.7806964,"msg":"server_marked_unhealthy","server":"2","fail_count":24}
{"level":"info","ts":1779012197.499995,"msg":"health_check_started","server":"3"}
{"level":"info","ts":1779012197.499995,"msg":"health_check_started","server":"1"}
{"level":"info","ts":1779012197.499995,"msg":"health_check_started","server":"2"}
{"level":"error","ts":1779012197.5043862,"msg":"health_check_failed","server":"3","url":"http://localhost:3002","fail_count":25,"latency":0.0043914,"error":"Get \"http://localhost:3002/health\": dial tcp [::1]:3002: connectex: No connection could be made because the target machine actively refused it."}
{"level":"error","ts":1779012197.5043862,"msg":"health_check_failed","server":"1","url":"http://localhost:3000","fail_count":25,"latency":0.0043914,"error":"Get \"http://localhost:3000/health\": dial tcp [::1]:3000: connectex: No connection could be made because the target machine actively refused it."}
{"level":"error","ts":1779012197.5043862,"msg":"health_check_failed","server":"2","url":"http://localhost:3001","fail_count":25,"latency":0.0043914,"error":"Get \"http://localhost:3001/health\": dial tcp [::1]:3001: connectex: No connection could be made because the target machine actively refused it."}
{"level":"info","ts":1779012201.4995468,"msg":"health_check_started","server":"3"}
{"level":"info","ts":1779012201.4995468,"msg":"health_check_started","server":"1"}
{"level":"info","ts":1779012201.4995468,"msg":"health_check_started","server":"2"}
{"level":"error","ts":1779012201.5010333,"msg":"health_check_failed","server":"1","url":"http://localhost:3000","fail_count":26,"latency":0.0014861,"error":"Get \"http://localhost:3000/health\": dial tcp [::1]:3000: connectex: No connection could be made because the target machine actively refused it."}
{"level":"error","ts":1779012201.5010333,"msg":"health_check_failed","server":"2","url":"http://localhost:3001","fail_count":26,"latency":0.0014861,"error":"Get \"http://localhost:3001/health\": dial tcp [::1]:3001: connectex: No connection could be made because the target machine actively refused it."}
{"level":"error","ts":1779012201.501618,"msg":"health_check_failed","server":"3","url":"http://localhost:3002","fail_count":26,"latency":0.002071,"error":"Get \"http://localhost:3002/health\": dial tcp [::1]:3002: connectex: No connection could be made because the target machine actively refused it."}
{"level":"error","ts":1779012205.1858587,"msg":"server_marked_unhealthy","server":"3","fail_count":26}
{"level":"info","ts":1779012205.4998772,"msg":"health_check_started","server":"3"}
{"level":"info","ts":1779012205.4998772,"msg":"health_check_started","server":"1"}
{"level":"info","ts":1779012205.4998772,"msg":"health_check_started","server":"2"}
{"level":"error","ts":1779012205.5047677,"msg":"health_check_failed","server":"3","url":"http://localhost:3002","fail_count":27,"latency":0.0048907,"error":"Get \"http://localhost:3002/health\": dial tcp [::1]:3002: connectex: No connection could be made because the target machine actively refused it."}
{"level":"error","ts":1779012205.5047677,"msg":"health_check_failed","server":"1","url":"http://localhost:3000","fail_count":27,"latency":0.0048907,"error":"Get \"http://localhost:3000/health\": dial tcp [::1]:3000: connectex: No connection could be made because the target machine actively refused it."}
{"level":"error","ts":1779012205.5047677,"msg":"health_check_failed","server":"2","url":"http://localhost:3001","fail_count":27,"latency":0.0048907,"error":"Get \"http://localhost:3001/health\": dial tcp [::1]:3001: connectex: No connection could be made because the target machine actively refused it."}
{"level":"info","ts":1779012209.4997773,"msg":"health_check_started","server":"3"}
{"level":"info","ts":1779012209.4997773,"msg":"health_check_started","server":"1"}
{"level":"info","ts":1779012209.4997773,"msg":"health_check_started","server":"2"}
{"level":"error","ts":1779012209.5008569,"msg":"health_check_failed","server":"2","url":"http://localhost:3001","fail_count":28,"latency":0.0010794,"error":"Get \"http://localhost:3001/health\": dial tcp [::1]:3001: connectex: No connection could be made because the target machine actively refused it."}
{"level":"error","ts":1779012209.5008569,"msg":"health_check_failed","server":"3","url":"http://localhost:3002","fail_count":28,"latency":0.0010794,"error":"Get \"http://localhost:3002/health\": dial tcp [::1]:3002: connectex: No connection could be made because the target machine actively refused it."}
{"level":"error","ts":1779012209.5008569,"msg":"health_check_failed","server":"1","url":"http://localhost:3000","fail_count":28,"latency":0.0010794,"error":"Get \"http://localhost:3000/health\": dial tcp [::1]:3000: connectex: No connection could be made because the target machine actively refused it."}
{"level":"info","ts":1779012213.500284,"msg":"health_check_started","server":"3"}
{"level":"info","ts":1779012213.500284,"msg":"health_check_started","server":"1"}
{"level":"info","ts":1779012213.500284,"msg":"health_check_started","server":"2"}
{"level":"error","ts":1779012213.5058045,"msg":"health_check_failed","server":"1","url":"http://localhost:3000","fail_count":29,"latency":0.0055205,"error":"Get \"http://localhost:3000/health\": dial tcp [::1]:3000: connectex: No connection could be made because the target machine actively refused it."}
{"level":"error","ts":1779012213.5058045,"msg":"health_check_failed","server":"3","url":"http://localhost:3002","fail_count":29,"latency":0.0055205,"error":"Get \"http://localhost:3002/health\": dial tcp [::1]:3002: connectex: No connection could be made because the target machine actively refused it."}
{"level":"error","ts":1779012213.5058045,"msg":"health_check_failed","server":"2","url":"http://localhost:3001","fail_count":29,"latency":0.0055205,"error":"Get \"http://localhost:3001/health\": dial tcp [::1]:3001: connectex: No connection could be made because the target machine actively refused it."}
{"level":"error","ts":1779012214.1722243,"msg":"server_marked_unhealthy","server":"1","fail_count":29}
{"level":"info","ts":1779012217.4996886,"msg":"health_check_started","server":"3"}
{"level":"info","ts":1779012217.4996886,"msg":"health_check_started","server":"1"}
{"level":"info","ts":1779012217.4996886,"msg":"health_check_started","server":"2"}
{"level":"error","ts":1779012217.5015628,"msg":"health_check_failed","server":"1","url":"http://localhost:3000","fail_count":30,"latency":0.0018742,"error":"Get \"http://localhost:3000/health\": dial tcp [::1]:3000: connectex: No connection could be made because the target machine actively refused it."}
{"level":"error","ts":1779012217.5015628,"msg":"health_check_failed","server":"2","url":"http://localhost:3001","fail_count":30,"latency":0.0018742,"error":"Get \"http://localhost:3001/health\": dial tcp [::1]:3001: connectex: No connection could be made because the target machine actively refused it."}
{"level":"error","ts":1779012217.5015628,"msg":"health_check_failed","server":"3","url":"http://localhost:3002","fail_count":30,"latency":0.0018742,"error":"Get \"http://localhost:3002/health\": dial tcp [::1]:3002: connectex: No connection could be made because the target machine actively refused it."}
{"level":"info","ts":1779012221.4998891,"msg":"health_check_started","server":"3"}
{"level":"info","ts":1779012221.4998891,"msg":"health_check_started","server":"2"}
{"level":"info","ts":1779012221.4998891,"msg":"health_check_started","server":"1"}
{"level":"error","ts":1779012221.5049474,"msg":"health_check_failed","server":"2","url":"http://localhost:3001","fail_count":31,"latency":0.0050583,"error":"Get \"http://localhost:3001/health\": dial tcp [::1]:3001: connectex: No connection could be made because the target machine actively refused it."}
{"level":"error","ts":1779012221.5049474,"msg":"health_check_failed","server":"3","url":"http://localhost:3002","fail_count":31,"latency":0.0050583,"error":"Get \"http://localhost:3002/health\": dial tcp [::1]:3002: connectex: No connection could be made because the target machine actively refused it."}
{"level":"error","ts":1779012221.5049474,"msg":"health_check_failed","server":"1","url":"http://localhost:3000","fail_count":31,"latency":0.0050583,"error":"Get \"http://localhost:3000/health\": dial tcp [::1]:3000: connectex: No connection could be made because the target machine actively refused it."}
{"level":"error","ts":1779012224.1034923,"msg":"server_marked_unhealthy","server":"2","fail_count":31}
{"level":"info","ts":1779012225.4996603,"msg":"health_check_started","server":"3"}
{"level":"info","ts":1779012225.4996603,"msg":"health_check_started","server":"2"}
{"level":"info","ts":1779012225.4996603,"msg":"health_check_started","server":"1"}
{"level":"error","ts":1779012225.5015001,"msg":"health_check_failed","server":"3","url":"http://localhost:3002","fail_count":32,"latency":0.0018397,"error":"Get \"http://localhost:3002/health\": dial tcp [::1]:3002: connectex: No connection could be made because the target machine actively refused it."}
{"level":"error","ts":1779012225.5015001,"msg":"health_check_failed","server":"1","url":"http://localhost:3000","fail_count":32,"latency":0.0018397,"error":"Get \"http://localhost:3000/health\": dial tcp [::1]:3000: connectex: No connection could be made because the target machine actively refused it."}
{"level":"error","ts":1779012225.5015001,"msg":"health_check_failed","server":"2","url":"http://localhost:3001","fail_count":32,"latency":0.0018397,"error":"Get \"http://localhost:3001/health\": dial tcp [::1]:3001: connectex: No connection could be made because the target machine actively refused it."}
{"level":"info","ts":1779012229.4998624,"msg":"health_check_started","server":"3"}
{"level":"info","ts":1779012229.4998624,"msg":"health_check_started","server":"1"}
{"level":"info","ts":1779012229.4998624,"msg":"health_check_started","server":"2"}
{"level":"error","ts":1779012229.5054092,"msg":"health_check_failed","server":"3","url":"http://localhost:3002","fail_count":33,"latency":0.0055467,"error":"Get \"http://localhost:3002/health\": dial tcp [::1]:3002: connectex: No connection could be made because the target machine actively refused it."}
{"level":"error","ts":1779012229.5054092,"msg":"health_check_failed","server":"2","url":"http://localhost:3001","fail_count":33,"latency":0.0055467,"error":"Get \"http://localhost:3001/health\": dial tcp [::1]:3001: connectex: No connection could be made because the target machine actively refused it."}
{"level":"error","ts":1779012229.5054092,"msg":"health_check_failed","server":"1","url":"http://localhost:3000","fail_count":33,"latency":0.0055467,"error":"Get \"http://localhost:3000/health\": dial tcp [::1]:3000: connectex: No connection could be made because the target machine actively refused it."}
{"level":"info","ts":1779012233.4998493,"msg":"health_check_started","server":"3"}
{"level":"info","ts":1779012233.4998493,"msg":"health_check_started","server":"1"}
{"level":"info","ts":1779012233.4998493,"msg":"health_check_started","server":"2"}
{"level":"error","ts":1779012233.5009344,"msg":"health_check_failed","server":"3","url":"http://localhost:3002","fail_count":34,"latency":0.001085,"error":"Get \"http://localhost:3002/health\": dial tcp [::1]:3002: connectex: No connection could be made because the target machine actively refused it."}
{"level":"error","ts":1779012233.5009344,"msg":"health_check_failed","server":"2","url":"http://localhost:3001","fail_count":34,"latency":0.001085,"error":"Get \"http://localhost:3001/health\": dial tcp [::1]:3001: connectex: No connection could be made because the target machine actively refused it."}
{"level":"error","ts":1779012233.5009344,"msg":"health_check_failed","server":"1","url":"http://localhost:3000","fail_count":34,"latency":0.001085,"error":"Get \"http://localhost:3000/health\": dial tcp [::1]:3000: connectex: No connection could be made because the target machine actively refused it."}
{"level":"error","ts":1779012236.9977894,"msg":"server_marked_unhealthy","server":"2","fail_count":34}
{"level":"info","ts":1779012237.4998407,"msg":"health_check_started","server":"3"}
{"level":"info","ts":1779012237.4998407,"msg":"health_check_started","server":"1"}
{"level":"info","ts":1779012237.4998407,"msg":"health_check_started","server":"2"}
{"level":"error","ts":1779012237.5050406,"msg":"health_check_failed","server":"3","url":"http://localhost:3002","fail_count":35,"latency":0.0051999,"error":"Get \"http://localhost:3002/health\": dial tcp [::1]:3002: connectex: No connection could be made because the target machine actively refused it."}
{"level":"error","ts":1779012237.5050406,"msg":"health_check_failed","server":"1","url":"http://localhost:3000","fail_count":35,"latency":0.0051999,"error":"Get \"http://localhost:3000/health\": dial tcp [::1]:3000: connectex: No connection could be made because the target machine actively refused it."}
{"level":"error","ts":1779012237.5050406,"msg":"health_check_failed","server":"2","url":"http://localhost:3001","fail_count":35,"latency":0.0051999,"error":"Get \"http://localhost:3001/health\": dial tcp [::1]:3001: connectex: No connection could be made because the target machine actively refused it."}
{"level":"info","ts":1779012241.5001342,"msg":"health_check_started","server":"3"}
{"level":"info","ts":1779012241.5001342,"msg":"health_check_started","server":"1"}
{"level":"info","ts":1779012241.5001342,"msg":"health_check_started","server":"2"}
{"level":"error","ts":1779012241.501759,"msg":"health_check_failed","server":"2","url":"http://localhost:3001","fail_count":36,"latency":0.0016249,"error":"Get \"http://localhost:3001/health\": dial tcp [::1]:3001: connectex: No connection could be made because the target machine actively refused it."}
{"level":"error","ts":1779012241.501759,"msg":"health_check_failed","server":"1","url":"http://localhost:3000","fail_count":36,"latency":0.0016249,"error":"Get \"http://localhost:3000/health\": dial tcp [::1]:3000: connectex: No connection could be made because the target machine actively refused it."}
{"level":"error","ts":1779012241.501759,"msg":"health_check_failed","server":"3","url":"http://localhost:3002","fail_count":36,"latency":0.0016249,"error":"Get \"http://localhost:3002/health\": dial tcp [::1]:3002: connectex: No connection could be made because the target machine actively refused it."}
{"level":"info","ts":1779012245.499492,"msg":"health_check_started","server":"1"}
{"level":"info","ts":1779012245.499492,"msg":"health_check_started","server":"3"}
{"level":"info","ts":1779012245.499492,"msg":"health_check_started","server":"2"}
{"level":"error","ts":1779012245.5050316,"msg":"health_check_failed","server":"2","url":"http://localhost:3001","fail_count":37,"latency":0.0055398,"error":"Get \"http://localhost:3001/health\": dial tcp [::1]:3001: connectex: No connection could be made because the target machine actively refused it."}
{"level":"error","ts":1779012245.5055373,"msg":"health_check_failed","server":"1","url":"http://localhost:3000","fail_count":37,"latency":0.0060455,"error":"Get \"http://localhost:3000/health\": dial tcp [::1]:3000: connectex: No connection could be made because the target machine actively refused it."}
{"level":"error","ts":1779012245.5050316,"msg":"health_check_failed","server":"3","url":"http://localhost:3002","fail_count":37,"latency":0.0055398,"error":"Get \"http://localhost:3002/health\": dial tcp [::1]:3002: connectex: No connection could be made because the target machine actively refused it."}
{"level":"info","ts":1779012249.5005183,"msg":"health_check_started","server":"3"}
{"level":"info","ts":1779012249.5005183,"msg":"health_check_started","server":"1"}
{"level":"info","ts":1779012249.5005183,"msg":"health_check_started","server":"2"}
{"level":"error","ts":1779012249.5024085,"msg":"health_check_failed","server":"3","url":"http://localhost:3002","fail_count":38,"latency":0.0018901,"error":"Get \"http://localhost:3002/health\": dial tcp [::1]:3002: connectex: No connection could be made because the target machine actively refused it."}
{"level":"error","ts":1779012249.5024085,"msg":"health_check_failed","server":"1","url":"http://localhost:3000","fail_count":38,"latency":0.0018901,"error":"Get \"http://localhost:3000/health\": dial tcp [::1]:3000: connectex: No connection could be made because the target machine actively refused it."}
{"level":"error","ts":1779012249.5024085,"msg":"health_check_failed","server":"2","url":"http://localhost:3001","fail_count":38,"latency":0.0018901,"error":"Get \"http://localhost:3001/health\": dial tcp [::1]:3001: connectex: No connection could be made because the target machine actively refused it."}
{"level":"error","ts":1779012252.375284,"msg":"server_marked_unhealthy","server":"1","fail_count":38}
{"level":"info","ts":1779012253.4998057,"msg":"health_check_started","server":"3"}
{"level":"info","ts":1779012253.4998057,"msg":"health_check_started","server":"1"}
{"level":"info","ts":1779012253.4998057,"msg":"health_check_started","server":"2"}
{"level":"error","ts":1779012253.5051277,"msg":"health_check_failed","server":"2","url":"http://localhost:3001","fail_count":39,"latency":0.005322,"error":"Get \"http://localhost:3001/health\": dial tcp [::1]:3001: connectex: No connection could be made because the target machine actively refused it."}
{"level":"error","ts":1779012253.5051277,"msg":"health_check_failed","server":"1","url":"http://localhost:3000","fail_count":39,"latency":0.005322,"error":"Get \"http://localhost:3000/health\": dial tcp [::1]:3000: connectex: No connection could be made because the target machine actively refused it."}
{"level":"error","ts":1779012253.5051277,"msg":"health_check_failed","server":"3","url":"http://localhost:3002","fail_count":39,"latency":0.005322,"error":"Get \"http://localhost:3002/health\": dial tcp [::1]:3002: connectex: No connection could be made because the target machine actively refused it."}
{"level":"info","ts":1779012257.4996855,"msg":"health_check_started","server":"3"}
{"level":"info","ts":1779012257.4996855,"msg":"health_check_started","server":"1"}
{"level":"info","ts":1779012257.4996855,"msg":"health_check_started","server":"2"}
{"level":"error","ts":1779012257.501926,"msg":"health_check_failed","server":"3","url":"http://localhost:3002","fail_count":40,"latency":0.0022402,"error":"Get \"http://localhost:3002/health\": dial tcp [::1]:3002: connectex: No connection could be made because the target machine actively refused it."}
{"level":"error","ts":1779012257.5009053,"msg":"health_check_failed","server":"1","url":"http://localhost:3000","fail_count":40,"latency":0.0012195,"error":"Get \"http://localhost:3000/health\": dial tcp [::1]:3000: connectex: No connection could be made because the target machine actively refused it."}
{"level":"error","ts":1779012257.503419,"msg":"health_check_failed","server":"2","url":"http://localhost:3001","fail_count":40,"latency":0.0037332,"error":"Get \"http://localhost:3001/health\": dial tcp [::1]:3001: connectex: No connection could be made because the target machine actively refused it."}
{"level":"info","ts":1779012261.4997149,"msg":"health_check_started","server":"3"}
{"level":"info","ts":1779012261.4997149,"msg":"health_check_started","server":"1"}
{"level":"info","ts":1779012261.4997149,"msg":"health_check_started","server":"2"}
{"level":"error","ts":1779012261.505133,"msg":"health_check_failed","server":"3","url":"http://localhost:3002","fail_count":41,"latency":0.005418,"error":"Get \"http://localhost:3002/health\": dial tcp [::1]:3002: connectex: No connection could be made because the target machine actively refused it."}
{"level":"error","ts":1779012261.505133,"msg":"health_check_failed","server":"2","url":"http://localhost:3001","fail_count":41,"latency":0.005418,"error":"Get \"http://localhost:3001/health\": dial tcp [::1]:3001: connectex: No connection could be made because the target machine actively refused it."}
{"level":"error","ts":1779012261.505133,"msg":"health_check_failed","server":"1","url":"http://localhost:3000","fail_count":41,"latency":0.005418,"error":"Get \"http://localhost:3000/health\": dial tcp [::1]:3000: connectex: No connection could be made because the target machine actively refused it."}
{"level":"error","ts":1779012263.0111744,"msg":"server_marked_unhealthy","server":"3","fail_count":41}
{"level":"info","ts":1779015056.9892936,"msg":"Load balancer started"}
{"level":"info","ts":1779015060.992797,"msg":"health_check_started","server":"3"}
{"level":"info","ts":1779015060.992981,"msg":"health_check_started","server":"1"}
{"level":"info","ts":1779015060.9930236,"msg":"health_check_started","server":"2"}
{"level":"error","ts":1779015060.9960427,"msg":"health_check_failed","server":"2","url":"http://localhost:3001","fail_count":1,"latency":0.003035499,"error":"Get \"http://localhost:3001/health\": dial tcp 127.0.0.1:3001: connect: connection refused"}
{"level":"error","ts":1779015060.997025,"msg":"health_check_failed","server":"3","url":"http://localhost:3002","fail_count":1,"latency":0.004267151,"error":"Get \"http://localhost:3002/health\": dial tcp 127.0.0.1:3002: connect: connection refused"}
{"level":"info","ts":1779015060.9986222,"msg":"health_check_success","server":"1","status_code":200,"latency":0.005744255}
{"level":"info","ts":1779015067.4243536,"msg":"health_check_started","server":"3"}
{"level":"info","ts":1779015067.4243982,"msg":"health_check_started","server":"1"}
{"level":"info","ts":1779015067.424406,"msg":"health_check_started","server":"2"}
{"level":"error","ts":1779015067.4259386,"msg":"health_check_failed","server":"3","url":"http://localhost:3002","fail_count":2,"latency":0.001592138,"error":"Get \"http://localhost:3002/health\": dial tcp 127.0.0.1:3002: connect: connection refused"}
{"level":"error","ts":1779015067.426986,"msg":"health_check_failed","server":"2","url":"http://localhost:3001","fail_count":2,"latency":0.002579689,"error":"Get \"http://localhost:3001/health\": dial tcp 127.0.0.1:3001: connect: connection refused"}
{"level":"info","ts":1779015067.4277496,"msg":"health_check_success","server":"1","status_code":200,"latency":0.003356822}
{"level":"info","ts":1779015071.4248376,"msg":"health_check_started","server":"3"}
{"level":"info","ts":1779015071.424888,"msg":"health_check_started","server":"1"}
{"level":"info","ts":1779015071.424947,"msg":"health_check_started","server":"2"}
{"level":"error","ts":1779015071.4262002,"msg":"health_check_failed","server":"3","url":"http://localhost:3002","fail_count":3,"latency":0.001370331,"error":"Get \"http://localhost:3002/health\": dial tcp 127.0.0.1:3002: connect: connection refused"}
{"level":"error","ts":1779015071.426804,"msg":"health_check_failed","server":"2","url":"http://localhost:3001","fail_count":3,"latency":0.001859056,"error":"Get \"http://localhost:3001/health\": dial tcp 127.0.0.1:3001: connect: connection refused"}
{"level":"info","ts":1779015071.4302611,"msg":"health_check_success","server":"1","status_code":200,"latency":0.005373441}
{"level":"info","ts":1779015075.4250202,"msg":"health_check_started","server":"1"}
{"level":"info","ts":1779015075.425012,"msg":"health_check_started","server":"3"}
{"level":"info","ts":1779015075.4251223,"msg":"health_check_started","server":"2"}
{"level":"error","ts":1779015075.4264457,"msg":"health_check_failed","server":"3","url":"http://localhost:3002","fail_count":4,"latency":0.001441023,"error":"Get \"http://localhost:3002/health\": dial tcp 127.0.0.1:3002: connect: connection refused"}
{"level":"info","ts":1779015075.4264612,"msg":"health_check_success","server":"1","status_code":200,"latency":0.001441895}
{"level":"error","ts":1779015075.4268534,"msg":"health_check_failed","server":"2","url":"http://localhost:3001","fail_count":4,"latency":0.001735601,"error":"Get \"http://localhost:3001/health\": dial tcp 127.0.0.1:3001: connect: connection refused"}
{"level":"info","ts":1779015590.8537264,"msg":"Load balancer started"}
{"level":"info","ts":1779015594.8587105,"msg":"health_check_started","server":"3"}
{"level":"info","ts":1779015594.8588862,"msg":"health_check_started","server":"1"}
{"level":"info","ts":1779015594.8589191,"msg":"health_check_started","server":"2"}
{"level":"info","ts":1779015594.8726428,"msg":"health_check_success","server":"2","status_code":200,"latency":0.013718266}
{"level":"info","ts":1779015594.8736289,"msg":"health_check_success","server":"1","status_code":200,"latency":0.014781257}
{"level":"info","ts":1779015594.8759446,"msg":"health_check_success","server":"3","status_code":200,"latency":0.017245766}
{"level":"info","ts":1779015598.8560576,"msg":"health_check_started","server":"2"}
{"level":"info","ts":1779015598.85619,"msg":"health_check_started","server":"3"}
{"level":"info","ts":1779015598.8562016,"msg":"health_check_started","server":"1"}
{"level":"info","ts":1779015598.8601868,"msg":"health_check_success","server":"1","status_code":200,"latency":0.003985244}
{"level":"info","ts":1779015598.861498,"msg":"health_check_success","server":"3","status_code":200,"latency":0.005313376}
{"level":"info","ts":1779015598.8619237,"msg":"health_check_success","server":"2","status_code":200,"latency":0.005872389}
{"level":"info","ts":1779015602.8560607,"msg":"health_check_started","server":"3"}
{"level":"info","ts":1779015602.8561249,"msg":"health_check_started","server":"1"}
{"level":"info","ts":1779015602.8561325,"msg":"health_check_started","server":"2"}
{"level":"info","ts":1779015602.8582318,"msg":"health_check_success","server":"3","status_code":200,"latency":0.002176132}
{"level":"info","ts":1779015602.8590288,"msg":"health_check_success","server":"1","status_code":200,"latency":0.002908933}
{"level":"info","ts":1779015602.8592563,"msg":"health_check_success","server":"2","status_code":200,"latency":0.003124081}
{"level":"info","ts":1779015606.8561757,"msg":"health_check_started","server":"3"}
{"level":"info","ts":1779015606.8562522,"msg":"health_check_started","server":"1"}
{"level":"info","ts":1779015606.8562615,"msg":"health_check_started","server":"2"}
{"level":"info","ts":1779015606.8595834,"msg":"health_check_success","server":"2","status_code":200,"latency":0.003322571}
{"level":"info","ts":1779015606.862025,"msg":"health_check_success","server":"3","status_code":200,"latency":0.005856511}
{"level":"info","ts":1779015606.862273,"msg":"health_check_success","server":"1","status_code":200,"latency":0.006026504}
{"level":"info","ts":1779015610.856618,"msg":"health_check_started","server":"3"}
{"level":"info","ts":1779015610.85681,"msg":"health_check_started","server":"1"}
{"level":"info","ts":1779015610.856825,"msg":"health_check_started","server":"2"}
{"level":"info","ts":1779015610.8588245,"msg":"health_check_success","server":"3","status_code":200,"latency":0.002212577}
{"level":"info","ts":1779015610.8595755,"msg":"health_check_success","server":"2","status_code":200,"latency":0.002752575}
{"level":"info","ts":1779015610.8636422,"msg":"health_check_success","server":"1","status_code":200,"latency":0.00686489}
{"level":"info","ts":1779015614.8560884,"msg":"health_check_started","server":"3"}
{"level":"info","ts":1779015614.8561215,"msg":"health_check_started","server":"1"}
{"level":"info","ts":1779015614.856135,"msg":"health_check_started","server":"2"}
{"level":"info","ts":1779015614.8578932,"msg":"health_check_success","server":"3","status_code":200,"latency":0.001824219}
{"level":"info","ts":1779015614.8580298,"msg":"health_check_success","server":"1","status_code":200,"latency":0.001913716}
{"level":"info","ts":1779015614.858311,"msg":"health_check_success","server":"2","status_code":200,"latency":0.002177653}
{"level":"info","ts":1779015618.8556838,"msg":"health_check_started","server":"3"}
{"level":"info","ts":1779015618.8557596,"msg":"health_check_started","server":"1"}
{"level":"info","ts":1779015618.8557742,"msg":"health_check_started","server":"2"}
{"level":"info","ts":1779015618.8579986,"msg":"health_check_success","server":"1","status_code":200,"latency":0.002249314}
{"level":"info","ts":1779015618.8576753,"msg":"health_check_success","server":"3","status_code":200,"latency":0.002003122}
{"level":"info","ts":1779015618.8613362,"msg":"health_check_success","server":"2","status_code":200,"latency":0.005558085}
{"level":"info","ts":1779015622.8569162,"msg":"health_check_started","server":"3"}
{"level":"info","ts":1779015622.8569365,"msg":"health_check_started","server":"1"}
{"level":"info","ts":1779015622.8569517,"msg":"health_check_started","server":"2"}
{"level":"info","ts":1779015622.8598866,"msg":"health_check_success","server":"3","status_code":200,"latency":0.002997038}
{"level":"info","ts":1779015622.8598928,"msg":"health_check_success","server":"2","status_code":200,"latency":0.002942173}
{"level":"info","ts":1779015622.8600216,"msg":"health_check_success","server":"1","status_code":200,"latency":0.003092696}
{"level":"info","ts":1779015626.8563616,"msg":"health_check_started","server":"3"}
{"level":"info","ts":1779015626.856446,"msg":"health_check_started","server":"1"}
{"level":"info","ts":1779015626.8564582,"msg":"health_check_started","server":"2"}
{"level":"info","ts":1779015626.8584268,"msg":"health_check_success","server":"3","status_code":200,"latency":0.002079171}
{"level":"info","ts":1779015626.8590286,"msg":"health_check_success","server":"1","status_code":200,"latency":0.002593707}
{"level":"info","ts":1779015626.8607001,"msg":"health_check_success","server":"2","status_code":200,"latency":0.004241595}
{"level":"info","ts":1779015630.8787737,"msg":"health_check_started","server":"3"}
{"level":"info","ts":1779015630.8788328,"msg":"health_check_started","server":"1"}
{"level":"info","ts":1779015630.878883,"msg":"health_check_started","server":"2"}
{"level":"info","ts":1779015630.8817244,"msg":"health_check_success","server":"3","status_code":200,"latency":0.002958227}
{"level":"info","ts":1779015630.8836098,"msg":"health_check_success","server":"1","status_code":200,"latency":0.004782906}
{"level":"info","ts":1779015630.8839092,"msg":"health_check_success","server":"2","status_code":200,"latency":0.005027266}
{"level":"info","ts":1779015637.8176272,"msg":"health_check_started","server":"3"}
{"level":"info","ts":1779015637.8178062,"msg":"health_check_started","server":"1"}
{"level":"info","ts":1779015637.8178194,"msg":"health_check_started","server":"2"}
{"level":"info","ts":1779015637.8237062,"msg":"health_check_success","server":"3","status_code":200,"latency":0.006115881}
{"level":"info","ts":1779015637.8242204,"msg":"health_check_success","server":"2","status_code":200,"latency":0.006402585}
{"level":"info","ts":1779015637.8237545,"msg":"health_check_success","server":"1","status_code":200,"latency":0.005983773}
{"level":"info","ts":1779015641.8227713,"msg":"health_check_started","server":"3"}
{"level":"info","ts":1779015641.8229325,"msg":"health_check_started","server":"1"}
{"level":"info","ts":1779015641.822949,"msg":"health_check_started","server":"2"}
{"level":"info","ts":1779015641.825657,"msg":"health_check_success","server":"3","status_code":200,"latency":0.002893879}
{"level":"info","ts":1779015641.8262992,"msg":"health_check_success","server":"2","status_code":200,"latency":0.003352073}
{"level":"info","ts":1779015641.8266687,"msg":"health_check_success","server":"1","status_code":200,"latency":0.003749015}
{"level":"info","ts":1779015645.8630164,"msg":"health_check_started","server":"3"}
{"level":"info","ts":1779015645.8631306,"msg":"health_check_started","server":"1"}
{"level":"info","ts":1779015645.8631456,"msg":"health_check_started","server":"2"}
{"level":"info","ts":1779015645.8649752,"msg":"health_check_success","server":"3","status_code":200,"latency":0.00196762}
{"level":"info","ts":1779015645.8657627,"msg":"health_check_success","server":"2","status_code":200,"latency":0.002618821}
{"level":"info","ts":1779015645.8664098,"msg":"health_check_success","server":"1","status_code":200,"latency":0.003294767}
{"level":"info","ts":1779015649.814931,"msg":"health_check_started","server":"3"}
{"level":"info","ts":1779015649.8151014,"msg":"health_check_started","server":"1"}
{"level":"info","ts":1779015649.8151143,"msg":"health_check_started","server":"2"}
{"level":"info","ts":1779015649.8170044,"msg":"health_check_success","server":"3","status_code":200,"latency":0.00208067}
{"level":"info","ts":1779015649.8175793,"msg":"health_check_success","server":"2","status_code":200,"latency":0.002465382}
{"level":"info","ts":1779015649.8258507,"msg":"health_check_success","server":"1","status_code":200,"latency":0.0107866}
{"level":"info","ts":1779015653.8145337,"msg":"health_check_started","server":"3"}
{"level":"info","ts":1779015653.814455,"msg":"health_check_started","server":"1"}
{"level":"info","ts":1779015653.81455,"msg":"health_check_started","server":"2"}
{"level":"info","ts":1779015653.816874,"msg":"health_check_success","server":"1","status_code":200,"latency":0.002421558}
{"level":"info","ts":1779015653.8173373,"msg":"health_check_success","server":"2","status_code":200,"latency":0.002789506}
{"level":"info","ts":1779015653.8203914,"msg":"health_check_success","server":"3","status_code":200,"latency":0.005950151}
{"level":"info","ts":1779015657.8131213,"msg":"health_check_started","server":"3"}
{"level":"info","ts":1779015657.8132265,"msg":"health_check_started","server":"1"}
{"level":"info","ts":1779015657.8132389,"msg":"health_check_started","server":"2"}
{"level":"info","ts":1779015657.8148527,"msg":"health_check_success","server":"3","status_code":200,"latency":0.001743509}
{"level":"info","ts":1779015657.8155646,"msg":"health_check_success","server":"1","status_code":200,"latency":0.00234522}
{"level":"info","ts":1779015657.8159637,"msg":"health_check_success","server":"2","status_code":200,"latency":0.002725984}
{"level":"info","ts":1779015661.8138459,"msg":"health_check_started","server":"3"}
{"level":"info","ts":1779015661.814004,"msg":"health_check_started","server":"1"}
{"level":"info","ts":1779015661.8140182,"msg":"health_check_started","server":"2"}
{"level":"info","ts":1779015661.8189893,"msg":"health_check_success","server":"3","status_code":200,"latency":0.005152217}
{"level":"info","ts":1779015661.8195744,"msg":"health_check_success","server":"2","status_code":200,"latency":0.005557203}
{"level":"info","ts":1779015661.819659,"msg":"health_check_success","server":"1","status_code":200,"latency":0.005665964}
{"level":"info","ts":1779015665.8146443,"msg":"health_check_started","server":"3"}
{"level":"info","ts":1779015665.8148327,"msg":"health_check_started","server":"1"}
{"level":"info","ts":1779015665.8148458,"msg":"health_check_started","server":"2"}
{"level":"info","ts":1779015665.8165805,"msg":"health_check_success","server":"3","status_code":200,"latency":0.001943343}
{"level":"info","ts":1779015665.8178043,"msg":"health_check_success","server":"2","status_code":200,"latency":0.002960287}
{"level":"info","ts":1779015665.818576,"msg":"health_check_success","server":"1","status_code":200,"latency":0.003775402}
{"level":"info","ts":1779015670.3772612,"msg":"health_check_started","server":"3"}
{"level":"info","ts":1779015670.3774111,"msg":"health_check_started","server":"1"}
{"level":"info","ts":1779015670.377429,"msg":"health_check_started","server":"2"}
{"level":"info","ts":1779015670.3790762,"msg":"health_check_success","server":"3","status_code":200,"latency":0.001827545}
{"level":"info","ts":1779015670.3794622,"msg":"health_check_success","server":"1","status_code":200,"latency":0.002063441}
{"level":"info","ts":1779015670.3797894,"msg":"health_check_success","server":"2","status_code":200,"latency":0.002364083}
{"level":"info","ts":1779015674.3776534,"msg":"health_check_started","server":"3"}
{"level":"info","ts":1779015674.3778906,"msg":"health_check_started","server":"1"}
{"level":"info","ts":1779015674.3779163,"msg":"health_check_started","server":"2"}
{"level":"info","ts":1779015674.3807478,"msg":"health_check_success","server":"2","status_code":200,"latency":0.002832397}
{"level":"info","ts":1779015674.4043431,"msg":"health_check_success","server":"3","status_code":200,"latency":0.026696106}
{"level":"error","ts":1779015674.4043796,"msg":"health_check_failed","server":"1","url":"http://localhost:3000","fail_count":1,"latency":0.026493998,"error":"Get \"http://localhost:3000/health\": dial tcp 127.0.0.1:3000: connect: connection refused"}
{"level":"info","ts":1779015678.3783429,"msg":"health_check_started","server":"3"}
{"level":"info","ts":1779015678.3784397,"msg":"health_check_started","server":"1"}
{"level":"info","ts":1779015678.3784547,"msg":"health_check_started","server":"2"}
{"level":"error","ts":1779015678.379643,"msg":"health_check_failed","server":"1","url":"http://localhost:3000","fail_count":2,"latency":0.001207198,"error":"Get \"http://localhost:3000/health\": dial tcp 127.0.0.1:3000: connect: connection refused"}
{"level":"info","ts":1779015678.379929,"msg":"health_check_success","server":"3","status_code":200,"latency":0.001596616}
{"level":"info","ts":1779015678.3810854,"msg":"health_check_success","server":"2","status_code":200,"latency":0.002630766}
{"level":"info","ts":1779015682.3783045,"msg":"health_check_started","server":"3"}
{"level":"info","ts":1779015682.3784137,"msg":"health_check_started","server":"1"}
{"level":"info","ts":1779015682.3797884,"msg":"health_check_success","server":"3","status_code":200,"latency":0.001494928}
{"level":"error","ts":1779015682.3803234,"msg":"health_check_failed","server":"1","url":"http://localhost:3000","fail_count":3,"latency":0.001917946,"error":"Get \"http://localhost:3000/health\": dial tcp 127.0.0.1:3000: connect: connection refused"}
{"level":"info","ts":1779015682.3784568,"msg":"health_check_started","server":"2"}
{"level":"info","ts":1779015682.3823617,"msg":"health_check_success","server":"2","status_code":200,"latency":0.003904604}
{"level":"info","ts":1779015686.3777983,"msg":"health_check_started","server":"3"}
{"level":"info","ts":1779015686.3778665,"msg":"health_check_started","server":"1"}
{"level":"info","ts":1779015686.3778737,"msg":"health_check_started","server":"2"}
{"level":"info","ts":1779015686.37924,"msg":"health_check_success","server":"3","status_code":200,"latency":0.00144907}
{"level":"error","ts":1779015686.3790026,"msg":"health_check_failed","server":"1","url":"http://localhost:3000","fail_count":4,"latency":0.001141597,"error":"Get \"http://localhost:3000/health\": dial tcp 127.0.0.1:3000: connect: connection refused"}
{"level":"info","ts":1779015686.3797626,"msg":"health_check_success","server":"2","status_code":200,"latency":0.001889428}
{"level":"info","ts":1779015690.3769531,"msg":"health_check_started","server":"3"}
{"level":"info","ts":1779015690.3770459,"msg":"health_check_started","server":"1"}
{"level":"info","ts":1779015690.3785284,"msg":"health_check_success","server":"3","status_code":200,"latency":0.001582745}
{"level":"info","ts":1779015690.377059,"msg":"health_check_started","server":"2"}
{"level":"error","ts":1779015690.3793843,"msg":"health_check_failed","server":"1","url":"http://localhost:3000","fail_count":5,"latency":0.002347648,"error":"Get \"http://localhost:3000/health\": dial tcp 127.0.0.1:3000: connect: connection refused"}
{"level":"info","ts":1779015690.3801382,"msg":"health_check_success","server":"2","status_code":200,"latency":0.003080233}
{"level":"info","ts":1779015694.3773987,"msg":"health_check_started","server":"3"}
{"level":"info","ts":1779015694.3775272,"msg":"health_check_started","server":"1"}
{"level":"info","ts":1779015694.377544,"msg":"health_check_started","server":"2"}
{"level":"error","ts":1779015694.3792295,"msg":"health_check_failed","server":"1","url":"http://localhost:3000","fail_count":6,"latency":0.001714494,"error":"Get \"http://localhost:3000/health\": dial tcp 127.0.0.1:3000: connect: connection refused"}
{"level":"info","ts":1779015694.3790233,"msg":"health_check_success","server":"3","status_code":200,"latency":0.00165983}
{"level":"info","ts":1779015694.3804297,"msg":"health_check_success","server":"2","status_code":200,"latency":0.002887148}
{"level":"info","ts":1779015698.3779278,"msg":"health_check_started","server":"3"}
{"level":"info","ts":1779015698.378145,"msg":"health_check_started","server":"1"}
{"level":"info","ts":1779015698.378164,"msg":"health_check_started","server":"2"}
{"level":"error","ts":1779015698.3801281,"msg":"health_check_failed","server":"1","url":"http://localhost:3000","fail_count":7,"latency":0.001995507,"error":"Get \"http://localhost:3000/health\": dial tcp 127.0.0.1:3000: connect: connection refused"}
{"level":"info","ts":1779015698.38009,"msg":"health_check_success","server":"3","status_code":200,"latency":0.002205255}
{"level":"info","ts":1779015698.3808255,"msg":"health_check_success","server":"2","status_code":200,"latency":0.002662885}
{"level":"info","ts":1779015702.3769355,"msg":"health_check_started","server":"3"}
{"level":"info","ts":1779015702.3771439,"msg":"health_check_started","server":"1"}
{"level":"info","ts":1779015702.3771522,"msg":"health_check_started","server":"2"}
{"level":"info","ts":1779015702.379984,"msg":"health_check_success","server":"2","status_code":200,"latency":0.002831557}
{"level":"error","ts":1779015702.3817236,"msg":"health_check_failed","server":"1","url":"http://localhost:3000","fail_count":8,"latency":0.004586499,"error":"Get \"http://localhost:3000/health\": dial tcp 127.0.0.1:3000: connect: connection refused"}
{"level":"info","ts":1779015702.382398,"msg":"health_check_success","server":"3","status_code":200,"latency":0.005470909}
{"level":"info","ts":1779015708.2471254,"msg":"health_check_started","server":"3"}
{"level":"info","ts":1779015708.2471564,"msg":"health_check_started","server":"1"}
{"level":"info","ts":1779015708.2471645,"msg":"health_check_started","server":"2"}
{"level":"info","ts":1779015708.2484791,"msg":"health_check_success","server":"3","status_code":200,"latency":0.001361769}
{"level":"error","ts":1779015708.2484813,"msg":"health_check_failed","server":"1","url":"http://localhost:3000","fail_count":9,"latency":0.001331852,"error":"Get \"http://localhost:3000/health\": dial tcp 127.0.0.1:3000: connect: connection refused"}
{"level":"info","ts":1779015708.2500927,"msg":"health_check_success","server":"2","status_code":200,"latency":0.002927636}
{"level":"error","ts":1779015711.532706,"msg":"server_marked_unhealthy","server":"1","fail_count":9}
{"level":"info","ts":1779015712.2468328,"msg":"health_check_started","server":"3"}
{"level":"info","ts":1779015712.2469075,"msg":"health_check_started","server":"1"}
{"level":"info","ts":1779015712.2469149,"msg":"health_check_started","server":"2"}
{"level":"info","ts":1779015712.2485747,"msg":"health_check_success","server":"3","status_code":200,"latency":0.001743251}
{"level":"error","ts":1779015712.2485747,"msg":"health_check_failed","server":"1","url":"http://localhost:3000","fail_count":10,"latency":0.001668223,"error":"Get \"http://localhost:3000/health\": dial tcp 127.0.0.1:3000: connect: connection refused"}
{"level":"info","ts":1779015712.2503521,"msg":"health_check_success","server":"2","status_code":200,"latency":0.003434896}
{"level":"info","ts":1779015716.246701,"msg":"health_check_started","server":"3"}
{"level":"info","ts":1779015716.2468543,"msg":"health_check_started","server":"2"}
{"level":"info","ts":1779015716.2468696,"msg":"health_check_started","server":"1"}
{"level":"info","ts":1779015716.248526,"msg":"health_check_success","server":"3","status_code":200,"latency":0.001825983}
{"level":"info","ts":1779015716.2488236,"msg":"health_check_success","server":"2","status_code":200,"latency":0.001972839}
{"level":"error","ts":1779015716.2527323,"msg":"health_check_failed","server":"1","url":"http://localhost:3000","fail_count":11,"latency":0.005864381,"error":"Get \"http://localhost:3000/health\": dial tcp 127.0.0.1:3000: connect: connection refused"}
{"level":"info","ts":1779015720.2466981,"msg":"health_check_started","server":"3"}
{"level":"info","ts":1779015720.2467444,"msg":"health_check_started","server":"1"}
{"level":"info","ts":1779015720.247761,"msg":"health_check_success","server":"3","status_code":200,"latency":0.001065063}
{"level":"info","ts":1779015720.2467508,"msg":"health_check_started","server":"2"}
{"level":"error","ts":1779015720.247851,"msg":"health_check_failed","server":"1","url":"http://localhost:3000","fail_count":12,"latency":0.001107916,"error":"Get \"http://localhost:3000/health\": dial tcp 127.0.0.1:3000: connect: connection refused"}
{"level":"info","ts":1779015720.2493665,"msg":"health_check_success","server":"2","status_code":200,"latency":0.002614874}
{"level":"info","ts":1779015724.2472525,"msg":"health_check_started","server":"3"}
{"level":"info","ts":1779015724.2473474,"msg":"health_check_started","server":"1"}
{"level":"info","ts":1779015724.247355,"msg":"health_check_started","server":"2"}
{"level":"info","ts":1779015724.248905,"msg":"health_check_success","server":"3","status_code":200,"latency":0.001691901}
{"level":"error","ts":1779015724.248763,"msg":"health_check_failed","server":"1","url":"http://localhost:3000","fail_count":13,"latency":0.00142117,"error":"Get \"http://localhost:3000/health\": dial tcp 127.0.0.1:3000: connect: connection refused"}
{"level":"info","ts":1779015724.2493985,"msg":"health_check_success","server":"2","status_code":200,"latency":0.002043497}
{"level":"info","ts":1779015728.2462604,"msg":"health_check_started","server":"3"}
{"level":"info","ts":1779015728.2463777,"msg":"health_check_started","server":"1"}
{"level":"info","ts":1779015728.246384,"msg":"health_check_started","server":"2"}
{"level":"info","ts":1779015728.2479405,"msg":"health_check_success","server":"3","status_code":200,"latency":0.001681001}
{"level":"error","ts":1779015728.2479556,"msg":"health_check_failed","server":"1","url":"http://localhost:3000","fail_count":14,"latency":0.001579501,"error":"Get \"http://localhost:3000/health\": dial tcp 127.0.0.1:3000: connect: connection refused"}
{"level":"info","ts":1779015728.2488637,"msg":"health_check_success","server":"2","status_code":200,"latency":0.002478866}
{"level":"info","ts":1779015732.2467902,"msg":"health_check_started","server":"3"}
{"level":"info","ts":1779015732.2469351,"msg":"health_check_started","server":"1"}
{"level":"info","ts":1779015732.2469747,"msg":"health_check_started","server":"2"}
{"level":"info","ts":1779015732.2484102,"msg":"health_check_success","server":"3","status_code":200,"latency":0.001634111}
{"level":"error","ts":1779015732.2484746,"msg":"health_check_failed","server":"1","url":"http://localhost:3000","fail_count":15,"latency":0.001543763,"error":"Get \"http://localhost:3000/health\": dial tcp 127.0.0.1:3000: connect: connection refused"}
{"level":"info","ts":1779015732.249247,"msg":"health_check_success","server":"2","status_code":200,"latency":0.002286463}
{"level":"info","ts":1779015736.246831,"msg":"health_check_started","server":"3"}
{"level":"info","ts":1779015736.246956,"msg":"health_check_started","server":"1"}
{"level":"info","ts":1779015736.2469711,"msg":"health_check_started","server":"2"}
{"level":"info","ts":1779015736.2485244,"msg":"health_check_success","server":"3","status_code":200,"latency":0.001693742}
{"level":"error","ts":1779015736.248536,"msg":"health_check_failed","server":"1","url":"http://localhost:3000","fail_count":16,"latency":0.001583934,"error":"Get \"http://localhost:3000/health\": dial tcp 127.0.0.1:3000: connect: connection refused"}
{"level":"info","ts":1779015736.249572,"msg":"health_check_success","server":"2","status_code":200,"latency":0.002599671}
{"level":"info","ts":1779015742.2576268,"msg":"health_check_started","server":"3"}
{"level":"info","ts":1779015742.2577062,"msg":"health_check_started","server":"1"}
{"level":"info","ts":1779015742.257714,"msg":"health_check_started","server":"2"}
{"level":"error","ts":1779015742.2589653,"msg":"health_check_failed","server":"1","url":"http://localhost:3000","fail_count":17,"latency":0.001259346,"error":"Get \"http://localhost:3000/health\": dial tcp 127.0.0.1:3000: connect: connection refused"}
{"level":"info","ts":1779015742.2599053,"msg":"health_check_success","server":"2","status_code":200,"latency":0.002189974}
{"level":"info","ts":1779015742.259225,"msg":"health_check_success","server":"3","status_code":200,"latency":0.001598442}
{"level":"error","ts":1779015743.9815319,"msg":"server_marked_unhealthy","server":"1","fail_count":17}
{"level":"info","ts":1779015746.2575214,"msg":"health_check_started","server":"2"}
{"level":"info","ts":1779015746.257599,"msg":"health_check_started","server":"3"}
{"level":"info","ts":1779015746.2576084,"msg":"health_check_started","server":"1"}
{"level":"info","ts":1779015746.2591074,"msg":"health_check_success","server":"2","status_code":200,"latency":0.001586678}
{"level":"info","ts":1779015746.2593477,"msg":"health_check_success","server":"3","status_code":200,"latency":0.001748885}
{"level":"error","ts":1779015746.2596204,"msg":"health_check_failed","server":"1","url":"http://localhost:3000","fail_count":18,"latency":0.002011713,"error":"Get \"http://localhost:3000/health\": dial tcp 127.0.0.1:3000: connect: connection refused"}
{"level":"info","ts":1779015750.257836,"msg":"health_check_started","server":"3"}
{"level":"info","ts":1779015750.2580187,"msg":"health_check_started","server":"1"}
{"level":"info","ts":1779015750.2594492,"msg":"health_check_success","server":"3","status_code":200,"latency":0.001613433}
{"level":"info","ts":1779015750.258033,"msg":"health_check_started","server":"2"}
{"level":"error","ts":1779015750.259602,"msg":"health_check_failed","server":"1","url":"http://localhost:3000","fail_count":19,"latency":0.001588103,"error":"Get \"http://localhost:3000/health\": dial tcp 127.0.0.1:3000: connect: connection refused"}
{"level":"info","ts":1779015750.261743,"msg":"health_check_success","server":"2","status_code":200,"latency":0.003708836}
{"level":"info","ts":1779015754.2576296,"msg":"health_check_started","server":"3"}
{"level":"info","ts":1779015754.2577314,"msg":"health_check_started","server":"1"}
{"level":"info","ts":1779015754.2577438,"msg":"health_check_started","server":"2"}
{"level":"error","ts":1779015754.2595372,"msg":"health_check_failed","server":"1","url":"http://localhost:3000","fail_count":20,"latency":0.001805278,"error":"Get \"http://localhost:3000/health\": dial tcp 127.0.0.1:3000: connect: connection refused"}
{"level":"info","ts":1779015754.2595773,"msg":"health_check_success","server":"3","status_code":200,"latency":0.001948617}
{"level":"info","ts":1779015754.2607565,"msg":"health_check_success","server":"2","status_code":200,"latency":0.003008387}
{"level":"info","ts":1779015758.2584226,"msg":"health_check_started","server":"3"}
{"level":"info","ts":1779015758.2585094,"msg":"health_check_started","server":"1"}
{"level":"info","ts":1779015758.2585268,"msg":"health_check_started","server":"2"}
{"level":"error","ts":1779015758.2597342,"msg":"health_check_failed","server":"1","url":"http://localhost:3000","fail_count":21,"latency":0.001263498,"error":"Get \"http://localhost:3000/health\": dial tcp 127.0.0.1:3000: connect: connection refused"}
{"level":"info","ts":1779015758.259972,"msg":"health_check_success","server":"3","status_code":200,"latency":0.001584583}
{"level":"info","ts":1779015758.2611678,"msg":"health_check_success","server":"2","status_code":200,"latency":0.002640079}
{"level":"error","ts":1779015758.6017992,"msg":"server_marked_unhealthy","server":"1","fail_count":21}
{"level":"info","ts":1779015762.257897,"msg":"health_check_started","server":"3"}
{"level":"info","ts":1779015762.2580163,"msg":"health_check_started","server":"1"}
{"level":"info","ts":1779015762.2580223,"msg":"health_check_started","server":"2"}
{"level":"info","ts":1779015762.2597392,"msg":"health_check_success","server":"3","status_code":200,"latency":0.001843717}
{"level":"info","ts":1779015762.260081,"msg":"health_check_success","server":"2","status_code":200,"latency":0.002056302}
{"level":"error","ts":1779015762.2594683,"msg":"health_check_failed","server":"1","url":"http://localhost:3000","fail_count":22,"latency":0.001450689,"error":"Get \"http://localhost:3000/health\": dial tcp 127.0.0.1:3000: connect: connection refused"}
{"level":"info","ts":1779015766.2575674,"msg":"health_check_started","server":"3"}
{"level":"info","ts":1779015766.2576,"msg":"health_check_started","server":"1"}
{"level":"info","ts":1779015766.257612,"msg":"health_check_started","server":"2"}
{"level":"info","ts":1779015766.2586663,"msg":"health_check_success","server":"3","status_code":200,"latency":0.001107564}
{"level":"error","ts":1779015766.2596846,"msg":"health_check_failed","server":"1","url":"http://localhost:3000","fail_count":23,"latency":0.002084212,"error":"Get \"http://localhost:3000/health\": dial tcp 127.0.0.1:3000: connect: connection refused"}
{"level":"info","ts":1779015766.260514,"msg":"health_check_success","server":"2","status_code":200,"latency":0.00290429}
{"level":"info","ts":1779015770.2577612,"msg":"health_check_started","server":"3"}
{"level":"info","ts":1779015770.2578294,"msg":"health_check_started","server":"1"}
{"level":"info","ts":1779015770.2578397,"msg":"health_check_started","server":"2"}
{"level":"info","ts":1779015770.2590406,"msg":"health_check_success","server":"3","status_code":200,"latency":0.001280125}
{"level":"info","ts":1779015770.259438,"msg":"health_check_success","server":"2","status_code":200,"latency":0.001597131}
{"level":"error","ts":1779015770.2590487,"msg":"health_check_failed","server":"1","url":"http://localhost:3000","fail_count":24,"latency":0.001220935,"error":"Get \"http://localhost:3000/health\": dial tcp 127.0.0.1:3000: connect: connection refused"}
{"level":"info","ts":1779015776.5466504,"msg":"health_check_started","server":"3"}
{"level":"info","ts":1779015776.5467625,"msg":"health_check_started","server":"1"}
{"level":"info","ts":1779015776.5481033,"msg":"health_check_success","server":"3","status_code":200,"latency":0.00145147}
{"level":"info","ts":1779015776.5467753,"msg":"health_check_started","server":"2"}
{"level":"error","ts":1779015776.5490673,"msg":"health_check_failed","server":"1","url":"http://localhost:3000","fail_count":25,"latency":0.002308005,"error":"Get \"http://localhost:3000/health\": dial tcp 127.0.0.1:3000: connect: connection refused"}
{"level":"info","ts":1779015776.549479,"msg":"health_check_success","server":"2","status_code":200,"latency":0.002702739}
{"level":"info","ts":1779015780.5463352,"msg":"health_check_started","server":"3"}
{"level":"info","ts":1779015780.5463915,"msg":"health_check_started","server":"1"}
{"level":"info","ts":1779015780.546404,"msg":"health_check_started","server":"2"}
{"level":"info","ts":1779015780.5481822,"msg":"health_check_success","server":"3","status_code":200,"latency":0.001860248}
{"level":"error","ts":1779015780.5478861,"msg":"health_check_failed","server":"1","url":"http://localhost:3000","fail_count":26,"latency":0.001495305,"error":"Get \"http://localhost:3000/health\": dial tcp 127.0.0.1:3000: connect: connection refused"}
{"level":"info","ts":1779015780.54893,"msg":"health_check_success","server":"2","status_code":200,"latency":0.002530219}
{"level":"info","ts":1779015784.546631,"msg":"health_check_started","server":"3"}
{"level":"info","ts":1779015784.5467095,"msg":"health_check_started","server":"1"}
{"level":"info","ts":1779015784.546719,"msg":"health_check_started","server":"2"}
{"level":"info","ts":1779015784.5479097,"msg":"health_check_success","server":"3","status_code":200,"latency":0.001279554}
{"level":"error","ts":1779015784.5477593,"msg":"health_check_failed","server":"1","url":"http://localhost:3000","fail_count":27,"latency":0.001050274,"error":"Get \"http://localhost:3000/health\": dial tcp 127.0.0.1:3000: connect: connection refused"}
{"level":"info","ts":1779015784.5484972,"msg":"health_check_success","server":"2","status_code":200,"latency":0.001776522}
{"level":"error","ts":1779015785.6474807,"msg":"server_marked_unhealthy","server":"1","fail_count":27}
{"level":"info","ts":1779015789.5748205,"msg":"Load balancer started"}
{"level":"info","ts":1779015793.5784535,"msg":"health_check_started","server":"3"}
{"level":"info","ts":1779015793.5786126,"msg":"health_check_started","server":"1"}
{"level":"info","ts":1779015793.5786395,"msg":"health_check_started","server":"2"}
{"level":"error","ts":1779015793.580514,"msg":"health_check_failed","server":"1","url":"http://localhost:3000","fail_count":1,"latency":0.001938714,"error":"Get \"http://localhost:3000/health\": dial tcp 127.0.0.1:3000: connect: connection refused"}
{"level":"info","ts":1779015793.5806901,"msg":"health_check_success","server":"3","status_code":200,"latency":0.00229413}
{"level":"info","ts":1779015793.58159,"msg":"health_check_success","server":"2","status_code":200,"latency":0.00295075}
{"level":"info","ts":1779015797.5764997,"msg":"health_check_started","server":"1"}
{"level":"info","ts":1779015797.5766213,"msg":"health_check_started","server":"3"}
{"level":"info","ts":1779015797.5766423,"msg":"health_check_started","server":"2"}
{"level":"error","ts":1779015797.5775812,"msg":"health_check_failed","server":"1","url":"http://localhost:3000","fail_count":2,"latency":0.001111973,"error":"Get \"http://localhost:3000/health\": dial tcp 127.0.0.1:3000: connect: connection refused"}
{"level":"info","ts":1779015797.5783348,"msg":"health_check_success","server":"3","status_code":200,"latency":0.001872987}
{"level":"info","ts":1779015797.578637,"msg":"health_check_success","server":"2","status_code":200,"latency":0.002001726}
{"level":"info","ts":1779015801.5759306,"msg":"health_check_started","server":"3"}
{"level":"info","ts":1779015801.5761664,"msg":"health_check_started","server":"1"}
{"level":"info","ts":1779015801.5761795,"msg":"health_check_started","server":"2"}
{"level":"info","ts":1779015801.5778596,"msg":"health_check_success","server":"3","status_code":200,"latency":0.001935129}
{"level":"error","ts":1779015801.5779064,"msg":"health_check_failed","server":"1","url":"http://localhost:3000","fail_count":3,"latency":0.001777206,"error":"Get \"http://localhost:3000/health\": dial tcp 127.0.0.1:3000: connect: connection refused"}
{"level":"info","ts":1779015801.579146,"msg":"health_check_success","server":"2","status_code":200,"latency":0.002967604}
{"level":"info","ts":1779015807.9815288,"msg":"health_check_started","server":"1"}
{"level":"info","ts":1779015807.981605,"msg":"health_check_started","server":"3"}
{"level":"info","ts":1779015807.9816628,"msg":"health_check_started","server":"2"}
{"level":"error","ts":1779015807.983082,"msg":"health_check_failed","server":"1","url":"http://localhost:3000","fail_count":4,"latency":0.001572406,"error":"Get \"http://localhost:3000/health\": dial tcp 127.0.0.1:3000: connect: connection refused"}
{"level":"info","ts":1779015807.9838326,"msg":"health_check_success","server":"3","status_code":200,"latency":0.00223231}
{"level":"info","ts":1779015807.984294,"msg":"health_check_success","server":"2","status_code":200,"latency":0.002678014}
{"level":"info","ts":1779015811.9816687,"msg":"health_check_started","server":"3"}
{"level":"info","ts":1779015811.9817426,"msg":"health_check_started","server":"1"}
{"level":"info","ts":1779015811.9817555,"msg":"health_check_started","server":"2"}
{"level":"info","ts":1779015811.9835658,"msg":"health_check_success","server":"3","status_code":200,"latency":0.00190998}
{"level":"error","ts":1779015811.9834242,"msg":"health_check_failed","server":"1","url":"http://localhost:3000","fail_count":5,"latency":0.001689293,"error":"Get \"http://localhost:3000/health\": dial tcp 127.0.0.1:3000: connect: connection refused"}
{"level":"info","ts":1779015811.984546,"msg":"health_check_success","server":"2","status_code":200,"latency":0.002791374}
{"level":"info","ts":1779015815.9820702,"msg":"health_check_started","server":"3"}
{"level":"info","ts":1779015815.982132,"msg":"health_check_started","server":"1"}
{"level":"info","ts":1779015815.982146,"msg":"health_check_started","server":"2"}
{"level":"error","ts":1779015815.98347,"msg":"health_check_failed","server":"1","url":"http://localhost:3000","fail_count":6,"latency":0.001343301,"error":"Get \"http://localhost:3000/health\": dial tcp 127.0.0.1:3000: connect: connection refused"}
{"level":"info","ts":1779015815.983501,"msg":"health_check_success","server":"3","status_code":200,"latency":0.001425176}
{"level":"info","ts":1779015815.9855692,"msg":"health_check_success","server":"2","status_code":200,"latency":0.00342194}
{"level":"info","ts":1779015819.9820244,"msg":"health_check_started","server":"1"}
{"level":"info","ts":1779015819.9820638,"msg":"health_check_started","server":"3"}
{"level":"info","ts":1779015819.982079,"msg":"health_check_started","server":"2"}
{"level":"error","ts":1779015819.9830794,"msg":"health_check_failed","server":"1","url":"http://localhost:3000","fail_count":7,"latency":0.00105396,"error":"Get \"http://localhost:3000/health\": dial tcp 127.0.0.1:3000: connect: connection refused"}
{"level":"info","ts":1779015819.9843013,"msg":"health_check_success","server":"3","status_code":200,"latency":0.002288117}
{"level":"info","ts":1779015819.9850006,"msg":"health_check_success","server":"2","status_code":200,"latency":0.00291592}
{"level":"info","ts":1779015823.9822695,"msg":"health_check_started","server":"3"}
{"level":"info","ts":1779015823.9824173,"msg":"health_check_started","server":"1"}
{"level":"info","ts":1779015823.9824295,"msg":"health_check_started","server":"2"}
{"level":"info","ts":1779015823.9839137,"msg":"health_check_success","server":"3","status_code":200,"latency":0.001680108}
{"level":"error","ts":1779015823.983723,"msg":"health_check_failed","server":"1","url":"http://localhost:3000","fail_count":8,"latency":0.001335337,"error":"Get \"http://localhost:3000/health\": dial tcp 127.0.0.1:3000: connect: connection refused"}
{"level":"info","ts":1779015823.9847422,"msg":"health_check_success","server":"2","status_code":200,"latency":0.00231288}
{"level":"info","ts":1779015827.9814782,"msg":"health_check_started","server":"3"}
{"level":"info","ts":1779015827.9817388,"msg":"health_check_started","server":"1"}
{"level":"info","ts":1779015827.9817882,"msg":"health_check_started","server":"2"}
{"level":"error","ts":1779015827.9832134,"msg":"health_check_failed","server":"1","url":"http://localhost:3000","fail_count":9,"latency":0.001497955,"error":"Get \"http://localhost:3000/health\": dial tcp 127.0.0.1:3000: connect: connection refused"}
{"level":"info","ts":1779015827.9838881,"msg":"health_check_success","server":"2","status_code":200,"latency":0.002122412}
{"level":"info","ts":1779015827.9832487,"msg":"health_check_success","server":"3","status_code":200,"latency":0.001784346}
{"level":"info","ts":1779015831.9813936,"msg":"health_check_started","server":"3"}
{"level":"info","ts":1779015831.9814863,"msg":"health_check_started","server":"1"}
{"level":"info","ts":1779015831.9814994,"msg":"health_check_started","server":"2"}
{"level":"error","ts":1779015831.9828353,"msg":"health_check_failed","server":"1","url":"http://localhost:3000","fail_count":10,"latency":0.001359924,"error":"Get \"http://localhost:3000/health\": dial tcp 127.0.0.1:3000: connect: connection refused"}
{"level":"info","ts":1779015831.9836612,"msg":"health_check_success","server":"2","status_code":200,"latency":0.002161959}
{"level":"info","ts":1779015831.982951,"msg":"health_check_success","server":"3","status_code":200,"latency":0.001560485}
{"level":"info","ts":1779015835.9821303,"msg":"health_check_started","server":"3"}
{"level":"info","ts":1779015835.982193,"msg":"health_check_started","server":"1"}
{"level":"info","ts":1779015835.9822543,"msg":"health_check_started","server":"2"}
{"level":"info","ts":1779015835.9834476,"msg":"health_check_success","server":"3","status_code":200,"latency":0.001318129}
{"level":"error","ts":1779015835.983467,"msg":"health_check_failed","server":"1","url":"http://localhost:3000","fail_count":11,"latency":0.001276358,"error":"Get \"http://localhost:3000/health\": dial tcp 127.0.0.1:3000: connect: connection refused"}
{"level":"info","ts":1779015835.9843097,"msg":"health_check_success","server":"2","status_code":200,"latency":0.002054448}
{"level":"error","ts":1779015837.6625607,"msg":"server_marked_unhealthy","server":"1","fail_count":11}
{"level":"info","ts":1779015839.9820561,"msg":"health_check_started","server":"3"}
{"level":"info","ts":1779015839.9821508,"msg":"health_check_started","server":"1"}
{"level":"info","ts":1779015839.982173,"msg":"health_check_started","server":"2"}
{"level":"error","ts":1779015839.9831808,"msg":"health_check_failed","server":"1","url":"http://localhost:3000","fail_count":12,"latency":0.001042497,"error":"Get \"http://localhost:3000/health\": dial tcp 127.0.0.1:3000: connect: connection refused"}
{"level":"info","ts":1779015839.9840343,"msg":"health_check_success","server":"2","status_code":200,"latency":0.001870188}
{"level":"info","ts":1779015839.9834282,"msg":"health_check_success","server":"3","status_code":200,"latency":0.001379951}
{"level":"info","ts":1779015846.4168167,"msg":"health_check_started","server":"3"}
{"level":"info","ts":1779015846.4168649,"msg":"health_check_started","server":"1"}
{"level":"info","ts":1779015846.4169147,"msg":"health_check_started","server":"2"}
{"level":"error","ts":1779015846.4183636,"msg":"health_check_failed","server":"1","url":"http://localhost:3000","fail_count":13,"latency":0.001499369,"error":"Get \"http://localhost:3000/health\": dial tcp 127.0.0.1:3000: connect: connection refused"}
{"level":"info","ts":1779015846.4184456,"msg":"health_check_success","server":"3","status_code":200,"latency":0.001630502}
{"level":"info","ts":1779015846.4193473,"msg":"health_check_success","server":"2","status_code":200,"latency":0.002431266}
{"level":"info","ts":1779015850.4166794,"msg":"health_check_started","server":"3"}
{"level":"info","ts":1779015850.4167943,"msg":"health_check_started","server":"1"}
{"level":"info","ts":1779015850.416807,"msg":"health_check_started","server":"2"}
{"level":"info","ts":1779015850.418197,"msg":"health_check_success","server":"3","status_code":200,"latency":0.001518032}
{"level":"error","ts":1779015850.418197,"msg":"health_check_failed","server":"1","url":"http://localhost:3000","fail_count":14,"latency":0.001403674,"error":"Get \"http://localhost:3000/health\": dial tcp 127.0.0.1:3000: connect: connection refused"}
{"level":"info","ts":1779015850.419234,"msg":"health_check_success","server":"2","status_code":200,"latency":0.002425981}
{"level":"info","ts":1779015854.417297,"msg":"health_check_started","server":"3"}
{"level":"info","ts":1779015854.4174254,"msg":"health_check_started","server":"1"}
{"level":"info","ts":1779015854.417432,"msg":"health_check_started","server":"2"}
{"level":"info","ts":1779015854.4186096,"msg":"health_check_success","server":"3","status_code":200,"latency":0.001313038}
{"level":"info","ts":1779015854.4191482,"msg":"health_check_success","server":"2","status_code":200,"latency":0.001715562}
{"level":"error","ts":1779015854.4186375,"msg":"health_check_failed","server":"1","url":"http://localhost:3000","fail_count":15,"latency":0.001213626,"error":"Get \"http://localhost:3000/health\": dial tcp 127.0.0.1:3000: connect: connection refused"}
{"level":"info","ts":1779015858.416335,"msg":"health_check_started","server":"3"}
{"level":"info","ts":1779015858.4164424,"msg":"health_check_started","server":"1"}
{"level":"info","ts":1779015858.4178414,"msg":"health_check_success","server":"3","status_code":200,"latency":0.001507198}
{"level":"info","ts":1779015858.4164534,"msg":"health_check_started","server":"2"}
{"level":"error","ts":1779015858.4180794,"msg":"health_check_failed","server":"1","url":"http://localhost:3000","fail_count":16,"latency":0.001638865,"error":"Get \"http://localhost:3000/health\": dial tcp 127.0.0.1:3000: connect: connection refused"}
{"level":"info","ts":1779015858.419276,"msg":"health_check_success","server":"2","status_code":200,"latency":0.002821343}
{"level":"error","ts":1779015859.9542649,"msg":"server_marked_unhealthy","server":"1","fail_count":16}
{"level":"info","ts":1779015862.417331,"msg":"health_check_started","server":"3"}
{"level":"info","ts":1779015862.417478,"msg":"health_check_started","server":"1"}
{"level":"info","ts":1779015862.4175124,"msg":"health_check_started","server":"2"}
{"level":"error","ts":1779015862.4185116,"msg":"health_check_failed","server":"1","url":"http://localhost:3000","fail_count":17,"latency":0.001010251,"error":"Get \"http://localhost:3000/health\": dial tcp 127.0.0.1:3000: connect: connection refused"}
{"level":"info","ts":1779015862.418708,"msg":"health_check_success","server":"3","status_code":200,"latency":0.001378099}
{"level":"info","ts":1779015862.419596,"msg":"health_check_success","server":"2","status_code":200,"latency":0.002081919}
{"level":"info","ts":1779015866.416888,"msg":"health_check_started","server":"3"}
{"level":"info","ts":1779015866.4169574,"msg":"health_check_started","server":"1"}
{"level":"info","ts":1779015866.4169645,"msg":"health_check_started","server":"2"}
{"level":"info","ts":1779015866.418291,"msg":"health_check_success","server":"3","status_code":200,"latency":0.001403496}
{"level":"info","ts":1779015866.418987,"msg":"health_check_success","server":"2","status_code":200,"latency":0.002021464}
{"level":"error","ts":1779015866.4219928,"msg":"health_check_failed","server":"1","url":"http://localhost:3000","fail_count":18,"latency":0.005035589,"error":"Get \"http://localhost:3000/health\": dial tcp 127.0.0.1:3000: connect: connection refused"}
{"level":"info","ts":1779015870.4169,"msg":"health_check_started","server":"3"}
{"level":"info","ts":1779015870.416983,"msg":"health_check_started","server":"1"}
{"level":"info","ts":1779015870.4169903,"msg":"health_check_started","server":"2"}
{"level":"info","ts":1779015870.4184005,"msg":"health_check_success","server":"3","status_code":200,"latency":0.001503939}
{"level":"error","ts":1779015870.4182055,"msg":"health_check_failed","server":"1","url":"http://localhost:3000","fail_count":19,"latency":0.001225384,"error":"Get \"http://localhost:3000/health\": dial tcp 127.0.0.1:3000: connect: connection refused"}
{"level":"info","ts":1779015870.4190998,"msg":"health_check_success","server":"2","status_code":200,"latency":0.002108268}
{"level":"info","ts":1779015874.416321,"msg":"health_check_started","server":"1"}
{"level":"info","ts":1779015874.4163668,"msg":"health_check_started","server":"3"}
{"level":"info","ts":1779015874.4163868,"msg":"health_check_started","server":"2"}
{"level":"error","ts":1779015874.4176636,"msg":"health_check_failed","server":"1","url":"http://localhost:3000","fail_count":20,"latency":0.001343588,"error":"Get \"http://localhost:3000/health\": dial tcp 127.0.0.1:3000: connect: connection refused"}
{"level":"info","ts":1779015874.4213445,"msg":"health_check_success","server":"2","status_code":200,"latency":0.004962732}
{"level":"info","ts":1779015874.4200315,"msg":"health_check_success","server":"3","status_code":200,"latency":0.00372449}
{"level":"info","ts":1779015880.7336507,"msg":"health_check_started","server":"3"}
{"level":"info","ts":1779015880.7338116,"msg":"health_check_started","server":"1"}
{"level":"info","ts":1779015880.733823,"msg":"health_check_started","server":"2"}
{"level":"error","ts":1779015880.7353358,"msg":"health_check_failed","server":"1","url":"http://localhost:3000","fail_count":21,"latency":0.001524565,"error":"Get \"http://localhost:3000/health\": dial tcp 127.0.0.1:3000: connect: connection refused"}
{"level":"info","ts":1779015880.735443,"msg":"health_check_success","server":"3","status_code":200,"latency":0.00179434}
{"level":"info","ts":1779015880.736299,"msg":"health_check_success","server":"2","status_code":200,"latency":0.002474526}
{"level":"error","ts":1779015881.4708254,"msg":"server_marked_unhealthy","server":"1","fail_count":21}
{"level":"info","ts":1779015941.9305725,"msg":"Load balancer started"}
{"level":"info","ts":1779015948.5269487,"msg":"health_check_started","server":"3"}
{"level":"info","ts":1779015948.5271556,"msg":"health_check_started","server":"1"}
{"level":"info","ts":1779015948.527216,"msg":"health_check_started","server":"2"}
{"level":"error","ts":1779015948.5288515,"msg":"health_check_failed","server":"1","url":"http://localhost:3000","fail_count":1,"latency":0.001806505,"error":"Get \"http://localhost:3000/health\": dial tcp 127.0.0.1:3000: connect: connection refused"}
{"level":"info","ts":1779015948.5293968,"msg":"health_check_success","server":"3","status_code":200,"latency":0.002487871}
{"level":"info","ts":1779015948.530314,"msg":"health_check_success","server":"2","status_code":200,"latency":0.003104842}
{"level":"info","ts":1779015952.525807,"msg":"health_check_started","server":"3"}
{"level":"info","ts":1779015952.525934,"msg":"health_check_started","server":"1"}
{"level":"info","ts":1779015952.5259793,"msg":"health_check_started","server":"2"}
{"level":"info","ts":1779015952.5276172,"msg":"health_check_success","server":"3","status_code":200,"latency":0.001816572}
{"level":"error","ts":1779015952.5276341,"msg":"health_check_failed","server":"1","url":"http://localhost:3000","fail_count":2,"latency":0.001707195,"error":"Get \"http://localhost:3000/health\": dial tcp 127.0.0.1:3000: connect: connection refused"}
{"level":"info","ts":1779015952.5296433,"msg":"health_check_success","server":"2","status_code":200,"latency":0.003664747}
{"level":"info","ts":1779015956.525441,"msg":"health_check_started","server":"3"}
{"level":"info","ts":1779015956.5255015,"msg":"health_check_started","server":"1"}
{"level":"info","ts":1779015956.5255134,"msg":"health_check_started","server":"2"}
{"level":"info","ts":1779015956.527298,"msg":"health_check_success","server":"3","status_code":200,"latency":0.001866363}
{"level":"info","ts":1779015956.5280948,"msg":"health_check_success","server":"2","status_code":200,"latency":0.002581756}
{"level":"error","ts":1779015956.527287,"msg":"health_check_failed","server":"1","url":"http://localhost:3000","fail_count":3,"latency":0.00179292,"error":"Get \"http://localhost:3000/health\": dial tcp 127.0.0.1:3000: connect: connection refused"}
{"level":"info","ts":1779015960.525655,"msg":"health_check_started","server":"3"}
{"level":"info","ts":1779015960.5257328,"msg":"health_check_started","server":"1"}
{"level":"info","ts":1779015960.5257409,"msg":"health_check_started","server":"2"}
{"level":"info","ts":1779015960.526987,"msg":"health_check_success","server":"3","status_code":200,"latency":0.001366995}
{"level":"error","ts":1779015960.5270252,"msg":"health_check_failed","server":"1","url":"http://localhost:3000","fail_count":4,"latency":0.001298661,"error":"Get \"http://localhost:3000/health\": dial tcp 127.0.0.1:3000: connect: connection refused"}
{"level":"info","ts":1779015960.527776,"msg":"health_check_success","server":"2","status_code":200,"latency":0.002035367}
{"level":"info","ts":1779015964.5257006,"msg":"health_check_started","server":"3"}
{"level":"info","ts":1779015964.5257902,"msg":"health_check_started","server":"1"}
{"level":"info","ts":1779015964.525804,"msg":"health_check_started","server":"2"}
{"level":"info","ts":1779015964.527365,"msg":"health_check_success","server":"3","status_code":200,"latency":0.001673545}
{"level":"error","ts":1779015964.5273502,"msg":"health_check_failed","server":"1","url":"http://localhost:3000","fail_count":5,"latency":0.001568108,"error":"Get \"http://localhost:3000/health\": dial tcp 127.0.0.1:3000: connect: connection refused"}
{"level":"info","ts":1779015964.5319538,"msg":"health_check_success","server":"2","status_code":200,"latency":0.006148964}
{"level":"info","ts":1779015968.526219,"msg":"health_check_started","server":"3"}
{"level":"info","ts":1779015968.5262487,"msg":"health_check_started","server":"1"}
{"level":"info","ts":1779015968.5262575,"msg":"health_check_started","server":"2"}
{"level":"info","ts":1779015968.5277505,"msg":"health_check_success","server":"3","status_code":200,"latency":0.001567258}
{"level":"error","ts":1779015968.527781,"msg":"health_check_failed","server":"1","url":"http://localhost:3000","fail_count":6,"latency":0.001537593,"error":"Get \"http://localhost:3000/health\": dial tcp 127.0.0.1:3000: connect: connection refused"}
{"level":"info","ts":1779015968.5286767,"msg":"health_check_success","server":"2","status_code":200,"latency":0.002418694}
{"level":"info","ts":1779015972.5252213,"msg":"health_check_started","server":"3"}
{"level":"info","ts":1779015972.525315,"msg":"health_check_started","server":"1"}
{"level":"info","ts":1779015972.5253284,"msg":"health_check_started","server":"2"}
{"level":"info","ts":1779015972.5269072,"msg":"health_check_success","server":"3","status_code":200,"latency":0.001694115}
{"level":"error","ts":1779015972.5269575,"msg":"health_check_failed","server":"1","url":"http://localhost:3000","fail_count":7,"latency":0.001650472,"error":"Get \"http://localhost:3000/health\": dial tcp 127.0.0.1:3000: connect: connection refused"}
{"level":"info","ts":1779015972.5280793,"msg":"health_check_success","server":"2","status_code":200,"latency":0.002751137}
{"level":"info","ts":1779015976.5254982,"msg":"health_check_started","server":"3"}
{"level":"info","ts":1779015976.525605,"msg":"health_check_started","server":"1"}
{"level":"info","ts":1779015976.5269878,"msg":"health_check_success","server":"3","status_code":200,"latency":0.001503229}
{"level":"info","ts":1779015976.5256212,"msg":"health_check_started","server":"2"}
{"level":"error","ts":1779015976.5272505,"msg":"health_check_failed","server":"1","url":"http://localhost:3000","fail_count":8,"latency":0.001668025,"error":"Get \"http://localhost:3000/health\": dial tcp 127.0.0.1:3000: connect: connection refused"}
{"level":"info","ts":1779015976.528519,"msg":"health_check_success","server":"2","status_code":200,"latency":0.002900067}
{"level":"error","ts":1779015976.7831542,"msg":"server_marked_unhealthy","server":"1","fail_count":8}
{"level":"info","ts":1779015983.1079063,"msg":"health_check_started","server":"1"}
{"level":"info","ts":1779015983.1078513,"msg":"health_check_started","server":"3"}
{"level":"info","ts":1779015983.10795,"msg":"health_check_started","server":"2"}
{"level":"error","ts":1779015983.108996,"msg":"health_check_failed","server":"1","url":"http://localhost:3000","fail_count":9,"latency":0.001119514,"error":"Get \"http://localhost:3000/health\": dial tcp 127.0.0.1:3000: connect: connection refused"}
{"level":"info","ts":1779015983.1100419,"msg":"health_check_success","server":"2","status_code":200,"latency":0.002101126}
{"level":"info","ts":1779015983.109712,"msg":"health_check_success","server":"3","status_code":200,"latency":0.001891361}
{"level":"info","ts":1779015987.1080675,"msg":"health_check_started","server":"3"}
{"level":"info","ts":1779015987.1081948,"msg":"health_check_started","server":"1"}
{"level":"info","ts":1779015987.1082451,"msg":"health_check_started","server":"2"}
{"level":"info","ts":1779015987.1094725,"msg":"health_check_success","server":"3","status_code":200,"latency":0.001417072}
{"level":"info","ts":1779015987.1104033,"msg":"health_check_success","server":"2","status_code":200,"latency":0.002170005}
{"level":"error","ts":1779015987.1095266,"msg":"health_check_failed","server":"1","url":"http://localhost:3000","fail_count":10,"latency":0.001347153,"error":"Get \"http://localhost:3000/health\": dial tcp 127.0.0.1:3000: connect: connection refused"}
{"level":"info","ts":1779015991.1074913,"msg":"health_check_started","server":"3"}
{"level":"info","ts":1779015991.1075654,"msg":"health_check_started","server":"1"}
{"level":"info","ts":1779015991.107579,"msg":"health_check_started","server":"2"}
{"level":"error","ts":1779015991.1094925,"msg":"health_check_failed","server":"1","url":"http://localhost:3000","fail_count":11,"latency":0.001932042,"error":"Get \"http://localhost:3000/health\": dial tcp 127.0.0.1:3000: connect: connection refused"}
{"level":"info","ts":1779015991.1095617,"msg":"health_check_success","server":"3","status_code":200,"latency":0.002078695}
{"level":"info","ts":1779015991.1106098,"msg":"health_check_success","server":"2","status_code":200,"latency":0.003034578}
{"level":"info","ts":1779015995.1082616,"msg":"health_check_started","server":"3"}
{"level":"info","ts":1779015995.108327,"msg":"health_check_started","server":"1"}
{"level":"info","ts":1779015995.1083348,"msg":"health_check_started","server":"2"}
{"level":"info","ts":1779015995.109674,"msg":"health_check_success","server":"3","status_code":200,"latency":0.001458492}
{"level":"error","ts":1779015995.1095448,"msg":"health_check_failed","server":"1","url":"http://localhost:3000","fail_count":12,"latency":0.001221933,"error":"Get \"http://localhost:3000/health\": dial tcp 127.0.0.1:3000: connect: connection refused"}
{"level":"info","ts":1779015995.1103444,"msg":"health_check_success","server":"2","status_code":200,"latency":0.002009937}
{"level":"info","ts":1779015999.1080222,"msg":"health_check_started","server":"3"}
{"level":"info","ts":1779015999.1081264,"msg":"health_check_started","server":"1"}
{"level":"info","ts":1779015999.108144,"msg":"health_check_started","server":"2"}
{"level":"info","ts":1779015999.109675,"msg":"health_check_success","server":"3","status_code":200,"latency":0.001663273}
{"level":"error","ts":1779015999.109682,"msg":"health_check_failed","server":"1","url":"http://localhost:3000","fail_count":13,"latency":0.001558165,"error":"Get \"http://localhost:3000/health\": dial tcp 127.0.0.1:3000: connect: connection refused"}
{"level":"info","ts":1779015999.1107097,"msg":"health_check_success","server":"2","status_code":200,"latency":0.002571611}
{"level":"error","ts":1779016001.8257222,"msg":"server_marked_unhealthy","server":"1","fail_count":13}
{"level":"info","ts":1779016003.1076086,"msg":"health_check_started","server":"3"}
{"level":"info","ts":1779016003.1077743,"msg":"health_check_started","server":"1"}
{"level":"info","ts":1779016003.107787,"msg":"health_check_started","server":"2"}
{"level":"error","ts":1779016003.1093254,"msg":"health_check_failed","server":"1","url":"http://localhost:3000","fail_count":14,"latency":0.001553424,"error":"Get \"http://localhost:3000/health\": dial tcp 127.0.0.1:3000: connect: connection refused"}
{"level":"info","ts":1779016003.10939,"msg":"health_check_success","server":"3","status_code":200,"latency":0.00178284}
{"level":"info","ts":1779016003.1103086,"msg":"health_check_success","server":"2","status_code":200,"latency":0.002520831}
{"level":"info","ts":1779016007.1073978,"msg":"health_check_started","server":"3"}
{"level":"info","ts":1779016007.107466,"msg":"health_check_started","server":"1"}
{"level":"info","ts":1779016007.1074793,"msg":"health_check_started","server":"2"}
{"level":"info","ts":1779016007.1087604,"msg":"health_check_success","server":"3","status_code":200,"latency":0.001369709}
{"level":"error","ts":1779016007.1087968,"msg":"health_check_failed","server":"1","url":"http://localhost:3000","fail_count":15,"latency":0.001332235,"error":"Get \"http://localhost:3000/health\": dial tcp 127.0.0.1:3000: connect: connection refused"}
{"level":"info","ts":1779016007.109735,"msg":"health_check_success","server":"2","status_code":200,"latency":0.002260023}
{"level":"info","ts":1779016011.1078017,"msg":"health_check_started","server":"3"}
{"level":"info","ts":1779016011.1079292,"msg":"health_check_started","server":"2"}
{"level":"info","ts":1779016011.1077936,"msg":"health_check_started","server":"1"}
{"level":"error","ts":1779016011.1101038,"msg":"health_check_failed","server":"1","url":"http://localhost:3000","fail_count":16,"latency":0.00233216,"error":"Get \"http://localhost:3000/health\": dial tcp 127.0.0.1:3000: connect: connection refused"}
{"level":"info","ts":1779016011.1101172,"msg":"health_check_success","server":"3","status_code":200,"latency":0.002362015}
{"level":"info","ts":1779016011.1103969,"msg":"health_check_success","server":"2","status_code":200,"latency":0.002511644}
{"level":"info","ts":1779016017.4470174,"msg":"health_check_started","server":"3"}
{"level":"info","ts":1779016017.4471707,"msg":"health_check_started","server":"1"}
{"level":"info","ts":1779016017.447209,"msg":"health_check_started","server":"2"}
{"level":"info","ts":1779016017.4486136,"msg":"health_check_success","server":"3","status_code":200,"latency":0.001597294}
{"level":"error","ts":1779016017.4484804,"msg":"health_check_failed","server":"1","url":"http://localhost:3000","fail_count":17,"latency":0.001308909,"error":"Get \"http://localhost:3000/health\": dial tcp 127.0.0.1:3000: connect: connection refused"}
{"level":"info","ts":1779016017.4493968,"msg":"health_check_success","server":"2","status_code":200,"latency":0.002214332}
{"level":"error","ts":1779016018.1822352,"msg":"server_marked_unhealthy","server":"1","fail_count":17}
{"level":"info","ts":1779016021.446737,"msg":"health_check_started","server":"3"}
{"level":"info","ts":1779016021.4467952,"msg":"health_check_started","server":"1"}
{"level":"info","ts":1779016021.4468017,"msg":"health_check_started","server":"2"}
{"level":"info","ts":1779016021.4480898,"msg":"health_check_success","server":"3","status_code":200,"latency":0.001383063}
{"level":"error","ts":1779016021.4481013,"msg":"health_check_failed","server":"1","url":"http://localhost:3000","fail_count":18,"latency":0.001307234,"error":"Get \"http://localhost:3000/health\": dial tcp 127.0.0.1:3000: connect: connection refused"}
{"level":"info","ts":1779016021.449282,"msg":"health_check_success","server":"2","status_code":200,"latency":0.002478866}
{"level":"info","ts":1779016025.4465106,"msg":"health_check_started","server":"3"}
{"level":"info","ts":1779016025.4466267,"msg":"health_check_started","server":"1"}
{"level":"info","ts":1779016025.446638,"msg":"health_check_started","server":"2"}
{"level":"error","ts":1779016025.4484332,"msg":"health_check_failed","server":"1","url":"http://localhost:3000","fail_count":19,"latency":0.001808283,"error":"Get \"http://localhost:3000/health\": dial tcp 127.0.0.1:3000: connect: connection refused"}
{"level":"info","ts":1779016025.4484725,"msg":"health_check_success","server":"3","status_code":200,"latency":0.001963879}
{"level":"info","ts":1779016025.4489539,"msg":"health_check_success","server":"2","status_code":200,"latency":0.002314906}
{"level":"info","ts":1779016029.4469645,"msg":"health_check_started","server":"3"}
{"level":"info","ts":1779016029.447032,"msg":"health_check_started","server":"1"}
{"level":"info","ts":1779016029.447041,"msg":"health_check_started","server":"2"}
{"level":"error","ts":1779016029.4486492,"msg":"health_check_failed","server":"1","url":"http://localhost:3000","fail_count":20,"latency":0.00161796,"error":"Get \"http://localhost:3000/health\": dial tcp 127.0.0.1:3000: connect: connection refused"}
{"level":"info","ts":1779016029.4484267,"msg":"health_check_success","server":"3","status_code":200,"latency":0.001463341}
{"level":"info","ts":1779016029.4494877,"msg":"health_check_success","server":"2","status_code":200,"latency":0.002444219}
{"level":"info","ts":1779016033.4465628,"msg":"health_check_started","server":"3"}
{"level":"info","ts":1779016033.4466717,"msg":"health_check_started","server":"1"}
{"level":"info","ts":1779016033.4476564,"msg":"health_check_success","server":"3","status_code":200,"latency":0.001095027}
{"level":"info","ts":1779016033.4466796,"msg":"health_check_started","server":"2"}
{"level":"error","ts":1779016033.4478395,"msg":"health_check_failed","server":"1","url":"http://localhost:3000","fail_count":21,"latency":0.001168635,"error":"Get \"http://localhost:3000/health\": dial tcp 127.0.0.1:3000: connect: connection refused"}
{"level":"info","ts":1779016033.4487555,"msg":"health_check_success","server":"2","status_code":200,"latency":0.002074512}
{"level":"error","ts":1779016034.1710372,"msg":"server_marked_unhealthy","server":"1","fail_count":21}
{"level":"info","ts":1779016037.44656,"msg":"health_check_started","server":"3"}
{"level":"info","ts":1779016037.446699,"msg":"health_check_started","server":"1"}
{"level":"info","ts":1779016037.4467225,"msg":"health_check_started","server":"2"}
{"level":"info","ts":1779016037.4483755,"msg":"health_check_success","server":"3","status_code":200,"latency":0.00181742}
{"level":"error","ts":1779016037.4485242,"msg":"health_check_failed","server":"1","url":"http://localhost:3000","fail_count":22,"latency":0.001830511,"error":"Get \"http://localhost:3000/health\": dial tcp 127.0.0.1:3000: connect: connection refused"}
{"level":"info","ts":1779016037.4506319,"msg":"health_check_success","server":"2","status_code":200,"latency":0.003907364}
{"level":"info","ts":1779016043.034241,"msg":"Load balancer started"}
{"level":"info","ts":1779016047.0380037,"msg":"health_check_started","server":"3"}
{"level":"info","ts":1779016047.0381417,"msg":"health_check_started","server":"1"}
{"level":"info","ts":1779016047.0381918,"msg":"health_check_started","server":"2"}
{"level":"error","ts":1779016047.0392382,"msg":"health_check_failed","server":"1","url":"http://localhost:3000","fail_count":1,"latency":0.001188621,"error":"Get \"http://localhost:3000/health\": dial tcp 127.0.0.1:3000: connect: connection refused"}
{"level":"info","ts":1779016047.0398922,"msg":"health_check_success","server":"3","status_code":200,"latency":0.001925446}
{"level":"info","ts":1779016047.0402331,"msg":"health_check_success","server":"2","status_code":200,"latency":0.002065091}
{"level":"info","ts":1779016053.5184052,"msg":"health_check_started","server":"3"}
{"level":"info","ts":1779016053.518499,"msg":"health_check_started","server":"1"}
{"level":"info","ts":1779016053.5185297,"msg":"health_check_started","server":"2"}
{"level":"info","ts":1779016053.5196607,"msg":"health_check_success","server":"3","status_code":200,"latency":0.001292831}
{"level":"error","ts":1779016053.5196548,"msg":"health_check_failed","server":"1","url":"http://localhost:3000","fail_count":2,"latency":0.001162793,"error":"Get \"http://localhost:3000/health\": dial tcp 127.0.0.1:3000: connect: connection refused"}
{"level":"info","ts":1779016053.5205386,"msg":"health_check_success","server":"2","status_code":200,"latency":0.00203192}
{"level":"info","ts":1779016057.5177808,"msg":"health_check_started","server":"3"}
{"level":"info","ts":1779016057.517953,"msg":"health_check_started","server":"1"}
{"level":"info","ts":1779016057.517964,"msg":"health_check_started","server":"2"}
{"level":"info","ts":1779016057.519876,"msg":"health_check_success","server":"3","status_code":200,"latency":0.002103207}
{"level":"error","ts":1779016057.5199478,"msg":"health_check_failed","server":"1","url":"http://localhost:3000","fail_count":3,"latency":0.002003091,"error":"Get \"http://localhost:3000/health\": dial tcp 127.0.0.1:3000: connect: connection refused"}
{"level":"info","ts":1779016057.5208673,"msg":"health_check_success","server":"2","status_code":200,"latency":0.002903765}
{"level":"info","ts":1779016061.5177088,"msg":"health_check_started","server":"3"}
{"level":"info","ts":1779016061.517793,"msg":"health_check_started","server":"1"}
{"level":"info","ts":1779016061.5178053,"msg":"health_check_started","server":"2"}
{"level":"error","ts":1779016061.5192611,"msg":"health_check_failed","server":"1","url":"http://localhost:3000","fail_count":4,"latency":0.001476504,"error":"Get \"http://localhost:3000/health\": dial tcp 127.0.0.1:3000: connect: connection refused"}
{"level":"info","ts":1779016061.5192978,"msg":"health_check_success","server":"3","status_code":200,"latency":0.001598339}
{"level":"info","ts":1779016061.5202665,"msg":"health_check_success","server":"2","status_code":200,"latency":0.002461414}
{"level":"info","ts":1779016065.518476,"msg":"health_check_started","server":"1"}
{"level":"info","ts":1779016065.5184784,"msg":"health_check_started","server":"3"}
{"level":"error","ts":1779016065.5195322,"msg":"health_check_failed","server":"1","url":"http://localhost:3000","fail_count":5,"latency":0.001063161,"error":"Get \"http://localhost:3000/health\": dial tcp 127.0.0.1:3000: connect: connection refused"}
{"level":"info","ts":1779016065.5185344,"msg":"health_check_started","server":"2"}
{"level":"info","ts":1779016065.5202591,"msg":"health_check_success","server":"3","status_code":200,"latency":0.001820238}
{"level":"info","ts":1779016065.5211926,"msg":"health_check_success","server":"2","status_code":200,"latency":0.002658178}
{"level":"info","ts":1779016069.518442,"msg":"health_check_started","server":"3"}
{"level":"info","ts":1779016069.518561,"msg":"health_check_started","server":"1"}
{"level":"info","ts":1779016069.5197937,"msg":"health_check_success","server":"3","status_code":200,"latency":0.00138666}
{"level":"info","ts":1779016069.518575,"msg":"health_check_started","server":"2"}
{"level":"error","ts":1779016069.520192,"msg":"health_check_failed","server":"1","url":"http://localhost:3000","fail_count":6,"latency":0.001642056,"error":"Get \"http://localhost:3000/health\": dial tcp 127.0.0.1:3000: connect: connection refused"}
{"level":"info","ts":1779016069.5213528,"msg":"health_check_success","server":"2","status_code":200,"latency":0.002769314}
{"level":"info","ts":1779016073.5183723,"msg":"health_check_started","server":"3"}
{"level":"info","ts":1779016073.5184216,"msg":"health_check_started","server":"1"}
{"level":"info","ts":1779016073.5184605,"msg":"health_check_started","server":"2"}
{"level":"info","ts":1779016073.5200183,"msg":"health_check_success","server":"3","status_code":200,"latency":0.001659714}
{"level":"error","ts":1779016073.5198855,"msg":"health_check_failed","server":"1","url":"http://localhost:3000","fail_count":7,"latency":0.001468851,"error":"Get \"http://localhost:3000/health\": dial tcp 127.0.0.1:3000: connect: connection refused"}
{"level":"info","ts":1779016073.5205424,"msg":"health_check_success","server":"2","status_code":200,"latency":0.002114111}
{"level":"info","ts":1779016077.5176713,"msg":"health_check_started","server":"3"}
{"level":"info","ts":1779016077.5177667,"msg":"health_check_started","server":"1"}
{"level":"info","ts":1779016077.5177789,"msg":"health_check_started","server":"2"}
{"level":"error","ts":1779016077.5192292,"msg":"health_check_failed","server":"1","url":"http://localhost:3000","fail_count":8,"latency":0.001471416,"error":"Get \"http://localhost:3000/health\": dial tcp 127.0.0.1:3000: connect: connection refused"}
{"level":"info","ts":1779016077.520115,"msg":"health_check_success","server":"2","status_code":200,"latency":0.002336711}
{"level":"info","ts":1779016077.5192726,"msg":"health_check_success","server":"3","status_code":200,"latency":0.001610523}
{"level":"info","ts":1779016081.5174396,"msg":"health_check_started","server":"3"}
{"level":"info","ts":1779016081.5175407,"msg":"health_check_started","server":"1"}
{"level":"info","ts":1779016081.5175488,"msg":"health_check_started","server":"2"}
{"level":"error","ts":1779016081.520171,"msg":"health_check_failed","server":"1","url":"http://localhost:3000","fail_count":9,"latency":0.002635169,"error":"Get \"http://localhost:3000/health\": dial tcp 127.0.0.1:3000: connect: connection refused"}
{"level":"info","ts":1779016081.5207279,"msg":"health_check_success","server":"2","status_code":200,"latency":0.003177319}
{"level":"info","ts":1779016081.5203316,"msg":"health_check_success","server":"3","status_code":200,"latency":0.002887018}
{"level":"info","ts":1779016088.136368,"msg":"health_check_started","server":"3"}
{"level":"info","ts":1779016088.136403,"msg":"health_check_started","server":"1"}
{"level":"info","ts":1779016088.1364157,"msg":"health_check_started","server":"2"}
{"level":"info","ts":1779016088.1374555,"msg":"health_check_success","server":"3","status_code":200,"latency":0.001095838}
{"level":"error","ts":1779016088.1373625,"msg":"health_check_failed","server":"1","url":"http://localhost:3000","fail_count":10,"latency":0.000966583,"error":"Get \"http://localhost:3000/health\": dial tcp 127.0.0.1:3000: connect: connection refused"}
{"level":"info","ts":1779016088.138018,"msg":"health_check_success","server":"2","status_code":200,"latency":0.001601468}
{"level":"error","ts":1779016088.6425352,"msg":"server_marked_unhealthy","server":"1","fail_count":10}
{"level":"info","ts":1779016092.135907,"msg":"health_check_started","server":"3"}
{"level":"info","ts":1779016092.1360252,"msg":"health_check_started","server":"1"}
{"level":"info","ts":1779016092.1373098,"msg":"health_check_success","server":"3","status_code":200,"latency":0.00143366}
{"level":"info","ts":1779016092.1360326,"msg":"health_check_started","server":"2"}
{"level":"error","ts":1779016092.1374009,"msg":"health_check_failed","server":"1","url":"http://localhost:3000","fail_count":11,"latency":0.001377221,"error":"Get \"http://localhost:3000/health\": dial tcp 127.0.0.1:3000: connect: connection refused"}
{"level":"info","ts":1779016092.1392362,"msg":"health_check_success","server":"2","status_code":200,"latency":0.003202033}
{"level":"info","ts":1779016096.1359193,"msg":"health_check_started","server":"3"}
{"level":"info","ts":1779016096.1360798,"msg":"health_check_started","server":"1"}
{"level":"info","ts":1779016096.1361206,"msg":"health_check_started","server":"2"}
{"level":"info","ts":1779016096.1374128,"msg":"health_check_success","server":"3","status_code":200,"latency":0.001494918}
{"level":"error","ts":1779016096.1375859,"msg":"health_check_failed","server":"1","url":"http://localhost:3000","fail_count":12,"latency":0.001508142,"error":"Get \"http://localhost:3000/health\": dial tcp 127.0.0.1:3000: connect: connection refused"}
{"level":"info","ts":1779016096.1383178,"msg":"health_check_success","server":"2","status_code":200,"latency":0.002196137}
{"level":"info","ts":1779016100.1354432,"msg":"health_check_started","server":"3"}
{"level":"info","ts":1779016100.1355896,"msg":"health_check_started","server":"1"}
{"level":"info","ts":1779016100.135609,"msg":"health_check_started","server":"2"}
{"level":"error","ts":1779016100.1368763,"msg":"health_check_failed","server":"1","url":"http://localhost:3000","fail_count":13,"latency":0.001289709,"error":"Get \"http://localhost:3000/health\": dial tcp 127.0.0.1:3000: connect: connection refused"}
{"level":"info","ts":1779016100.1369176,"msg":"health_check_success","server":"3","status_code":200,"latency":0.001474902}
{"level":"info","ts":1779016100.1379213,"msg":"health_check_success","server":"2","status_code":200,"latency":0.002309999}
{"level":"error","ts":1779016102.1675186,"msg":"server_marked_unhealthy","server":"1","fail_count":13}
{"level":"info","ts":1779016104.1357293,"msg":"health_check_started","server":"3"}
{"level":"info","ts":1779016104.1358151,"msg":"health_check_started","server":"1"}
{"level":"info","ts":1779016104.1358361,"msg":"health_check_started","server":"2"}
{"level":"error","ts":1779016104.1372385,"msg":"health_check_failed","server":"1","url":"http://localhost:3000","fail_count":14,"latency":0.001425438,"error":"Get \"http://localhost:3000/health\": dial tcp 127.0.0.1:3000: connect: connection refused"}
{"level":"info","ts":1779016104.137256,"msg":"health_check_success","server":"3","status_code":200,"latency":0.001573726}
{"level":"info","ts":1779016104.1381686,"msg":"health_check_success","server":"2","status_code":200,"latency":0.002338482}
{"level":"info","ts":1779016108.1364563,"msg":"health_check_started","server":"3"}
{"level":"info","ts":1779016108.1365569,"msg":"health_check_started","server":"2"}
{"level":"info","ts":1779016108.1365604,"msg":"health_check_started","server":"1"}
{"level":"info","ts":1779016108.1377964,"msg":"health_check_success","server":"3","status_code":200,"latency":0.001350297}
{"level":"info","ts":1779016108.137988,"msg":"health_check_success","server":"2","status_code":200,"latency":0.001430674}
{"level":"error","ts":1779016108.138456,"msg":"health_check_failed","server":"1","url":"http://localhost:3000","fail_count":15,"latency":0.001896628,"error":"Get \"http://localhost:3000/health\": dial tcp 127.0.0.1:3000: connect: connection refused"}
{"level":"info","ts":1779016112.1385694,"msg":"health_check_started","server":"2"}
{"level":"info","ts":1779016112.1385345,"msg":"health_check_started","server":"3"}
{"level":"info","ts":1779016112.138563,"msg":"health_check_started","server":"1"}
{"level":"info","ts":1779016112.1737244,"msg":"health_check_success","server":"2","status_code":200,"latency":0.033484814}
{"level":"error","ts":1779016112.1795893,"msg":"health_check_failed","server":"1","url":"http://localhost:3000","fail_count":16,"latency":0.041025979,"error":"Get \"http://localhost:3000/health\": dial tcp 127.0.0.1:3000: connect: connection refused"}
{"level":"info","ts":1779016112.2047434,"msg":"health_check_success","server":"3","status_code":200,"latency":0.066180556}
{"level":"info","ts":1779016116.1355383,"msg":"health_check_started","server":"3"}
{"level":"info","ts":1779016116.135596,"msg":"health_check_started","server":"1"}
{"level":"info","ts":1779016116.1356063,"msg":"health_check_started","server":"2"}
{"level":"info","ts":1779016116.1367717,"msg":"health_check_success","server":"3","status_code":200,"latency":0.001245746}
{"level":"error","ts":1779016116.1370473,"msg":"health_check_failed","server":"1","url":"http://localhost:3000","fail_count":17,"latency":0.001456269,"error":"Get \"http://localhost:3000/health\": dial tcp 127.0.0.1:3000: connect: connection refused"}
{"level":"info","ts":1779016116.138443,"msg":"health_check_success","server":"2","status_code":200,"latency":0.002837226}
{"level":"info","ts":1779016122.7013645,"msg":"health_check_started","server":"3"}
{"level":"info","ts":1779016122.701449,"msg":"health_check_started","server":"1"}
{"level":"info","ts":1779016122.7014558,"msg":"health_check_started","server":"2"}
{"level":"info","ts":1779016122.7028048,"msg":"health_check_success","server":"3","status_code":200,"latency":0.001448453}
{"level":"error","ts":1779016122.702823,"msg":"health_check_failed","server":"1","url":"http://localhost:3000","fail_count":18,"latency":0.001374838,"error":"Get \"http://localhost:3000/health\": dial tcp 127.0.0.1:3000: connect: connection refused"}
{"level":"info","ts":1779016122.7040124,"msg":"health_check_success","server":"2","status_code":200,"latency":0.002554381}
{"level":"info","ts":1779016126.7010176,"msg":"health_check_started","server":"3"}
{"level":"info","ts":1779016126.7010562,"msg":"health_check_started","server":"1"}
{"level":"info","ts":1779016126.701069,"msg":"health_check_started","server":"2"}
{"level":"error","ts":1779016126.7020757,"msg":"health_check_failed","server":"1","url":"http://localhost:3000","fail_count":19,"latency":0.001015551,"error":"Get \"http://localhost:3000/health\": dial tcp 127.0.0.1:3000: connect: connection refused"}
{"level":"info","ts":1779016126.7026715,"msg":"health_check_success","server":"3","status_code":200,"latency":0.001663882}
{"level":"info","ts":1779016126.703192,"msg":"health_check_success","server":"2","status_code":200,"latency":0.002122775}
{"level":"info","ts":1779016130.701897,"msg":"health_check_started","server":"3"}
{"level":"info","ts":1779016130.7019684,"msg":"health_check_started","server":"1"}
{"level":"info","ts":1779016130.7019742,"msg":"health_check_started","server":"2"}
{"level":"info","ts":1779016130.7035613,"msg":"health_check_success","server":"3","status_code":200,"latency":0.001693686}
{"level":"error","ts":1779016130.7033253,"msg":"health_check_failed","server":"1","url":"http://localhost:3000","fail_count":20,"latency":0.001357109,"error":"Get \"http://localhost:3000/health\": dial tcp 127.0.0.1:3000: connect: connection refused"}
{"level":"info","ts":1779016130.7045302,"msg":"health_check_success","server":"2","status_code":200,"latency":0.002554164}
{"level":"error","ts":1779016130.965498,"msg":"server_marked_unhealthy","server":"1","fail_count":20}
{"level":"info","ts":1779016134.7018168,"msg":"health_check_started","server":"3"}
{"level":"info","ts":1779016134.7018886,"msg":"health_check_started","server":"1"}
{"level":"info","ts":1779016134.7018948,"msg":"health_check_started","server":"2"}
{"level":"info","ts":1779016134.7030258,"msg":"health_check_success","server":"3","status_code":200,"latency":0.001210339}
{"level":"error","ts":1779016134.702903,"msg":"health_check_failed","server":"1","url":"http://localhost:3000","fail_count":21,"latency":0.001016563,"error":"Get \"http://localhost:3000/health\": dial tcp 127.0.0.1:3000: connect: connection refused"}
{"level":"info","ts":1779016134.703655,"msg":"health_check_success","server":"2","status_code":200,"latency":0.001757574}
{"level":"info","ts":1779016138.7018023,"msg":"health_check_started","server":"3"}
{"level":"info","ts":1779016138.701882,"msg":"health_check_started","server":"1"}
{"level":"info","ts":1779016138.7018883,"msg":"health_check_started","server":"2"}
{"level":"info","ts":1779016138.7030551,"msg":"health_check_success","server":"3","status_code":200,"latency":0.0012877}
{"level":"error","ts":1779016138.7029147,"msg":"health_check_failed","server":"1","url":"http://localhost:3000","fail_count":22,"latency":0.001034878,"error":"Get \"http://localhost:3000/health\": dial tcp 127.0.0.1:3000: connect: connection refused"}
{"level":"info","ts":1779016138.7037594,"msg":"health_check_success","server":"2","status_code":200,"latency":0.001869165}
{"level":"info","ts":1779016142.7010128,"msg":"health_check_started","server":"3"}
{"level":"info","ts":1779016142.701067,"msg":"health_check_started","server":"1"}
{"level":"info","ts":1779016142.7010746,"msg":"health_check_started","server":"2"}
{"level":"info","ts":1779016142.7023962,"msg":"health_check_success","server":"3","status_code":200,"latency":0.001384762}
{"level":"error","ts":1779016142.7020204,"msg":"health_check_failed","server":"1","url":"http://localhost:3000","fail_count":23,"latency":0.000954002,"error":"Get \"http://localhost:3000/health\": dial tcp 127.0.0.1:3000: connect: connection refused"}
{"level":"info","ts":1779016142.702982,"msg":"health_check_success","server":"2","status_code":200,"latency":0.001905649}
{"level":"info","ts":1779016146.701313,"msg":"health_check_started","server":"3"}
{"level":"info","ts":1779016146.701386,"msg":"health_check_started","server":"1"}
{"level":"info","ts":1779016146.7013943,"msg":"health_check_started","server":"2"}
{"level":"error","ts":1779016146.7023501,"msg":"health_check_failed","server":"1","url":"http://localhost:3000","fail_count":24,"latency":0.000972714,"error":"Get \"http://localhost:3000/health\": dial tcp 127.0.0.1:3000: connect: connection refused"}
{"level":"info","ts":1779016146.7023787,"msg":"health_check_success","server":"3","status_code":200,"latency":0.00106326}
{"level":"info","ts":1779016146.7030911,"msg":"health_check_success","server":"2","status_code":200,"latency":0.001696237}
{"level":"info","ts":1779016150.701102,"msg":"health_check_started","server":"3"}
{"level":"info","ts":1779016150.7012372,"msg":"health_check_started","server":"1"}
{"level":"info","ts":1779016150.7012446,"msg":"health_check_started","server":"2"}
{"level":"error","ts":1779016150.7027428,"msg":"health_check_failed","server":"1","url":"http://localhost:3000","fail_count":25,"latency":0.001507027,"error":"Get \"http://localhost:3000/health\": dial tcp 127.0.0.1:3000: connect: connection refused"}
{"level":"info","ts":1779016150.7036295,"msg":"health_check_success","server":"3","status_code":200,"latency":0.00252811}
{"level":"info","ts":1779016150.7042112,"msg":"health_check_success","server":"2","status_code":200,"latency":0.002965516}
{"level":"info","ts":1779016157.162845,"msg":"health_check_started","server":"3"}
{"level":"info","ts":1779016157.1629534,"msg":"health_check_started","server":"1"}
{"level":"info","ts":1779016157.1629627,"msg":"health_check_started","server":"2"}
{"level":"error","ts":1779016157.1638176,"msg":"health_check_failed","server":"1","url":"http://localhost:3000","fail_count":26,"latency":0.00087119,"error":"Get \"http://localhost:3000/health\": dial tcp 127.0.0.1:3000: connect: connection refused"}
{"level":"info","ts":1779016157.1639202,"msg":"health_check_success","server":"3","status_code":200,"latency":0.001083788}
{"level":"info","ts":1779016157.1649547,"msg":"health_check_success","server":"2","status_code":200,"latency":0.001991305}
{"level":"error","ts":1779016160.1756766,"msg":"server_marked_unhealthy","server":"1","fail_count":26}
{"level":"info","ts":1779016161.162116,"msg":"health_check_started","server":"3"}
{"level":"info","ts":1779016161.1622183,"msg":"health_check_started","server":"1"}
{"level":"info","ts":1779016161.1622272,"msg":"health_check_started","server":"2"}
{"level":"error","ts":1779016161.1639626,"msg":"health_check_failed","server":"1","url":"http://localhost:3000","fail_count":27,"latency":0.001743105,"error":"Get \"http://localhost:3000/health\": dial tcp 127.0.0.1:3000: connect: connection refused"}
{"level":"info","ts":1779016161.1647806,"msg":"health_check_success","server":"3","status_code":200,"latency":0.00266498}
{"level":"info","ts":1779016161.1660185,"msg":"health_check_success","server":"2","status_code":200,"latency":0.003787914}
{"level":"info","ts":1779016165.1627545,"msg":"health_check_started","server":"3"}
{"level":"info","ts":1779016165.1627948,"msg":"health_check_started","server":"1"}
{"level":"info","ts":1779016165.162802,"msg":"health_check_started","server":"2"}
{"level":"info","ts":1779016165.1640162,"msg":"health_check_success","server":"3","status_code":200,"latency":0.001264432}
{"level":"error","ts":1779016165.163896,"msg":"health_check_failed","server":"1","url":"http://localhost:3000","fail_count":28,"latency":0.001100826,"error":"Get \"http://localhost:3000/health\": dial tcp 127.0.0.1:3000: connect: connection refused"}
{"level":"info","ts":1779016165.164736,"msg":"health_check_success","server":"2","status_code":200,"latency":0.001932071}
{"level":"info","ts":1779016169.162205,"msg":"health_check_started","server":"1"}
{"level":"info","ts":1779016169.1621964,"msg":"health_check_started","server":"3"}
{"level":"info","ts":1779016169.162271,"msg":"health_check_started","server":"2"}
{"level":"info","ts":1779016169.1635277,"msg":"health_check_success","server":"3","status_code":200,"latency":0.001344826}
{"level":"error","ts":1779016169.163047,"msg":"health_check_failed","server":"1","url":"http://localhost:3000","fail_count":29,"latency":0.000843498,"error":"Get \"http://localhost:3000/health\": dial tcp 127.0.0.1:3000: connect: connection refused"}
{"level":"info","ts":1779016169.164696,"msg":"health_check_success","server":"2","status_code":200,"latency":0.002429359}
{"level":"info","ts":1779016173.1628017,"msg":"health_check_started","server":"3"}
{"level":"info","ts":1779016173.1628487,"msg":"health_check_started","server":"1"}
{"level":"info","ts":1779016173.1644855,"msg":"health_check_success","server":"3","status_code":200,"latency":0.001683743}
{"level":"info","ts":1779016173.1628559,"msg":"health_check_started","server":"2"}
{"level":"error","ts":1779016173.1646454,"msg":"health_check_failed","server":"1","url":"http://localhost:3000","fail_count":30,"latency":0.001797128,"error":"Get \"http://localhost:3000/health\": dial tcp 127.0.0.1:3000: connect: connection refused"}
{"level":"info","ts":1779016173.166009,"msg":"health_check_success","server":"2","status_code":200,"latency":0.003150092}
{"level":"info","ts":1779016177.1624653,"msg":"health_check_started","server":"3"}
{"level":"info","ts":1779016177.1624944,"msg":"health_check_started","server":"1"}
{"level":"info","ts":1779016177.1635854,"msg":"health_check_success","server":"3","status_code":200,"latency":0.001119918}
{"level":"info","ts":1779016177.1626377,"msg":"health_check_started","server":"2"}
{"level":"error","ts":1779016177.1639285,"msg":"health_check_failed","server":"1","url":"http://localhost:3000","fail_count":31,"latency":0.001434237,"error":"Get \"http://localhost:3000/health\": dial tcp 127.0.0.1:3000: connect: connection refused"}
{"level":"info","ts":1779016177.165847,"msg":"health_check_success","server":"2","status_code":200,"latency":0.003208868}
{"level":"info","ts":1779016181.16217,"msg":"health_check_started","server":"3"}
{"level":"info","ts":1779016181.1622949,"msg":"health_check_started","server":"1"}
{"level":"info","ts":1779016181.1635504,"msg":"health_check_success","server":"3","status_code":200,"latency":0.001381928}
{"level":"info","ts":1779016181.1623204,"msg":"health_check_started","server":"2"}
{"level":"error","ts":1779016181.163928,"msg":"health_check_failed","server":"1","url":"http://localhost:3000","fail_count":32,"latency":0.001638816,"error":"Get \"http://localhost:3000/health\": dial tcp 127.0.0.1:3000: connect: connection refused"}
{"level":"info","ts":1779016181.166344,"msg":"health_check_success","server":"2","status_code":200,"latency":0.004022009}
{"level":"info","ts":1779016185.162664,"msg":"health_check_started","server":"3"}
{"level":"info","ts":1779016185.1627288,"msg":"health_check_started","server":"1"}
{"level":"info","ts":1779016185.1627376,"msg":"health_check_started","server":"2"}
{"level":"error","ts":1779016185.1638582,"msg":"health_check_failed","server":"1","url":"http://localhost:3000","fail_count":33,"latency":0.001130336,"error":"Get \"http://localhost:3000/health\": dial tcp 127.0.0.1:3000: connect: connection refused"}
{"level":"info","ts":1779016185.163871,"msg":"health_check_success","server":"3","status_code":200,"latency":0.001204354}
{"level":"info","ts":1779016185.1649058,"msg":"health_check_success","server":"2","status_code":200,"latency":0.002166464}
{"level":"error","ts":1779016186.609498,"msg":"server_marked_unhealthy","server":"1","fail_count":33}
{"level":"info","ts":1779016191.7877743,"msg":"health_check_started","server":"3"}
{"level":"info","ts":1779016191.787882,"msg":"health_check_started","server":"1"}
{"level":"info","ts":1779016191.789013,"msg":"health_check_success","server":"3","status_code":200,"latency":0.0012394}
{"level":"info","ts":1779016191.7878892,"msg":"health_check_started","server":"2"}
{"level":"error","ts":1779016191.7893605,"msg":"health_check_failed","server":"1","url":"http://localhost:3000","fail_count":34,"latency":0.001478881,"error":"Get \"http://localhost:3000/health\": dial tcp 127.0.0.1:3000: connect: connection refused"}
{"level":"info","ts":1779016191.790772,"msg":"health_check_success","server":"2","status_code":200,"latency":0.002880366}
{"level":"info","ts":1779016195.7876623,"msg":"health_check_started","server":"3"}
{"level":"info","ts":1779016195.7878816,"msg":"health_check_started","server":"1"}
{"level":"info","ts":1779016195.787905,"msg":"health_check_started","server":"2"}
{"level":"error","ts":1779016195.7893195,"msg":"health_check_failed","server":"1","url":"http://localhost:3000","fail_count":35,"latency":0.001449051,"error":"Get \"http://localhost:3000/health\": dial tcp 127.0.0.1:3000: connect: connection refused"}
{"level":"info","ts":1779016195.7894416,"msg":"health_check_success","server":"3","status_code":200,"latency":0.001784326}
{"level":"info","ts":1779016195.790247,"msg":"health_check_success","server":"2","status_code":200,"latency":0.002341284}
{"level":"info","ts":1779016199.7878838,"msg":"health_check_started","server":"3"}
{"level":"info","ts":1779016199.7881308,"msg":"health_check_started","server":"1"}
{"level":"info","ts":1779016199.7881465,"msg":"health_check_started","server":"2"}
{"level":"info","ts":1779016199.7894008,"msg":"health_check_success","server":"3","status_code":200,"latency":0.001518789}
{"level":"info","ts":1779016199.7905047,"msg":"health_check_success","server":"2","status_code":200,"latency":0.002357217}
{"level":"error","ts":1779016199.7894585,"msg":"health_check_failed","server":"1","url":"http://localhost:3000","fail_count":36,"latency":0.001330109,"error":"Get \"http://localhost:3000/health\": dial tcp 127.0.0.1:3000: connect: connection refused"}
{"level":"info","ts":1779016203.7876327,"msg":"health_check_started","server":"3"}
{"level":"info","ts":1779016203.787689,"msg":"health_check_started","server":"1"}
{"level":"info","ts":1779016203.7876961,"msg":"health_check_started","server":"2"}
{"level":"info","ts":1779016203.7886672,"msg":"health_check_success","server":"3","status_code":200,"latency":0.001042716}
{"level":"error","ts":1779016203.788523,"msg":"health_check_failed","server":"1","url":"http://localhost:3000","fail_count":37,"latency":0.000839534,"error":"Get \"http://localhost:3000/health\": dial tcp 127.0.0.1:3000: connect: connection refused"}
{"level":"info","ts":1779016203.789098,"msg":"health_check_success","server":"2","status_code":200,"latency":0.001402103}
{"level":"info","ts":1779016207.788138,"msg":"health_check_started","server":"1"}
{"level":"info","ts":1779016207.788185,"msg":"health_check_started","server":"3"}
{"level":"error","ts":1779016207.7890837,"msg":"health_check_failed","server":"1","url":"http://localhost:3000","fail_count":38,"latency":0.000949952,"error":"Get \"http://localhost:3000/health\": dial tcp 127.0.0.1:3000: connect: connection refused"}
{"level":"info","ts":1779016207.7881896,"msg":"health_check_started","server":"2"}
{"level":"info","ts":1779016207.7899904,"msg":"health_check_success","server":"3","status_code":200,"latency":0.001787668}
{"level":"info","ts":1779016207.7908504,"msg":"health_check_success","server":"2","status_code":200,"latency":0.002659016}
{"level":"error","ts":1779016210.0914142,"msg":"server_marked_unhealthy","server":"1","fail_count":38}
{"level":"info","ts":1779016211.7880633,"msg":"health_check_started","server":"3"}
{"level":"info","ts":1779016211.7881467,"msg":"health_check_started","server":"1"}
{"level":"info","ts":1779016211.7881536,"msg":"health_check_started","server":"2"}
{"level":"error","ts":1779016211.7890103,"msg":"health_check_failed","server":"1","url":"http://localhost:3000","fail_count":39,"latency":0.000863959,"error":"Get \"http://localhost:3000/health\": dial tcp 127.0.0.1:3000: connect: connection refused"}
{"level":"info","ts":1779016211.7898126,"msg":"health_check_success","server":"3","status_code":200,"latency":0.001750454}
{"level":"info","ts":1779016211.7898836,"msg":"health_check_success","server":"2","status_code":200,"latency":0.001729291}
{"level":"info","ts":1779016215.7882183,"msg":"health_check_started","server":"1"}
{"level":"info","ts":1779016215.7882228,"msg":"health_check_started","server":"2"}
{"level":"info","ts":1779016215.7881124,"msg":"health_check_started","server":"3"}
{"level":"error","ts":1779016215.7889538,"msg":"health_check_failed","server":"1","url":"http://localhost:3000","fail_count":40,"latency":0.00073742,"error":"Get \"http://localhost:3000/health\": dial tcp 127.0.0.1:3000: connect: connection refused"}
{"level":"info","ts":1779016215.7895675,"msg":"health_check_success","server":"2","status_code":200,"latency":0.00134385}
{"level":"info","ts":1779016215.7899187,"msg":"health_check_success","server":"3","status_code":200,"latency":0.001807364}
{"level":"info","ts":1779016219.7879508,"msg":"health_check_started","server":"3"}
{"level":"info","ts":1779016219.788021,"msg":"health_check_started","server":"1"}
{"level":"info","ts":1779016219.7880304,"msg":"health_check_started","server":"2"}
{"level":"info","ts":1779016219.7896547,"msg":"health_check_success","server":"3","status_code":200,"latency":0.001706101}
{"level":"error","ts":1779016219.78932,"msg":"health_check_failed","server":"1","url":"http://localhost:3000","fail_count":41,"latency":0.001300004,"error":"Get \"http://localhost:3000/health\": dial tcp 127.0.0.1:3000: connect: connection refused"}
{"level":"info","ts":1779016219.7904227,"msg":"health_check_success","server":"2","status_code":200,"latency":0.002390587}
{"level":"info","ts":1779016226.2687418,"msg":"health_check_started","server":"3"}
{"level":"info","ts":1779016226.2687879,"msg":"health_check_started","server":"1"}
{"level":"info","ts":1779016226.268794,"msg":"health_check_started","server":"2"}
{"level":"error","ts":1779016226.2701185,"msg":"health_check_failed","server":"1","url":"http://localhost:3000","fail_count":42,"latency":0.00132916,"error":"Get \"http://localhost:3000/health\": dial tcp 127.0.0.1:3000: connect: connection refused"}
{"level":"info","ts":1779016226.270262,"msg":"health_check_success","server":"3","status_code":200,"latency":0.001522452}
{"level":"info","ts":1779016226.2710712,"msg":"health_check_success","server":"2","status_code":200,"latency":0.002274361}
{"level":"info","ts":1779016230.2687964,"msg":"health_check_started","server":"3"}
{"level":"info","ts":1779016230.2688608,"msg":"health_check_started","server":"1"}
{"level":"info","ts":1779016230.2688708,"msg":"health_check_started","server":"2"}
{"level":"info","ts":1779016230.2701716,"msg":"health_check_success","server":"3","status_code":200,"latency":0.00137224}
{"level":"error","ts":1779016230.27017,"msg":"health_check_failed","server":"1","url":"http://localhost:3000","fail_count":43,"latency":0.001309223,"error":"Get \"http://localhost:3000/health\": dial tcp 127.0.0.1:3000: connect: connection refused"}
{"level":"info","ts":1779016230.2711427,"msg":"health_check_success","server":"2","status_code":200,"latency":0.00226886}
{"level":"error","ts":1779016232.6384404,"msg":"server_marked_unhealthy","server":"1","fail_count":43}
{"level":"info","ts":1779016234.2684443,"msg":"health_check_started","server":"3"}
{"level":"info","ts":1779016234.2685344,"msg":"health_check_started","server":"1"}
{"level":"info","ts":1779016234.2699106,"msg":"health_check_success","server":"3","status_code":200,"latency":0.001467702}
{"level":"info","ts":1779016234.2685444,"msg":"health_check_started","server":"2"}
{"level":"error","ts":1779016234.270035,"msg":"health_check_failed","server":"1","url":"http://localhost:3000","fail_count":44,"latency":0.001502963,"error":"Get \"http://localhost:3000/health\": dial tcp 127.0.0.1:3000: connect: connection refused"}
{"level":"info","ts":1779016234.2714155,"msg":"health_check_success","server":"2","status_code":200,"latency":0.002868736}
{"level":"info","ts":1779016238.2685914,"msg":"health_check_started","server":"3"}
{"level":"info","ts":1779016238.2688608,"msg":"health_check_started","server":"1"}
{"level":"info","ts":1779016238.2688608,"msg":"health_check_started","server":"2"}
{"level":"info","ts":1779016238.2698328,"msg":"health_check_success","server":"3","status_code":200,"latency":0.001252306}
{"level":"error","ts":1779016238.2694466,"msg":"health_check_failed","server":"1","url":"http://localhost:3000","fail_count":45,"latency":0.000597211,"error":"Get \"http://localhost:3000/health\": dial tcp 127.0.0.1:3000: connect: connection refused"}
{"level":"info","ts":1779016238.2704966,"msg":"health_check_success","server":"2","status_code":200,"latency":0.001640882}
{"level":"info","ts":1779016242.2686095,"msg":"health_check_started","server":"3"}
{"level":"info","ts":1779016242.2686949,"msg":"health_check_started","server":"1"}
{"level":"info","ts":1779016242.268702,"msg":"health_check_started","server":"2"}
{"level":"error","ts":1779016242.269976,"msg":"health_check_failed","server":"1","url":"http://localhost:3000","fail_count":46,"latency":0.001281138,"error":"Get \"http://localhost:3000/health\": dial tcp 127.0.0.1:3000: connect: connection refused"}
{"level":"info","ts":1779016242.2700386,"msg":"health_check_success","server":"3","status_code":200,"latency":0.00143174}
{"level":"info","ts":1779016242.2707326,"msg":"health_check_success","server":"2","status_code":200,"latency":0.002028954}
{"level":"info","ts":1779016246.2682352,"msg":"health_check_started","server":"3"}
{"level":"info","ts":1779016246.2683272,"msg":"health_check_started","server":"1"}
{"level":"info","ts":1779016246.268335,"msg":"health_check_started","server":"2"}
{"level":"info","ts":1779016246.2695684,"msg":"health_check_success","server":"3","status_code":200,"latency":0.001335786}
{"level":"error","ts":1779016246.2695904,"msg":"health_check_failed","server":"1","url":"http://localhost:3000","fail_count":47,"latency":0.001263827,"error":"Get \"http://localhost:3000/health\": dial tcp 127.0.0.1:3000: connect: connection refused"}
{"level":"info","ts":1779016246.270356,"msg":"health_check_success","server":"2","status_code":200,"latency":0.002019413}
{"level":"info","ts":1779016250.2683787,"msg":"health_check_started","server":"3"}
{"level":"info","ts":1779016250.26845,"msg":"health_check_started","server":"1"}
{"level":"info","ts":1779016250.2684593,"msg":"health_check_started","server":"2"}
{"level":"info","ts":1779016250.2695515,"msg":"health_check_success","server":"3","status_code":200,"latency":0.001181313}
{"level":"info","ts":1779016250.2704508,"msg":"health_check_success","server":"2","status_code":200,"latency":0.00199138}
{"level":"error","ts":1779016250.2695606,"msg":"health_check_failed","server":"1","url":"http://localhost:3000","fail_count":48,"latency":0.001119493,"error":"Get \"http://localhost:3000/health\": dial tcp 127.0.0.1:3000: connect: connection refused"}
{"level":"info","ts":1779016254.268206,"msg":"health_check_started","server":"3"}
{"level":"info","ts":1779016254.2682908,"msg":"health_check_started","server":"1"}
{"level":"info","ts":1779016254.2698016,"msg":"health_check_success","server":"3","status_code":200,"latency":0.001598756}
{"level":"info","ts":1779016254.2683015,"msg":"health_check_started","server":"2"}
{"level":"error","ts":1779016254.270161,"msg":"health_check_failed","server":"1","url":"http://localhost:3000","fail_count":49,"latency":0.001871701,"error":"Get \"http://localhost:3000/health\": dial tcp 127.0.0.1:3000: connect: connection refused"}
{"level":"info","ts":1779016254.2716782,"msg":"health_check_success","server":"2","status_code":200,"latency":0.003373765}
{"level":"info","ts":1779016260.9337645,"msg":"health_check_started","server":"3"}
{"level":"info","ts":1779016260.9338186,"msg":"health_check_started","server":"1"}
{"level":"info","ts":1779016260.9338393,"msg":"health_check_started","server":"2"}
{"level":"error","ts":1779016260.946534,"msg":"health_check_failed","server":"1","url":"http://localhost:3000","fail_count":50,"latency":0.012714596,"error":"Get \"http://localhost:3000/health\": dial tcp 127.0.0.1:3000: connect: connection refused"}
{"level":"info","ts":1779016260.9456816,"msg":"health_check_success","server":"3","status_code":200,"latency":0.011916132}
{"level":"info","ts":1779016260.9477654,"msg":"health_check_success","server":"2","status_code":200,"latency":0.013920993}
{"level":"error","ts":1779016261.1545105,"msg":"server_marked_unhealthy","server":"1","fail_count":50}
{"level":"info","ts":1779016264.9330935,"msg":"health_check_started","server":"1"}
{"level":"info","ts":1779016264.9332235,"msg":"health_check_started","server":"2"}
{"level":"info","ts":1779016264.933006,"msg":"health_check_started","server":"3"}
{"level":"error","ts":1779016264.9382238,"msg":"health_check_failed","server":"1","url":"http://localhost:3000","fail_count":51,"latency":0.005130756,"error":"Get \"http://localhost:3000/health\": dial tcp 127.0.0.1:3000: connect: connection refused"}
{"level":"info","ts":1779016264.9624307,"msg":"health_check_success","server":"3","status_code":200,"latency":0.029425486}
{"level":"info","ts":1779016264.976684,"msg":"health_check_success","server":"2","status_code":200,"latency":0.043465282}
{"level":"info","ts":1779016268.9336233,"msg":"health_check_started","server":"3"}
{"level":"info","ts":1779016268.933672,"msg":"health_check_started","server":"1"}
{"level":"info","ts":1779016268.9336917,"msg":"health_check_started","server":"2"}
{"level":"info","ts":1779016268.9350295,"msg":"health_check_success","server":"3","status_code":200,"latency":0.001447496}
{"level":"error","ts":1779016268.9350355,"msg":"health_check_failed","server":"1","url":"http://localhost:3000","fail_count":52,"latency":0.001365391,"error":"Get \"http://localhost:3000/health\": dial tcp 127.0.0.1:3000: connect: connection refused"}
{"level":"info","ts":1779016268.9362445,"msg":"health_check_success","server":"2","status_code":200,"latency":0.002556241}
{"level":"info","ts":1779016272.9330032,"msg":"health_check_started","server":"3"}
{"level":"info","ts":1779016272.9330487,"msg":"health_check_started","server":"1"}
{"level":"info","ts":1779016272.9330554,"msg":"health_check_started","server":"2"}
{"level":"info","ts":1779016272.9341013,"msg":"health_check_success","server":"3","status_code":200,"latency":0.001106188}
{"level":"info","ts":1779016272.9348347,"msg":"health_check_success","server":"2","status_code":200,"latency":0.001778079}
{"level":"error","ts":1779016272.9340987,"msg":"health_check_failed","server":"1","url":"http://localhost:3000","fail_count":53,"latency":0.001050485,"error":"Get \"http://localhost:3000/health\": dial tcp 127.0.0.1:3000: connect: connection refused"}
{"level":"info","ts":1779016276.933716,"msg":"health_check_started","server":"3"}
{"level":"info","ts":1779016276.933781,"msg":"health_check_started","server":"1"}
{"level":"info","ts":1779016276.9337895,"msg":"health_check_started","server":"2"}
{"level":"info","ts":1779016276.9351525,"msg":"health_check_success","server":"3","status_code":200,"latency":0.001438612}
{"level":"error","ts":1779016276.9349241,"msg":"health_check_failed","server":"1","url":"http://localhost:3000","fail_count":54,"latency":0.00114609,"error":"Get \"http://localhost:3000/health\": dial tcp 127.0.0.1:3000: connect: connection refused"}
{"level":"info","ts":1779016276.9357822,"msg":"health_check_success","server":"2","status_code":200,"latency":0.001990285}
{"level":"error","ts":1779016279.8127902,"msg":"server_marked_unhealthy","server":"1","fail_count":54}
{"level":"info","ts":1779016280.9331987,"msg":"health_check_started","server":"3"}
{"level":"info","ts":1779016280.9333937,"msg":"health_check_started","server":"1"}
{"level":"info","ts":1779016280.9334009,"msg":"health_check_started","server":"2"}
{"level":"error","ts":1779016280.9351482,"msg":"health_check_failed","server":"1","url":"http://localhost:3000","fail_count":55,"latency":0.00175947,"error":"Get \"http://localhost:3000/health\": dial tcp 127.0.0.1:3000: connect: connection refused"}
{"level":"info","ts":1779016280.9352055,"msg":"health_check_success","server":"3","status_code":200,"latency":0.002026135}
{"level":"info","ts":1779016280.9365504,"msg":"health_check_success","server":"2","status_code":200,"latency":0.003149222}
{"level":"info","ts":1779016284.9333506,"msg":"health_check_started","server":"3"}
{"level":"info","ts":1779016284.9334114,"msg":"health_check_started","server":"1"}
{"level":"info","ts":1779016284.933419,"msg":"health_check_started","server":"2"}
{"level":"info","ts":1779016284.9346797,"msg":"health_check_success","server":"3","status_code":200,"latency":0.001332373}
{"level":"error","ts":1779016284.934555,"msg":"health_check_failed","server":"1","url":"http://localhost:3000","fail_count":56,"latency":0.001145042,"error":"Get \"http://localhost:3000/health\": dial tcp 127.0.0.1:3000: connect: connection refused"}
{"level":"info","ts":1779016284.9353375,"msg":"health_check_success","server":"2","status_code":200,"latency":0.001916653}
{"level":"info","ts":1779016288.9330134,"msg":"health_check_started","server":"3"}
{"level":"info","ts":1779016288.9331317,"msg":"health_check_started","server":"1"}
{"level":"info","ts":1779016288.9331377,"msg":"health_check_started","server":"2"}
{"level":"info","ts":1779016288.9343424,"msg":"health_check_success","server":"3","status_code":200,"latency":0.00132886}
{"level":"error","ts":1779016288.9343517,"msg":"health_check_failed","server":"1","url":"http://localhost:3000","fail_count":57,"latency":0.001222231,"error":"Get \"http://localhost:3000/health\": dial tcp 127.0.0.1:3000: connect: connection refused"}
{"level":"info","ts":1779016288.9350705,"msg":"health_check_success","server":"2","status_code":200,"latency":0.001931387}
{"level":"info","ts":1779016295.4197276,"msg":"health_check_started","server":"3"}
{"level":"info","ts":1779016295.4198406,"msg":"health_check_started","server":"1"}
{"level":"info","ts":1779016295.4198527,"msg":"health_check_started","server":"2"}
{"level":"error","ts":1779016295.421098,"msg":"health_check_failed","server":"1","url":"http://localhost:3000","fail_count":58,"latency":0.001257293,"error":"Get \"http://localhost:3000/health\": dial tcp 127.0.0.1:3000: connect: connection refused"}
{"level":"info","ts":1779016295.4211552,"msg":"health_check_success","server":"3","status_code":200,"latency":0.00143577}
{"level":"info","ts":1779016295.422024,"msg":"health_check_success","server":"2","status_code":200,"latency":0.002173731}
{"level":"info","ts":1779016299.4198549,"msg":"health_check_started","server":"3"}
{"level":"info","ts":1779016299.4199817,"msg":"health_check_started","server":"1"}
{"level":"info","ts":1779016299.4199955,"msg":"health_check_started","server":"2"}
{"level":"error","ts":1779016299.4216564,"msg":"health_check_failed","server":"1","url":"http://localhost:3000","fail_count":59,"latency":0.001678077,"error":"Get \"http://localhost:3000/health\": dial tcp 127.0.0.1:3000: connect: connection refused"}
{"level":"info","ts":1779016299.4217834,"msg":"health_check_success","server":"3","status_code":200,"latency":0.001936846}
{"level":"info","ts":1779016299.4223146,"msg":"health_check_success","server":"2","status_code":200,"latency":0.002316361}
{"level":"error","ts":1779016300.8292406,"msg":"server_marked_unhealthy","server":"1","fail_count":59}
{"level":"info","ts":1779016303.419436,"msg":"health_check_started","server":"3"}
{"level":"info","ts":1779016303.4195027,"msg":"health_check_started","server":"1"}
{"level":"info","ts":1779016303.4195104,"msg":"health_check_started","server":"2"}
{"level":"error","ts":1779016303.4206617,"msg":"health_check_failed","server":"1","url":"http://localhost:3000","fail_count":60,"latency":0.001159445,"error":"Get \"http://localhost:3000/health\": dial tcp 127.0.0.1:3000: connect: connection refused"}
{"level":"info","ts":1779016303.4206889,"msg":"health_check_success","server":"3","status_code":200,"latency":0.001254288}
{"level":"info","ts":1779016303.4215214,"msg":"health_check_success","server":"2","status_code":200,"latency":0.002009221}
{"level":"info","ts":1779016307.4194522,"msg":"health_check_started","server":"3"}
{"level":"info","ts":1779016307.4196372,"msg":"health_check_started","server":"1"}
{"level":"info","ts":1779016307.419648,"msg":"health_check_started","server":"2"}
{"level":"error","ts":1779016307.421168,"msg":"health_check_failed","server":"1","url":"http://localhost:3000","fail_count":61,"latency":0.001533729,"error":"Get \"http://localhost:3000/health\": dial tcp 127.0.0.1:3000: connect: connection refused"}
{"level":"info","ts":1779016307.422284,"msg":"health_check_success","server":"3","status_code":200,"latency":0.002836706}
{"level":"info","ts":1779016307.4227705,"msg":"health_check_success","server":"2","status_code":200,"latency":0.00311981}
{"level":"info","ts":1779016311.419027,"msg":"health_check_started","server":"3"}
{"level":"info","ts":1779016311.4191258,"msg":"health_check_started","server":"1"}
{"level":"info","ts":1779016311.4191318,"msg":"health_check_started","server":"2"}
{"level":"error","ts":1779016311.420517,"msg":"health_check_failed","server":"1","url":"http://localhost:3000","fail_count":62,"latency":0.001392187,"error":"Get \"http://localhost:3000/health\": dial tcp 127.0.0.1:3000: connect: connection refused"}
{"level":"info","ts":1779016311.420845,"msg":"health_check_success","server":"3","status_code":200,"latency":0.001819528}
{"level":"info","ts":1779016311.4217458,"msg":"health_check_success","server":"2","status_code":200,"latency":0.002611413}
{"level":"info","ts":1779016315.4193544,"msg":"health_check_started","server":"1"}
{"level":"info","ts":1779016315.419343,"msg":"health_check_started","server":"3"}
{"level":"info","ts":1779016315.419448,"msg":"health_check_started","server":"2"}
{"level":"error","ts":1779016315.4205043,"msg":"health_check_failed","server":"1","url":"http://localhost:3000","fail_count":63,"latency":0.001149238,"error":"Get \"http://localhost:3000/health\": dial tcp 127.0.0.1:3000: connect: connection refused"}
{"level":"info","ts":1779016315.4217591,"msg":"health_check_success","server":"2","status_code":200,"latency":0.00231511}
{"level":"info","ts":1779016315.4212852,"msg":"health_check_success","server":"3","status_code":200,"latency":0.001945975}
{"level":"error","ts":1779016316.9704742,"msg":"server_marked_unhealthy","server":"1","fail_count":63}
{"level":"info","ts":1779016319.4190433,"msg":"health_check_started","server":"3"}
{"level":"info","ts":1779016319.4190922,"msg":"health_check_started","server":"1"}
{"level":"info","ts":1779016319.4191005,"msg":"health_check_started","server":"2"}
{"level":"info","ts":1779016319.420095,"msg":"health_check_success","server":"3","status_code":200,"latency":0.001052466}
{"level":"error","ts":1779016319.4201655,"msg":"health_check_failed","server":"1","url":"http://localhost:3000","fail_count":64,"latency":0.001075392,"error":"Get \"http://localhost:3000/health\": dial tcp 127.0.0.1:3000: connect: connection refused"}
{"level":"info","ts":1779016319.420965,"msg":"health_check_success","server":"2","status_code":200,"latency":0.001861673}
{"level":"info","ts":1779016323.4196997,"msg":"health_check_started","server":"3"}
{"level":"info","ts":1779016323.4197652,"msg":"health_check_started","server":"1"}
{"level":"info","ts":1779016323.4197776,"msg":"health_check_started","server":"2"}
{"level":"info","ts":1779016323.4211595,"msg":"health_check_success","server":"3","status_code":200,"latency":0.001459234}
{"level":"error","ts":1779016323.4208148,"msg":"health_check_failed","server":"1","url":"http://localhost:3000","fail_count":65,"latency":0.001051276,"error":"Get \"http://localhost:3000/health\": dial tcp 127.0.0.1:3000: connect: connection refused"}
{"level":"info","ts":1779016323.421867,"msg":"health_check_success","server":"2","status_code":200,"latency":0.002087178}
{"level":"info","ts":1779016330.1051126,"msg":"health_check_started","server":"3"}
{"level":"info","ts":1779016330.1051927,"msg":"health_check_started","server":"1"}
{"level":"info","ts":1779016330.1052055,"msg":"health_check_started","server":"2"}
{"level":"info","ts":1779016330.1068103,"msg":"health_check_success","server":"3","status_code":200,"latency":0.001699778}
{"level":"error","ts":1779016330.1065567,"msg":"health_check_failed","server":"1","url":"http://localhost:3000","fail_count":66,"latency":0.001364282,"error":"Get \"http://localhost:3000/health\": dial tcp 127.0.0.1:3000: connect: connection refused"}
{"level":"info","ts":1779016330.1080596,"msg":"health_check_success","server":"2","status_code":200,"latency":0.0028492}
{"level":"info","ts":1779016334.1061447,"msg":"health_check_started","server":"3"}
{"level":"info","ts":1779016334.1061914,"msg":"health_check_started","server":"1"}
{"level":"info","ts":1779016334.1062055,"msg":"health_check_started","server":"2"}
{"level":"info","ts":1779016334.1158533,"msg":"health_check_success","server":"3","status_code":200,"latency":0.009701468}
{"level":"error","ts":1779016334.1165001,"msg":"health_check_failed","server":"1","url":"http://localhost:3000","fail_count":67,"latency":0.010310303,"error":"Get \"http://localhost:3000/health\": dial tcp 127.0.0.1:3000: connect: connection refused"}
{"level":"info","ts":1779016334.1185946,"msg":"health_check_success","server":"2","status_code":200,"latency":0.012377657}
{"level":"info","ts":1779016338.1052492,"msg":"health_check_started","server":"3"}
{"level":"info","ts":1779016338.105342,"msg":"health_check_started","server":"1"}
{"level":"info","ts":1779016338.105349,"msg":"health_check_started","server":"2"}
{"level":"error","ts":1779016338.106452,"msg":"health_check_failed","server":"1","url":"http://localhost:3000","fail_count":68,"latency":0.001114827,"error":"Get \"http://localhost:3000/health\": dial tcp 127.0.0.1:3000: connect: connection refused"}
{"level":"info","ts":1779016338.1071558,"msg":"health_check_success","server":"2","status_code":200,"latency":0.001805044}
{"level":"info","ts":1779016338.1064925,"msg":"health_check_success","server":"3","status_code":200,"latency":0.001287725}
{"level":"info","ts":1779016342.10552,"msg":"health_check_started","server":"3"}
{"level":"info","ts":1779016342.1055968,"msg":"health_check_started","server":"1"}
{"level":"info","ts":1779016342.1056025,"msg":"health_check_started","server":"2"}
{"level":"info","ts":1779016342.1068966,"msg":"health_check_success","server":"3","status_code":200,"latency":0.001378318}
{"level":"error","ts":1779016342.10674,"msg":"health_check_failed","server":"1","url":"http://localhost:3000","fail_count":69,"latency":0.001144337,"error":"Get \"http://localhost:3000/health\": dial tcp 127.0.0.1:3000: connect: connection refused"}
{"level":"info","ts":1779016342.107488,"msg":"health_check_success","server":"2","status_code":200,"latency":0.001883106}
{"level":"error","ts":1779016345.9461737,"msg":"server_marked_unhealthy","server":"1","fail_count":69}
{"level":"info","ts":1779016346.1055114,"msg":"health_check_started","server":"1"}
{"level":"info","ts":1779016346.1054893,"msg":"health_check_started","server":"3"}
{"level":"info","ts":1779016346.1056144,"msg":"health_check_started","server":"2"}
{"level":"info","ts":1779016346.107602,"msg":"health_check_success","server":"3","status_code":200,"latency":0.002151584}
{"level":"error","ts":1779016346.1065376,"msg":"health_check_failed","server":"1","url":"http://localhost:3000","fail_count":70,"latency":0.001024873,"error":"Get \"http://localhost:3000/health\": dial tcp 127.0.0.1:3000: connect: connection refused"}
{"level":"info","ts":1779016346.1081743,"msg":"health_check_success","server":"2","status_code":200,"latency":0.002561717}
{"level":"info","ts":1779016350.1060963,"msg":"health_check_started","server":"3"}
{"level":"info","ts":1779016350.1062307,"msg":"health_check_started","server":"1"}
{"level":"info","ts":1779016350.106237,"msg":"health_check_started","server":"2"}
{"level":"error","ts":1779016350.1073093,"msg":"health_check_failed","server":"1","url":"http://localhost:3000","fail_count":71,"latency":0.001076989,"error":"Get \"http://localhost:3000/health\": dial tcp 127.0.0.1:3000: connect: connection refused"}
{"level":"info","ts":1779016350.1074355,"msg":"health_check_success","server":"3","status_code":200,"latency":0.001340432}
{"level":"info","ts":1779016350.1082783,"msg":"health_check_success","server":"2","status_code":200,"latency":0.002039753}
{"level":"info","ts":1779016354.106017,"msg":"health_check_started","server":"3"}
{"level":"info","ts":1779016354.1061368,"msg":"health_check_started","server":"1"}
{"level":"info","ts":1779016354.106145,"msg":"health_check_started","server":"2"}
{"level":"info","ts":1779016354.1076024,"msg":"health_check_success","server":"3","status_code":200,"latency":0.001586762}
{"level":"error","ts":1779016354.1072555,"msg":"health_check_failed","server":"1","url":"http://localhost:3000","fail_count":72,"latency":0.001120021,"error":"Get \"http://localhost:3000/health\": dial tcp 127.0.0.1:3000: connect: connection refused"}
{"level":"info","ts":1779016354.1082468,"msg":"health_check_success","server":"2","status_code":200,"latency":0.002099529}
{"level":"error","ts":1779016356.5744805,"msg":"server_marked_unhealthy","server":"1","fail_count":72}
{"level":"info","ts":1779016358.1057303,"msg":"health_check_started","server":"3"}
{"level":"info","ts":1779016358.1058078,"msg":"health_check_started","server":"1"}
{"level":"info","ts":1779016358.1058166,"msg":"health_check_started","server":"2"}
{"level":"info","ts":1779016358.1074805,"msg":"health_check_success","server":"3","status_code":200,"latency":0.001745494}
{"level":"error","ts":1779016358.1074557,"msg":"health_check_failed","server":"1","url":"http://localhost:3000","fail_count":73,"latency":0.001649022,"error":"Get \"http://localhost:3000/health\": dial tcp 127.0.0.1:3000: connect: connection refused"}
{"level":"info","ts":1779016358.1083,"msg":"health_check_success","server":"2","status_code":200,"latency":0.002479912}
{"level":"info","ts":1779016364.5176463,"msg":"health_check_started","server":"3"}
{"level":"info","ts":1779016364.5176969,"msg":"health_check_started","server":"1"}
{"level":"info","ts":1779016364.5177073,"msg":"health_check_started","server":"2"}
{"level":"error","ts":1779016364.5187883,"msg":"health_check_failed","server":"1","url":"http://localhost:3000","fail_count":74,"latency":0.001092104,"error":"Get \"http://localhost:3000/health\": dial tcp 127.0.0.1:3000: connect: connection refused"}
{"level":"info","ts":1779016364.5194526,"msg":"health_check_success","server":"2","status_code":200,"latency":0.001742775}
{"level":"info","ts":1779016364.519073,"msg":"health_check_success","server":"3","status_code":200,"latency":0.001430492}
{"level":"info","ts":1779016368.5179927,"msg":"health_check_started","server":"3"}
{"level":"info","ts":1779016368.5181031,"msg":"health_check_started","server":"1"}
{"level":"info","ts":1779016368.5181537,"msg":"health_check_started","server":"2"}
{"level":"info","ts":1779016368.5196273,"msg":"health_check_success","server":"3","status_code":200,"latency":0.001635319}
{"level":"error","ts":1779016368.5197368,"msg":"health_check_failed","server":"1","url":"http://localhost:3000","fail_count":75,"latency":0.001637663,"error":"Get \"http://localhost:3000/health\": dial tcp 127.0.0.1:3000: connect: connection refused"}
{"level":"info","ts":1779016368.520878,"msg":"health_check_success","server":"2","status_code":200,"latency":0.002722588}
{"level":"info","ts":1779016372.5172086,"msg":"health_check_started","server":"3"}
{"level":"info","ts":1779016372.5172806,"msg":"health_check_started","server":"1"}
{"level":"info","ts":1779016372.5172982,"msg":"health_check_started","server":"2"}
{"level":"error","ts":1779016372.5182798,"msg":"health_check_failed","server":"1","url":"http://localhost:3000","fail_count":76,"latency":0.001002237,"error":"Get \"http://localhost:3000/health\": dial tcp 127.0.0.1:3000: connect: connection refused"}
{"level":"info","ts":1779016372.518722,"msg":"health_check_success","server":"3","status_code":200,"latency":0.00152133}
{"level":"info","ts":1779016372.5192559,"msg":"health_check_success","server":"2","status_code":200,"latency":0.001965505}
{"level":"info","ts":1779016376.5170162,"msg":"health_check_started","server":"3"}
{"level":"info","ts":1779016376.517065,"msg":"health_check_started","server":"1"}
{"level":"info","ts":1779016376.517071,"msg":"health_check_started","server":"2"}
{"level":"info","ts":1779016376.5185368,"msg":"health_check_success","server":"3","status_code":200,"latency":0.001520715}
{"level":"error","ts":1779016376.5180144,"msg":"health_check_failed","server":"1","url":"http://localhost:3000","fail_count":77,"latency":0.000950477,"error":"Get \"http://localhost:3000/health\": dial tcp 127.0.0.1:3000: connect: connection refused"}
{"level":"info","ts":1779016376.5192244,"msg":"health_check_success","server":"2","status_code":200,"latency":0.00214479}
{"level":"info","ts":1779016380.517118,"msg":"health_check_started","server":"3"}
{"level":"info","ts":1779016380.5171854,"msg":"health_check_started","server":"1"}
{"level":"info","ts":1779016380.5171943,"msg":"health_check_started","server":"2"}
{"level":"info","ts":1779016380.51856,"msg":"health_check_success","server":"3","status_code":200,"latency":0.001441827}
{"level":"error","ts":1779016380.5186498,"msg":"health_check_failed","server":"1","url":"http://localhost:3000","fail_count":78,"latency":0.001467103,"error":"Get \"http://localhost:3000/health\": dial tcp 127.0.0.1:3000: connect: connection refused"}
{"level":"info","ts":1779016380.5198421,"msg":"health_check_success","server":"2","status_code":200,"latency":0.002646084}
{"level":"info","ts":1779016384.5170593,"msg":"health_check_started","server":"3"}
{"level":"info","ts":1779016384.51715,"msg":"health_check_started","server":"1"}
{"level":"info","ts":1779016384.518559,"msg":"health_check_success","server":"3","status_code":200,"latency":0.001516059}
{"level":"error","ts":1779016384.5188284,"msg":"health_check_failed","server":"1","url":"http://localhost:3000","fail_count":79,"latency":0.001681008,"error":"Get \"http://localhost:3000/health\": dial tcp 127.0.0.1:3000: connect: connection refused"}
{"level":"info","ts":1779016384.517162,"msg":"health_check_started","server":"2"}
{"level":"info","ts":1779016384.5205338,"msg":"health_check_success","server":"2","status_code":200,"latency":0.003369826}
{"level":"error","ts":1779016386.1386223,"msg":"server_marked_unhealthy","server":"1","fail_count":79}
{"level":"info","ts":1779016388.5172822,"msg":"health_check_started","server":"3"}
{"level":"info","ts":1779016388.517362,"msg":"health_check_started","server":"1"}
{"level":"info","ts":1779016388.517374,"msg":"health_check_started","server":"2"}
{"level":"info","ts":1779016388.5187871,"msg":"health_check_success","server":"3","status_code":200,"latency":0.001505325}
{"level":"error","ts":1779016388.5188136,"msg":"health_check_failed","server":"1","url":"http://localhost:3000","fail_count":80,"latency":0.001453751,"error":"Get \"http://localhost:3000/health\": dial tcp 127.0.0.1:3000: connect: connection refused"}
{"level":"info","ts":1779016388.5199063,"msg":"health_check_success","server":"2","status_code":200,"latency":0.002529576}
{"level":"info","ts":1779016392.5171711,"msg":"health_check_started","server":"3"}
{"level":"info","ts":1779016392.5172153,"msg":"health_check_started","server":"1"}
{"level":"info","ts":1779016392.5172238,"msg":"health_check_started","server":"2"}
{"level":"error","ts":1779016392.5187728,"msg":"health_check_failed","server":"1","url":"http://localhost:3000","fail_count":81,"latency":0.001558367,"error":"Get \"http://localhost:3000/health\": dial tcp 127.0.0.1:3000: connect: connection refused"}
{"level":"info","ts":1779016392.5198946,"msg":"health_check_success","server":"2","status_code":200,"latency":0.002665281}
{"level":"info","ts":1779016392.5208051,"msg":"health_check_success","server":"3","status_code":200,"latency":0.003662515}
{"level":"info","ts":1779016396.5176108,"msg":"health_check_started","server":"3"}
{"level":"info","ts":1779016396.5176558,"msg":"health_check_started","server":"1"}
{"level":"info","ts":1779016396.5176644,"msg":"health_check_started","server":"2"}
{"level":"error","ts":1779016396.5186827,"msg":"health_check_failed","server":"1","url":"http://localhost:3000","fail_count":82,"latency":0.001026482,"error":"Get \"http://localhost:3000/health\": dial tcp 127.0.0.1:3000: connect: connection refused"}
{"level":"info","ts":1779016396.5191693,"msg":"health_check_success","server":"3","status_code":200,"latency":0.001559609}
{"level":"info","ts":1779016396.5199134,"msg":"health_check_success","server":"2","status_code":200,"latency":0.002244482}
{"level":"info","ts":1779016403.154707,"msg":"health_check_started","server":"3"}
{"level":"info","ts":1779016403.154758,"msg":"health_check_started","server":"1"}
{"level":"info","ts":1779016403.1547697,"msg":"health_check_started","server":"2"}
{"level":"info","ts":1779016403.156374,"msg":"health_check_success","server":"3","status_code":200,"latency":0.001675363}
{"level":"error","ts":1779016403.1567507,"msg":"health_check_failed","server":"1","url":"http://localhost:3000","fail_count":83,"latency":0.001992861,"error":"Get \"http://localhost:3000/health\": dial tcp 127.0.0.1:3000: connect: connection refused"}
{"level":"info","ts":1779016403.1581917,"msg":"health_check_success","server":"2","status_code":200,"latency":0.003419263}
{"level":"info","ts":1779016407.1551607,"msg":"health_check_started","server":"3"}
{"level":"info","ts":1779016407.1552463,"msg":"health_check_started","server":"1"}
{"level":"info","ts":1779016407.155258,"msg":"health_check_started","server":"2"}
{"level":"error","ts":1779016407.156694,"msg":"health_check_failed","server":"1","url":"http://localhost:3000","fail_count":84,"latency":0.001449419,"error":"Get \"http://localhost:3000/health\": dial tcp 127.0.0.1:3000: connect: connection refused"}
{"level":"info","ts":1779016407.1567256,"msg":"health_check_success","server":"3","status_code":200,"latency":0.001567717}
{"level":"info","ts":1779016407.1575239,"msg":"health_check_success","server":"2","status_code":200,"latency":0.002264476}
{"level":"info","ts":1779016411.154403,"msg":"health_check_started","server":"3"}
{"level":"info","ts":1779016411.1544507,"msg":"health_check_started","server":"1"}
{"level":"info","ts":1779016411.1556096,"msg":"health_check_success","server":"3","status_code":200,"latency":0.001217095}
{"level":"info","ts":1779016411.1544578,"msg":"health_check_started","server":"2"}
{"level":"error","ts":1779016411.1558146,"msg":"health_check_failed","server":"1","url":"http://localhost:3000","fail_count":85,"latency":0.001364869,"error":"Get \"http://localhost:3000/health\": dial tcp 127.0.0.1:3000: connect: connection refused"}
{"level":"info","ts":1779016411.1574948,"msg":"health_check_success","server":"2","status_code":200,"latency":0.003035058}
{"level":"info","ts":1779016415.1548958,"msg":"health_check_started","server":"3"}
{"level":"info","ts":1779016415.1549752,"msg":"health_check_started","server":"1"}
{"level":"info","ts":1779016415.155002,"msg":"health_check_started","server":"2"}
{"level":"info","ts":1779016415.1564665,"msg":"health_check_success","server":"3","status_code":200,"latency":0.001566842}
{"level":"info","ts":1779016415.1575348,"msg":"health_check_success","server":"2","status_code":200,"latency":0.002532856}
{"level":"error","ts":1779016415.156477,"msg":"health_check_failed","server":"1","url":"http://localhost:3000","fail_count":86,"latency":0.001504067,"error":"Get \"http://localhost:3000/health\": dial tcp 127.0.0.1:3000: connect: connection refused"}
{"level":"info","ts":1779016419.1551843,"msg":"health_check_started","server":"3"}
{"level":"info","ts":1779016419.1552422,"msg":"health_check_started","server":"1"}
{"level":"info","ts":1779016419.1552517,"msg":"health_check_started","server":"2"}
{"level":"info","ts":1779016419.1566734,"msg":"health_check_success","server":"3","status_code":200,"latency":0.001470928}
{"level":"info","ts":1779016419.1581357,"msg":"health_check_success","server":"2","status_code":200,"latency":0.002880851}
{"level":"error","ts":1779016419.1567423,"msg":"health_check_failed","server":"1","url":"http://localhost:3000","fail_count":87,"latency":0.001502786,"error":"Get \"http://localhost:3000/health\": dial tcp 127.0.0.1:3000: connect: connection refused"}
{"level":"info","ts":1779016423.154689,"msg":"health_check_started","server":"1"}
{"level":"info","ts":1779016423.1546853,"msg":"health_check_started","server":"3"}
{"level":"info","ts":1779016423.1547673,"msg":"health_check_started","server":"2"}
{"level":"error","ts":1779016423.1554499,"msg":"health_check_failed","server":"1","url":"http://localhost:3000","fail_count":88,"latency":0.000759776,"error":"Get \"http://localhost:3000/health\": dial tcp 127.0.0.1:3000: connect: connection refused"}
{"level":"info","ts":1779016423.1572428,"msg":"health_check_success","server":"3","status_code":200,"latency":0.002557837}
{"level":"info","ts":1779016423.1588216,"msg":"health_check_success","server":"2","status_code":200,"latency":0.004052798}
{"level":"error","ts":1779016423.9556196,"msg":"server_marked_unhealthy","server":"1","fail_count":88}
{"level":"info","ts":1779016427.155047,"msg":"health_check_started","server":"3"}
{"level":"info","ts":1779016427.1553645,"msg":"health_check_started","server":"1"}
{"level":"info","ts":1779016427.1553924,"msg":"health_check_started","server":"2"}
{"level":"error","ts":1779016427.160156,"msg":"health_check_failed","server":"1","url":"http://localhost:3000","fail_count":89,"latency":0.004927951,"error":"Get \"http://localhost:3000/health\": dial tcp 127.0.0.1:3000: connect: connection refused"}
{"level":"info","ts":1779016427.1622612,"msg":"health_check_success","server":"3","status_code":200,"latency":0.007211658}
{"level":"info","ts":1779016427.1677997,"msg":"health_check_success","server":"2","status_code":200,"latency":0.012414147}
{"level":"info","ts":1779016431.1546063,"msg":"health_check_started","server":"3"}
{"level":"info","ts":1779016431.1546798,"msg":"health_check_started","server":"1"}
{"level":"info","ts":1779016431.1546867,"msg":"health_check_started","server":"2"}
{"level":"info","ts":1779016431.1565025,"msg":"health_check_success","server":"3","status_code":200,"latency":0.001927881}
{"level":"error","ts":1779016431.1562357,"msg":"health_check_failed","server":"1","url":"http://localhost:3000","fail_count":90,"latency":0.001556715,"error":"Get \"http://localhost:3000/health\": dial tcp 127.0.0.1:3000: connect: connection refused"}
{"level":"info","ts":1779016431.1572108,"msg":"health_check_success","server":"2","status_code":200,"latency":0.002522536}
{"level":"info","ts":1779016437.72437,"msg":"health_check_started","server":"3"}
{"level":"info","ts":1779016437.7245355,"msg":"health_check_started","server":"1"}
{"level":"info","ts":1779016437.7245677,"msg":"health_check_started","server":"2"}
{"level":"error","ts":1779016437.7263944,"msg":"health_check_failed","server":"1","url":"http://localhost:3000","fail_count":91,"latency":0.001860041,"error":"Get \"http://localhost:3000/health\": dial tcp 127.0.0.1:3000: connect: connection refused"}
{"level":"info","ts":1779016437.7265782,"msg":"health_check_success","server":"3","status_code":200,"latency":0.002210966}
{"level":"info","ts":1779016437.727003,"msg":"health_check_success","server":"2","status_code":200,"latency":0.002434621}
{"level":"info","ts":1779016441.7249525,"msg":"health_check_started","server":"3"}
{"level":"info","ts":1779016441.7250245,"msg":"health_check_started","server":"1"}
{"level":"info","ts":1779016441.725031,"msg":"health_check_started","server":"2"}
{"level":"info","ts":1779016441.7265317,"msg":"health_check_success","server":"3","status_code":200,"latency":0.001580523}
{"level":"error","ts":1779016441.7265232,"msg":"health_check_failed","server":"1","url":"http://localhost:3000","fail_count":92,"latency":0.001494348,"error":"Get \"http://localhost:3000/health\": dial tcp 127.0.0.1:3000: connect: connection refused"}
{"level":"info","ts":1779016441.7273452,"msg":"health_check_success","server":"2","status_code":200,"latency":0.002312015}
{"level":"info","ts":1779016445.724766,"msg":"health_check_started","server":"3"}
{"level":"info","ts":1779016445.7249575,"msg":"health_check_started","server":"2"}
{"level":"info","ts":1779016445.7267272,"msg":"health_check_success","server":"3","status_code":200,"latency":0.001969}
{"level":"info","ts":1779016445.7249577,"msg":"health_check_started","server":"1"}
{"level":"info","ts":1779016445.7273455,"msg":"health_check_success","server":"2","status_code":200,"latency":0.002382506}
{"level":"error","ts":1779016445.727908,"msg":"health_check_failed","server":"1","url":"http://localhost:3000","fail_count":93,"latency":0.002954318,"error":"Get \"http://localhost:3000/health\": dial tcp 127.0.0.1:3000: connect: connection refused"}
{"level":"info","ts":1779016449.7244444,"msg":"health_check_started","server":"3"}
{"level":"info","ts":1779016449.724555,"msg":"health_check_started","server":"1"}
{"level":"info","ts":1779016449.724561,"msg":"health_check_started","server":"2"}
{"level":"info","ts":1779016449.7256882,"msg":"health_check_success","server":"3","status_code":200,"latency":0.00124421}
{"level":"info","ts":1779016449.726551,"msg":"health_check_success","server":"2","status_code":200,"latency":0.001988726}
{"level":"error","ts":1779016449.7258,"msg":"health_check_failed","server":"1","url":"http://localhost:3000","fail_count":94,"latency":0.001246053,"error":"Get \"http://localhost:3000/health\": dial tcp 127.0.0.1:3000: connect: connection refused"}
{"level":"info","ts":1779016453.7255015,"msg":"health_check_started","server":"3"}
{"level":"info","ts":1779016453.7255538,"msg":"health_check_started","server":"1"}
{"level":"info","ts":1779016453.725571,"msg":"health_check_started","server":"2"}
{"level":"info","ts":1779016453.7327468,"msg":"health_check_success","server":"3","status_code":200,"latency":0.00725764}
{"level":"error","ts":1779016453.7351198,"msg":"health_check_failed","server":"1","url":"http://localhost:3000","fail_count":95,"latency":0.009569089,"error":"Get \"http://localhost:3000/health\": dial tcp 127.0.0.1:3000: connect: connection refused"}
{"level":"info","ts":1779016453.7418668,"msg":"health_check_success","server":"2","status_code":200,"latency":0.016296794}
{"level":"error","ts":1779016454.2635558,"msg":"server_marked_unhealthy","server":"1","fail_count":95}
{"level":"info","ts":1779016457.7251298,"msg":"health_check_started","server":"3"}
{"level":"info","ts":1779016457.7252598,"msg":"health_check_started","server":"1"}
{"level":"info","ts":1779016457.7252808,"msg":"health_check_started","server":"2"}
{"level":"info","ts":1779016457.726885,"msg":"health_check_success","server":"3","status_code":200,"latency":0.001768471}
{"level":"error","ts":1779016457.7269082,"msg":"health_check_failed","server":"1","url":"http://localhost:3000","fail_count":96,"latency":0.001642035,"error":"Get \"http://localhost:3000/health\": dial tcp 127.0.0.1:3000: connect: connection refused"}
{"level":"info","ts":1779016457.7275188,"msg":"health_check_success","server":"2","status_code":200,"latency":0.002244645}
{"level":"info","ts":1779016461.7245455,"msg":"health_check_started","server":"3"}
{"level":"info","ts":1779016461.7245843,"msg":"health_check_started","server":"1"}
{"level":"info","ts":1779016461.7245913,"msg":"health_check_started","server":"2"}
{"level":"error","ts":1779016461.7255032,"msg":"health_check_failed","server":"1","url":"http://localhost:3000","fail_count":97,"latency":0.000919227,"error":"Get \"http://localhost:3000/health\": dial tcp 127.0.0.1:3000: connect: connection refused"}
{"level":"info","ts":1779016461.7261667,"msg":"health_check_success","server":"2","status_code":200,"latency":0.001574379}
{"level":"info","ts":1779016461.7258244,"msg":"health_check_success","server":"3","status_code":200,"latency":0.001281556}
{"level":"info","ts":1779016465.7248232,"msg":"health_check_started","server":"3"}
{"level":"info","ts":1779016465.724891,"msg":"health_check_started","server":"1"}
{"level":"info","ts":1779016465.7249007,"msg":"health_check_started","server":"2"}
{"level":"info","ts":1779016465.726298,"msg":"health_check_success","server":"3","status_code":200,"latency":0.001506761}
{"level":"error","ts":1779016465.7265813,"msg":"health_check_failed","server":"1","url":"http://localhost:3000","fail_count":98,"latency":0.001695341,"error":"Get \"http://localhost:3000/health\": dial tcp 127.0.0.1:3000: connect: connection refused"}
{"level":"info","ts":1779016465.7274275,"msg":"health_check_success","server":"2","status_code":200,"latency":0.002525326}
{"level":"info","ts":1779016472.293499,"msg":"health_check_started","server":"1"}
{"level":"info","ts":1779016472.2934968,"msg":"health_check_started","server":"3"}
{"level":"info","ts":1779016472.2935882,"msg":"health_check_started","server":"2"}
{"level":"info","ts":1779016472.2959058,"msg":"health_check_success","server":"3","status_code":200,"latency":0.002415359}
{"level":"error","ts":1779016472.294899,"msg":"health_check_failed","server":"1","url":"http://localhost:3000","fail_count":99,"latency":0.001397926,"error":"Get \"http://localhost:3000/health\": dial tcp 127.0.0.1:3000: connect: connection refused"}
{"level":"info","ts":1779016472.296799,"msg":"health_check_success","server":"2","status_code":200,"latency":0.003209427}
{"level":"info","ts":1779016476.293495,"msg":"health_check_started","server":"3"}
{"level":"info","ts":1779016476.2936282,"msg":"health_check_started","server":"1"}
{"level":"info","ts":1779016476.2936423,"msg":"health_check_started","server":"2"}
{"level":"info","ts":1779016476.2953076,"msg":"health_check_success","server":"3","status_code":200,"latency":0.001812311}
{"level":"error","ts":1779016476.2950733,"msg":"health_check_failed","server":"1","url":"http://localhost:3000","fail_count":100,"latency":0.001451152,"error":"Get \"http://localhost:3000/health\": dial tcp 127.0.0.1:3000: connect: connection refused"}
{"level":"info","ts":1779016476.296055,"msg":"health_check_success","server":"2","status_code":200,"latency":0.00241055}
{"level":"error","ts":1779016476.507717,"msg":"server_marked_unhealthy","server":"1","fail_count":100}
{"level":"info","ts":1779016480.2938511,"msg":"health_check_started","server":"3"}
{"level":"info","ts":1779016480.293915,"msg":"health_check_started","server":"1"}
{"level":"info","ts":1779016480.293921,"msg":"health_check_started","server":"2"}
{"level":"info","ts":1779016480.2954757,"msg":"health_check_success","server":"3","status_code":200,"latency":0.00162515}
{"level":"error","ts":1779016480.2951348,"msg":"health_check_failed","server":"1","url":"http://localhost:3000","fail_count":101,"latency":0.001184071,"error":"Get \"http://localhost:3000/health\": dial tcp 127.0.0.1:3000: connect: connection refused"}
{"level":"info","ts":1779016480.2964146,"msg":"health_check_success","server":"2","status_code":200,"latency":0.002491462}
{"level":"info","ts":1779016484.2934668,"msg":"health_check_started","server":"3"}
{"level":"info","ts":1779016484.2935147,"msg":"health_check_started","server":"1"}
{"level":"info","ts":1779016484.293522,"msg":"health_check_started","server":"2"}
{"level":"info","ts":1779016484.2948337,"msg":"health_check_success","server":"3","status_code":200,"latency":0.001374964}
{"level":"error","ts":1779016484.2946854,"msg":"health_check_failed","server":"1","url":"http://localhost:3000","fail_count":102,"latency":0.001172843,"error":"Get \"http://localhost:3000/health\": dial tcp 127.0.0.1:3000: connect: connection refused"}
{"level":"info","ts":1779016484.2958155,"msg":"health_check_success","server":"2","status_code":200,"latency":0.002255642}
{"level":"info","ts":1779016488.2941105,"msg":"health_check_started","server":"3"}
{"level":"info","ts":1779016488.2941551,"msg":"health_check_started","server":"1"}
{"level":"info","ts":1779016488.295445,"msg":"health_check_success","server":"3","status_code":200,"latency":0.001345019}
{"level":"info","ts":1779016488.2941651,"msg":"health_check_started","server":"2"}
{"level":"error","ts":1779016488.2957466,"msg":"health_check_failed","server":"1","url":"http://localhost:3000","fail_count":103,"latency":0.001597782,"error":"Get \"http://localhost:3000/health\": dial tcp 127.0.0.1:3000: connect: connection refused"}
{"level":"info","ts":1779016488.2970061,"msg":"health_check_success","server":"2","status_code":200,"latency":0.002840137}
{"level":"info","ts":1779016492.2936194,"msg":"health_check_started","server":"3"}
{"level":"info","ts":1779016492.2936633,"msg":"health_check_started","server":"1"}
{"level":"info","ts":1779016492.2936726,"msg":"health_check_started","server":"2"}
{"level":"error","ts":1779016492.2945929,"msg":"health_check_failed","server":"1","url":"http://localhost:3000","fail_count":104,"latency":0.00093015,"error":"Get \"http://localhost:3000/health\": dial tcp 127.0.0.1:3000: connect: connection refused"}
{"level":"info","ts":1779016492.294677,"msg":"health_check_success","server":"3","status_code":200,"latency":0.001058319}
{"level":"info","ts":1779016492.2953777,"msg":"health_check_success","server":"2","status_code":200,"latency":0.001702959}
{"level":"error","ts":1779016495.5185685,"msg":"server_marked_unhealthy","server":"1","fail_count":104}
{"level":"info","ts":1779016496.2938712,"msg":"health_check_started","server":"1"}
{"level":"info","ts":1779016496.2939103,"msg":"health_check_started","server":"2"}
{"level":"info","ts":1779016496.293863,"msg":"health_check_started","server":"3"}
{"level":"error","ts":1779016496.2950468,"msg":"health_check_failed","server":"1","url":"http://localhost:3000","fail_count":105,"latency":0.001169795,"error":"Get \"http://localhost:3000/health\": dial tcp 127.0.0.1:3000: connect: connection refused"}
{"level":"info","ts":1779016496.2958207,"msg":"health_check_success","server":"2","status_code":200,"latency":0.001910263}
{"level":"info","ts":1779016496.2964709,"msg":"health_check_success","server":"3","status_code":200,"latency":0.002606751}
{"level":"info","ts":1779016500.2944062,"msg":"health_check_started","server":"3"}
{"level":"info","ts":1779016500.294481,"msg":"health_check_started","server":"1"}
{"level":"info","ts":1779016500.2945006,"msg":"health_check_started","server":"2"}
{"level":"error","ts":1779016500.2962382,"msg":"health_check_failed","server":"1","url":"http://localhost:3000","fail_count":106,"latency":0.001812334,"error":"Get \"http://localhost:3000/health\": dial tcp 127.0.0.1:3000: connect: connection refused"}
{"level":"info","ts":1779016500.2985253,"msg":"health_check_success","server":"2","status_code":200,"latency":0.004027656}
{"level":"info","ts":1779016500.299973,"msg":"health_check_success","server":"3","status_code":200,"latency":0.00561873}
{"level":"info","ts":1779016506.9031801,"msg":"health_check_started","server":"1"}
{"level":"info","ts":1779016506.9032874,"msg":"health_check_started","server":"3"}
{"level":"info","ts":1779016506.903299,"msg":"health_check_started","server":"2"}
{"level":"error","ts":1779016506.904554,"msg":"health_check_failed","server":"1","url":"http://localhost:3000","fail_count":107,"latency":0.001374921,"error":"Get \"http://localhost:3000/health\": dial tcp 127.0.0.1:3000: connect: connection refused"}
{"level":"info","ts":1779016506.9056706,"msg":"health_check_success","server":"2","status_code":200,"latency":0.00237112}
{"level":"info","ts":1779016506.905299,"msg":"health_check_success","server":"3","status_code":200,"latency":0.002012697}
{"level":"info","ts":1779016510.9038918,"msg":"health_check_started","server":"3"}
{"level":"info","ts":1779016510.9039621,"msg":"health_check_started","server":"1"}
{"level":"info","ts":1779016510.9049659,"msg":"health_check_success","server":"3","status_code":200,"latency":0.001074455}
{"level":"info","ts":1779016510.9039686,"msg":"health_check_started","server":"2"}
{"level":"error","ts":1779016510.9049997,"msg":"health_check_failed","server":"1","url":"http://localhost:3000","fail_count":108,"latency":0.001040168,"error":"Get \"http://localhost:3000/health\": dial tcp 127.0.0.1:3000: connect: connection refused"}
{"level":"info","ts":1779016510.9063787,"msg":"health_check_success","server":"2","status_code":200,"latency":0.002408068}
{"level":"info","ts":1779016514.9032798,"msg":"health_check_started","server":"3"}
{"level":"info","ts":1779016514.9033422,"msg":"health_check_started","server":"1"}
{"level":"info","ts":1779016514.9033484,"msg":"health_check_started","server":"2"}
{"level":"info","ts":1779016514.9052072,"msg":"health_check_success","server":"3","status_code":200,"latency":0.001926272}
{"level":"error","ts":1779016514.904819,"msg":"health_check_failed","server":"1","url":"http://localhost:3000","fail_count":109,"latency":0.001476035,"error":"Get \"http://localhost:3000/health\": dial tcp 127.0.0.1:3000: connect: connection refused"}
{"level":"info","ts":1779016514.9063537,"msg":"health_check_success","server":"2","status_code":200,"latency":0.003002458}
{"level":"info","ts":1779016518.9039273,"msg":"health_check_started","server":"3"}
{"level":"info","ts":1779016518.9040112,"msg":"health_check_started","server":"1"}
{"level":"info","ts":1779016518.9040184,"msg":"health_check_started","server":"2"}
{"level":"error","ts":1779016518.9053838,"msg":"health_check_failed","server":"1","url":"http://localhost:3000","fail_count":110,"latency":0.001376148,"error":"Get \"http://localhost:3000/health\": dial tcp 127.0.0.1:3000: connect: connection refused"}
{"level":"info","ts":1779016518.9054224,"msg":"health_check_success","server":"3","status_code":200,"latency":0.001492967}
{"level":"info","ts":1779016518.9062574,"msg":"health_check_success","server":"2","status_code":200,"latency":0.002237454}
{"level":"info","ts":1779016522.9035382,"msg":"health_check_started","server":"3"}
{"level":"info","ts":1779016522.9036229,"msg":"health_check_started","server":"1"}
{"level":"info","ts":1779016522.9036372,"msg":"health_check_started","server":"2"}
{"level":"error","ts":1779016522.9046009,"msg":"health_check_failed","server":"1","url":"http://localhost:3000","fail_count":111,"latency":0.000976177,"error":"Get \"http://localhost:3000/health\": dial tcp 127.0.0.1:3000: connect: connection refused"}
{"level":"info","ts":1779016522.9056082,"msg":"health_check_success","server":"2","status_code":200,"latency":0.001952645}
{"level":"info","ts":1779016522.907812,"msg":"health_check_success","server":"3","status_code":200,"latency":0.004284631}
{"level":"info","ts":1779016526.903608,"msg":"health_check_started","server":"3"}
{"level":"info","ts":1779016526.9037414,"msg":"health_check_started","server":"1"}
{"level":"info","ts":1779016526.9037607,"msg":"health_check_started","server":"2"}
{"level":"error","ts":1779016526.9051917,"msg":"health_check_failed","server":"1","url":"http://localhost:3000","fail_count":112,"latency":0.001508825,"error":"Get \"http://localhost:3000/health\": dial tcp 127.0.0.1:3000: connect: connection refused"}
{"level":"info","ts":1779016526.9058726,"msg":"health_check_success","server":"3","status_code":200,"latency":0.002243298}
{"level":"info","ts":1779016526.9060946,"msg":"health_check_success","server":"2","status_code":200,"latency":0.002332841}
{"level":"error","ts":1779016526.9861405,"msg":"server_marked_unhealthy","server":"1","fail_count":112}
{"level":"info","ts":1779016530.903572,"msg":"health_check_started","server":"3"}
{"level":"info","ts":1779016530.9038117,"msg":"health_check_started","server":"1"}
{"level":"info","ts":1779016530.9051101,"msg":"health_check_success","server":"3","status_code":200,"latency":0.001539544}
{"level":"info","ts":1779016530.9038293,"msg":"health_check_started","server":"2"}
{"level":"error","ts":1779016530.9051836,"msg":"health_check_failed","server":"1","url":"http://localhost:3000","fail_count":113,"latency":0.001375753,"error":"Get \"http://localhost:3000/health\": dial tcp 127.0.0.1:3000: connect: connection refused"}
{"level":"info","ts":1779016530.9068863,"msg":"health_check_success","server":"2","status_code":200,"latency":0.003056054}
{"level":"info","ts":1779016534.9031787,"msg":"health_check_started","server":"3"}
{"level":"info","ts":1779016534.903344,"msg":"health_check_started","server":"1"}
{"level":"info","ts":1779016534.903355,"msg":"health_check_started","server":"2"}
{"level":"info","ts":1779016534.9049695,"msg":"health_check_success","server":"3","status_code":200,"latency":0.001792023}
{"level":"error","ts":1779016534.9048226,"msg":"health_check_failed","server":"1","url":"http://localhost:3000","fail_count":114,"latency":0.001479848,"error":"Get \"http://localhost:3000/health\": dial tcp 127.0.0.1:3000: connect: connection refused"}
{"level":"info","ts":1779016534.9056244,"msg":"health_check_success","server":"2","status_code":200,"latency":0.002268445}
{"level":"info","ts":1779016541.4443653,"msg":"health_check_started","server":"3"}
{"level":"info","ts":1779016541.4444618,"msg":"health_check_started","server":"1"}
{"level":"info","ts":1779016541.4444742,"msg":"health_check_started","server":"2"}
{"level":"error","ts":1779016541.4460835,"msg":"health_check_failed","server":"1","url":"http://localhost:3000","fail_count":115,"latency":0.001624405,"error":"Get \"http://localhost:3000/health\": dial tcp 127.0.0.1:3000: connect: connection refused"}
{"level":"info","ts":1779016541.4471092,"msg":"health_check_success","server":"2","status_code":200,"latency":0.002633678}
{"level":"info","ts":1779016541.4462752,"msg":"health_check_success","server":"3","status_code":200,"latency":0.001905227}
{"level":"info","ts":1779016545.4434664,"msg":"health_check_started","server":"3"}
{"level":"info","ts":1779016545.4435897,"msg":"health_check_started","server":"1"}
{"level":"info","ts":1779016545.4436045,"msg":"health_check_started","server":"2"}
{"level":"error","ts":1779016545.4453397,"msg":"health_check_failed","server":"1","url":"http://localhost:3000","fail_count":116,"latency":0.001751976,"error":"Get \"http://localhost:3000/health\": dial tcp 127.0.0.1:3000: connect: connection refused"}
{"level":"info","ts":1779016545.4455287,"msg":"health_check_success","server":"3","status_code":200,"latency":0.002054281}
{"level":"info","ts":1779016545.4465992,"msg":"health_check_success","server":"2","status_code":200,"latency":0.002990151}
{"level":"info","ts":1779016549.4440918,"msg":"health_check_started","server":"3"}
{"level":"info","ts":1779016549.4441304,"msg":"health_check_started","server":"1"}
{"level":"info","ts":1779016549.4441376,"msg":"health_check_started","server":"2"}
{"level":"info","ts":1779016549.4453602,"msg":"health_check_success","server":"3","status_code":200,"latency":0.001278898}
{"level":"error","ts":1779016549.4453552,"msg":"health_check_failed","server":"1","url":"http://localhost:3000","fail_count":117,"latency":0.001230665,"error":"Get \"http://localhost:3000/health\": dial tcp 127.0.0.1:3000: connect: connection refused"}
{"level":"info","ts":1779016549.4459004,"msg":"health_check_success","server":"2","status_code":200,"latency":0.001763665}
{"level":"info","ts":1779016553.4439638,"msg":"health_check_started","server":"3"}
{"level":"info","ts":1779016553.444046,"msg":"health_check_started","server":"1"}
{"level":"info","ts":1779016553.4440699,"msg":"health_check_started","server":"2"}
{"level":"info","ts":1779016553.4453197,"msg":"health_check_success","server":"3","status_code":200,"latency":0.001346956}
{"level":"error","ts":1779016553.4504776,"msg":"health_check_failed","server":"1","url":"http://localhost:3000","fail_count":118,"latency":0.006429486,"error":"Get \"http://localhost:3000/health\": dial tcp 127.0.0.1:3000: connect: connection refused"}
{"level":"info","ts":1779016553.4515457,"msg":"health_check_success","server":"2","status_code":200,"latency":0.00747327}
{"level":"error","ts":1779016553.8562498,"msg":"server_marked_unhealthy","server":"1","fail_count":118}
{"level":"info","ts":1779016557.4433696,"msg":"health_check_started","server":"3"}
{"level":"info","ts":1779016557.4435213,"msg":"health_check_started","server":"1"}
{"level":"info","ts":1779016557.443533,"msg":"health_check_started","server":"2"}
{"level":"error","ts":1779016557.444978,"msg":"health_check_failed","server":"1","url":"http://localhost:3000","fail_count":119,"latency":0.001458767,"error":"Get \"http://localhost:3000/health\": dial tcp 127.0.0.1:3000: connect: connection refused"}
{"level":"info","ts":1779016557.444995,"msg":"health_check_success","server":"3","status_code":200,"latency":0.001626852}
{"level":"info","ts":1779016557.4457362,"msg":"health_check_success","server":"2","status_code":200,"latency":0.002201946}
{"level":"info","ts":1779016561.4437835,"msg":"health_check_started","server":"3"}
{"level":"info","ts":1779016561.443855,"msg":"health_check_started","server":"1"}
{"level":"info","ts":1779016561.443867,"msg":"health_check_started","server":"2"}
{"level":"info","ts":1779016561.4452496,"msg":"health_check_success","server":"3","status_code":200,"latency":0.001467527}
{"level":"error","ts":1779016561.4452572,"msg":"health_check_failed","server":"1","url":"http://localhost:3000","fail_count":120,"latency":0.001406569,"error":"Get \"http://localhost:3000/health\": dial tcp 127.0.0.1:3000: connect: connection refused"}
{"level":"info","ts":1779016561.4463408,"msg":"health_check_success","server":"2","status_code":200,"latency":0.002472784}
{"level":"info","ts":1779016565.4442856,"msg":"health_check_started","server":"3"}
{"level":"info","ts":1779016565.4443564,"msg":"health_check_started","server":"1"}
{"level":"info","ts":1779016565.44566,"msg":"health_check_success","server":"3","status_code":200,"latency":0.001375685}
{"level":"info","ts":1779016565.4443624,"msg":"health_check_started","server":"2"}
{"level":"error","ts":1779016565.4457552,"msg":"health_check_failed","server":"1","url":"http://localhost:3000","fail_count":121,"latency":0.00139979,"error":"Get \"http://localhost:3000/health\": dial tcp 127.0.0.1:3000: connect: connection refused"}
{"level":"info","ts":1779016565.4474046,"msg":"health_check_success","server":"2","status_code":200,"latency":0.003039567}
{"level":"info","ts":1779016569.4443061,"msg":"health_check_started","server":"3"}
{"level":"info","ts":1779016569.4444354,"msg":"health_check_started","server":"2"}
{"level":"info","ts":1779016569.4444616,"msg":"health_check_started","server":"1"}
{"level":"info","ts":1779016569.4457808,"msg":"health_check_success","server":"3","status_code":200,"latency":0.001483595}
{"level":"info","ts":1779016569.4463713,"msg":"health_check_success","server":"2","status_code":200,"latency":0.001941827}
{"level":"error","ts":1779016569.4463847,"msg":"health_check_failed","server":"1","url":"http://localhost:3000","fail_count":122,"latency":0.001938477,"error":"Get \"http://localhost:3000/health\": dial tcp 127.0.0.1:3000: connect: connection refused"}
{"level":"info","ts":1779016576.1658466,"msg":"health_check_started","server":"3"}
{"level":"info","ts":1779016576.165987,"msg":"health_check_started","server":"1"}
{"level":"info","ts":1779016576.1660035,"msg":"health_check_started","server":"2"}
{"level":"error","ts":1779016576.167338,"msg":"health_check_failed","server":"1","url":"http://localhost:3000","fail_count":123,"latency":0.001354995,"error":"Get \"http://localhost:3000/health\": dial tcp 127.0.0.1:3000: connect: connection refused"}
{"level":"info","ts":1779016576.167474,"msg":"health_check_success","server":"3","status_code":200,"latency":0.001628936}
{"level":"info","ts":1779016576.1682434,"msg":"health_check_success","server":"2","status_code":200,"latency":0.002238351}
{"level":"info","ts":1779016580.1665874,"msg":"health_check_started","server":"3"}
{"level":"info","ts":1779016580.1667264,"msg":"health_check_started","server":"1"}
{"level":"info","ts":1779016580.1667325,"msg":"health_check_started","server":"2"}
{"level":"info","ts":1779016580.1680648,"msg":"health_check_success","server":"3","status_code":200,"latency":0.001478886}
{"level":"error","ts":1779016580.1681035,"msg":"health_check_failed","server":"1","url":"http://localhost:3000","fail_count":124,"latency":0.001378255,"error":"Get \"http://localhost:3000/health\": dial tcp 127.0.0.1:3000: connect: connection refused"}
{"level":"info","ts":1779016580.169157,"msg":"health_check_success","server":"2","status_code":200,"latency":0.002421843}
{"level":"info","ts":1779016584.166555,"msg":"health_check_started","server":"3"}
{"level":"info","ts":1779016584.166666,"msg":"health_check_started","server":"1"}
{"level":"info","ts":1779016584.1682277,"msg":"health_check_success","server":"3","status_code":200,"latency":0.001678741}
{"level":"info","ts":1779016584.1666777,"msg":"health_check_started","server":"2"}
{"level":"error","ts":1779016584.1685681,"msg":"health_check_failed","server":"1","url":"http://localhost:3000","fail_count":125,"latency":0.001904375,"error":"Get \"http://localhost:3000/health\": dial tcp 127.0.0.1:3000: connect: connection refused"}
{"level":"info","ts":1779016584.1707695,"msg":"health_check_success","server":"2","status_code":200,"latency":0.004089319}
{"level":"error","ts":1779016587.7439666,"msg":"server_marked_unhealthy","server":"1","fail_count":125}
{"level":"info","ts":1779016588.1659014,"msg":"health_check_started","server":"3"}
{"level":"info","ts":1779016588.166058,"msg":"health_check_started","server":"1"}
{"level":"info","ts":1779016588.1661723,"msg":"health_check_started","server":"2"}
{"level":"error","ts":1779016588.1673903,"msg":"health_check_failed","server":"1","url":"http://localhost:3000","fail_count":126,"latency":0.001362384,"error":"Get \"http://localhost:3000/health\": dial tcp 127.0.0.1:3000: connect: connection refused"}
{"level":"info","ts":1779016588.168459,"msg":"health_check_success","server":"3","status_code":200,"latency":0.002563767}
{"level":"info","ts":1779016588.1693585,"msg":"health_check_success","server":"2","status_code":200,"latency":0.003211175}
{"level":"info","ts":1779016592.1660063,"msg":"health_check_started","server":"3"}
{"level":"info","ts":1779016592.1660535,"msg":"health_check_started","server":"1"}
{"level":"info","ts":1779016592.166062,"msg":"health_check_started","server":"2"}
{"level":"info","ts":1779016592.1672704,"msg":"health_check_success","server":"3","status_code":200,"latency":0.001267911}
{"level":"error","ts":1779016592.1671815,"msg":"health_check_failed","server":"1","url":"http://localhost:3000","fail_count":127,"latency":0.001095137,"error":"Get \"http://localhost:3000/health\": dial tcp 127.0.0.1:3000: connect: connection refused"}
{"level":"info","ts":1779016592.1679304,"msg":"health_check_success","server":"2","status_code":200,"latency":0.001866385}
{"level":"info","ts":1779016596.1658063,"msg":"health_check_started","server":"1"}
{"level":"info","ts":1779016596.165796,"msg":"health_check_started","server":"3"}
{"level":"error","ts":1779016596.166684,"msg":"health_check_failed","server":"1","url":"http://localhost:3000","fail_count":128,"latency":0.00087728,"error":"Get \"http://localhost:3000/health\": dial tcp 127.0.0.1:3000: connect: connection refused"}
{"level":"info","ts":1779016596.165856,"msg":"health_check_started","server":"2"}
{"level":"info","ts":1779016596.1674535,"msg":"health_check_success","server":"3","status_code":200,"latency":0.001670051}
{"level":"info","ts":1779016596.168115,"msg":"health_check_success","server":"2","status_code":200,"latency":0.002258608}
{"level":"info","ts":1779016600.1664522,"msg":"health_check_started","server":"3"}
{"level":"info","ts":1779016600.1665483,"msg":"health_check_started","server":"1"}
{"level":"info","ts":1779016600.166568,"msg":"health_check_started","server":"2"}
{"level":"info","ts":1779016600.1682632,"msg":"health_check_success","server":"3","status_code":200,"latency":0.001835341}
{"level":"error","ts":1779016600.1679764,"msg":"health_check_failed","server":"1","url":"http://localhost:3000","fail_count":129,"latency":0.001434157,"error":"Get \"http://localhost:3000/health\": dial tcp 127.0.0.1:3000: connect: connection refused"}
{"level":"info","ts":1779016600.1688933,"msg":"health_check_success","server":"2","status_code":200,"latency":0.002320254}
{"level":"info","ts":1779016604.1666937,"msg":"health_check_started","server":"3"}
{"level":"info","ts":1779016604.1667452,"msg":"health_check_started","server":"1"}
{"level":"info","ts":1779016604.1667564,"msg":"health_check_started","server":"2"}
{"level":"error","ts":1779016604.169062,"msg":"health_check_failed","server":"1","url":"http://localhost:3000","fail_count":130,"latency":0.002318272,"error":"Get \"http://localhost:3000/health\": dial tcp 127.0.0.1:3000: connect: connection refused"}
{"level":"info","ts":1779016604.1687572,"msg":"health_check_success","server":"3","status_code":200,"latency":0.002042962}
{"level":"info","ts":1779016604.1701722,"msg":"health_check_success","server":"2","status_code":200,"latency":0.003405134}
{"level":"error","ts":1779016610.0822158,"msg":"server_marked_unhealthy","server":"1","fail_count":130}
{"level":"info","ts":1779016610.6953585,"msg":"health_check_started","server":"2"}
{"level":"info","ts":1779016610.6954653,"msg":"health_check_started","server":"3"}
{"level":"info","ts":1779016610.695478,"msg":"health_check_started","server":"1"}
{"level":"info","ts":1779016610.697159,"msg":"health_check_success","server":"3","status_code":200,"latency":0.001692844}
{"level":"info","ts":1779016610.697564,"msg":"health_check_success","server":"2","status_code":200,"latency":0.002206716}
{"level":"error","ts":1779016610.6977324,"msg":"health_check_failed","server":"1","url":"http://localhost:3000","fail_count":131,"latency":0.002254572,"error":"Get \"http://localhost:3000/health\": dial tcp 127.0.0.1:3000: connect: connection refused"}
{"level":"info","ts":1779016614.6961894,"msg":"health_check_started","server":"3"}
{"level":"info","ts":1779016614.6962574,"msg":"health_check_started","server":"1"}
{"level":"info","ts":1779016614.6962643,"msg":"health_check_started","server":"2"}
{"level":"info","ts":1779016614.6974142,"msg":"health_check_success","server":"3","status_code":200,"latency":0.001237642}
{"level":"error","ts":1779016614.6972358,"msg":"health_check_failed","server":"1","url":"http://localhost:3000","fail_count":132,"latency":0.000979441,"error":"Get \"http://localhost:3000/health\": dial tcp 127.0.0.1:3000: connect: connection refused"}
{"level":"info","ts":1779016614.6980712,"msg":"health_check_success","server":"2","status_code":200,"latency":0.00180492}
{"level":"info","ts":1779016618.6958623,"msg":"health_check_started","server":"3"}
{"level":"info","ts":1779016618.6959505,"msg":"health_check_started","server":"1"}
{"level":"info","ts":1779016618.6959584,"msg":"health_check_started","server":"2"}
{"level":"error","ts":1779016618.696963,"msg":"health_check_failed","server":"1","url":"http://localhost:3000","fail_count":133,"latency":0.00101294,"error":"Get \"http://localhost:3000/health\": dial tcp 127.0.0.1:3000: connect: connection refused"}
{"level":"info","ts":1779016618.6972032,"msg":"health_check_success","server":"3","status_code":200,"latency":0.001342585}
{"level":"info","ts":1779016618.6979163,"msg":"health_check_success","server":"2","status_code":200,"latency":0.001955468}
{"level":"info","ts":1779016622.6958842,"msg":"health_check_started","server":"2"}
{"level":"info","ts":1779016622.6959305,"msg":"health_check_started","server":"3"}
{"level":"info","ts":1779016622.6959379,"msg":"health_check_started","server":"1"}
{"level":"info","ts":1779016622.697593,"msg":"health_check_success","server":"3","status_code":200,"latency":0.001665304}
{"level":"error","ts":1779016622.697581,"msg":"health_check_failed","server":"1","url":"http://localhost:3000","fail_count":134,"latency":0.00164167,"error":"Get \"http://localhost:3000/health\": dial tcp 127.0.0.1:3000: connect: connection refused"}
{"level":"info","ts":1779016622.700712,"msg":"health_check_success","server":"2","status_code":200,"latency":0.00482628}
{"level":"info","ts":1779016626.6958363,"msg":"health_check_started","server":"3"}
{"level":"info","ts":1779016626.6959488,"msg":"health_check_started","server":"1"}
{"level":"info","ts":1779016626.6959548,"msg":"health_check_started","server":"2"}
{"level":"error","ts":1779016626.6968732,"msg":"health_check_failed","server":"1","url":"http://localhost:3000","fail_count":135,"latency":0.000926071,"error":"Get \"http://localhost:3000/health\": dial tcp 127.0.0.1:3000: connect: connection refused"}
{"level":"info","ts":1779016626.6970537,"msg":"health_check_success","server":"3","status_code":200,"latency":0.001218769}
{"level":"info","ts":1779016626.6976144,"msg":"health_check_success","server":"2","status_code":200,"latency":0.001652843}
{"level":"info","ts":1779016630.6952732,"msg":"health_check_started","server":"3"}
{"level":"info","ts":1779016630.6953595,"msg":"health_check_started","server":"1"}
{"level":"info","ts":1779016630.695371,"msg":"health_check_started","server":"2"}
{"level":"info","ts":1779016630.6968508,"msg":"health_check_success","server":"3","status_code":200,"latency":0.001577406}
{"level":"error","ts":1779016630.696918,"msg":"health_check_failed","server":"1","url":"http://localhost:3000","fail_count":136,"latency":0.001559958,"error":"Get \"http://localhost:3000/health\": dial tcp 127.0.0.1:3000: connect: connection refused"}
{"level":"info","ts":1779016630.6981525,"msg":"health_check_success","server":"2","status_code":200,"latency":0.002779954}
{"level":"error","ts":1779016631.335225,"msg":"server_marked_unhealthy","server":"1","fail_count":136}
{"level":"info","ts":1779016634.69554,"msg":"health_check_started","server":"3"}
{"level":"info","ts":1779016634.695593,"msg":"health_check_started","server":"1"}
{"level":"info","ts":1779016634.6956048,"msg":"health_check_started","server":"2"}
{"level":"info","ts":1779016634.6988103,"msg":"health_check_success","server":"3","status_code":200,"latency":0.003262867}
{"level":"error","ts":1779016634.7005482,"msg":"health_check_failed","server":"1","url":"http://localhost:3000","fail_count":137,"latency":0.004956419,"error":"Get \"http://localhost:3000/health\": dial tcp 127.0.0.1:3000: connect: connection refused"}
{"level":"info","ts":1779016634.702531,"msg":"health_check_success","server":"2","status_code":200,"latency":0.006923468}
{"level":"info","ts":1779016638.6953604,"msg":"health_check_started","server":"3"}
{"level":"info","ts":1779016638.6954746,"msg":"health_check_started","server":"1"}
{"level":"info","ts":1779016638.6954951,"msg":"health_check_started","server":"2"}
{"level":"error","ts":1779016638.6969416,"msg":"health_check_failed","server":"1","url":"http://localhost:3000","fail_count":138,"latency":0.001466475,"error":"Get \"http://localhost:3000/health\": dial tcp 127.0.0.1:3000: connect: connection refused"}
{"level":"info","ts":1779016638.6979108,"msg":"health_check_success","server":"2","status_code":200,"latency":0.002421266}
{"level":"info","ts":1779016638.6971014,"msg":"health_check_success","server":"3","status_code":200,"latency":0.001750735}
{"level":"info","ts":1779016645.2193696,"msg":"health_check_started","server":"3"}
{"level":"info","ts":1779016645.2193775,"msg":"health_check_started","server":"1"}
{"level":"info","ts":1779016645.2193863,"msg":"health_check_started","server":"2"}
{"level":"info","ts":1779016645.2211342,"msg":"health_check_success","server":"3","status_code":200,"latency":0.001778325}
{"level":"error","ts":1779016645.2212312,"msg":"health_check_failed","server":"1","url":"http://localhost:3000","fail_count":139,"latency":0.001856063,"error":"Get \"http://localhost:3000/health\": dial tcp 127.0.0.1:3000: connect: connection refused"}
{"level":"info","ts":1779016645.22252,"msg":"health_check_success","server":"2","status_code":200,"latency":0.003132341}
{"level":"info","ts":1779016649.2197168,"msg":"health_check_started","server":"3"}
{"level":"info","ts":1779016649.219838,"msg":"health_check_started","server":"1"}
{"level":"info","ts":1779016649.22119,"msg":"health_check_success","server":"3","status_code":200,"latency":0.001477294}
{"level":"error","ts":1779016649.22165,"msg":"health_check_failed","server":"1","url":"http://localhost:3000","fail_count":140,"latency":0.001813926,"error":"Get \"http://localhost:3000/health\": dial tcp 127.0.0.1:3000: connect: connection refused"}
{"level":"info","ts":1779016649.21985,"msg":"health_check_started","server":"2"}
{"level":"info","ts":1779016649.222987,"msg":"health_check_success","server":"2","status_code":200,"latency":0.003134604}
{"level":"error","ts":1779016649.701078,"msg":"server_marked_unhealthy","server":"1","fail_count":140}
{"level":"info","ts":1779016653.2192614,"msg":"health_check_started","server":"3"}
{"level":"info","ts":1779016653.2194073,"msg":"health_check_started","server":"1"}
{"level":"info","ts":1779016653.2194178,"msg":"health_check_started","server":"2"}
{"level":"info","ts":1779016653.2211337,"msg":"health_check_success","server":"3","status_code":200,"latency":0.001873354}
{"level":"error","ts":1779016653.2211301,"msg":"health_check_failed","server":"1","url":"http://localhost:3000","fail_count":141,"latency":0.00172498,"error":"Get \"http://localhost:3000/health\": dial tcp 127.0.0.1:3000: connect: connection refused"}
{"level":"info","ts":1779016653.2218416,"msg":"health_check_success","server":"2","status_code":200,"latency":0.002421293}
{"level":"info","ts":1779016657.2196212,"msg":"health_check_started","server":"3"}
{"level":"info","ts":1779016657.2197359,"msg":"health_check_started","server":"1"}
{"level":"info","ts":1779016657.2197464,"msg":"health_check_started","server":"2"}
{"level":"info","ts":1779016657.221192,"msg":"health_check_success","server":"3","status_code":200,"latency":0.001572125}
{"level":"info","ts":1779016657.2220075,"msg":"health_check_success","server":"2","status_code":200,"latency":0.002259576}
{"level":"error","ts":1779016657.2212281,"msg":"health_check_failed","server":"1","url":"http://localhost:3000","fail_count":142,"latency":0.001495252,"error":"Get \"http://localhost:3000/health\": dial tcp 127.0.0.1:3000: connect: connection refused"}
{"level":"info","ts":1779016661.2194428,"msg":"health_check_started","server":"3"}
{"level":"info","ts":1779016661.219507,"msg":"health_check_started","server":"1"}
{"level":"info","ts":1779016661.2195146,"msg":"health_check_started","server":"2"}
{"level":"info","ts":1779016661.2210338,"msg":"health_check_success","server":"3","status_code":200,"latency":0.001590432}
{"level":"error","ts":1779016661.2206795,"msg":"health_check_failed","server":"1","url":"http://localhost:3000","fail_count":143,"latency":0.001173196,"error":"Get \"http://localhost:3000/health\": dial tcp 127.0.0.1:3000: connect: connection refused"}
{"level":"info","ts":1779016661.2216878,"msg":"health_check_success","server":"2","status_code":200,"latency":0.002169463}
{"level":"info","ts":1779016665.2193003,"msg":"health_check_started","server":"3"}
{"level":"info","ts":1779016665.219392,"msg":"health_check_started","server":"1"}
{"level":"info","ts":1779016665.2194054,"msg":"health_check_started","server":"2"}
{"level":"info","ts":1779016665.2210813,"msg":"health_check_success","server":"3","status_code":200,"latency":0.001782161}
{"level":"error","ts":1779016665.2211187,"msg":"health_check_failed","server":"1","url":"http://localhost:3000","fail_count":144,"latency":0.001727524,"error":"Get \"http://localhost:3000/health\": dial tcp 127.0.0.1:3000: connect: connection refused"}
{"level":"info","ts":1779016665.2224617,"msg":"health_check_success","server":"2","status_code":200,"latency":0.003054476}
{"level":"info","ts":1779016669.2197013,"msg":"health_check_started","server":"3"}
{"level":"info","ts":1779016669.2198167,"msg":"health_check_started","server":"1"}
{"level":"info","ts":1779016669.2198305,"msg":"health_check_started","server":"2"}
{"level":"info","ts":1779016669.221309,"msg":"health_check_success","server":"3","status_code":200,"latency":0.00160982}
{"level":"error","ts":1779016669.2213216,"msg":"health_check_failed","server":"1","url":"http://localhost:3000","fail_count":145,"latency":0.001506476,"error":"Get \"http://localhost:3000/health\": dial tcp 127.0.0.1:3000: connect: connection refused"}
{"level":"info","ts":1779016669.2218604,"msg":"health_check_success","server":"2","status_code":200,"latency":0.002028676}
{"level":"info","ts":1779016673.2203312,"msg":"health_check_started","server":"3"}
{"level":"info","ts":1779016673.2204065,"msg":"health_check_started","server":"1"}
{"level":"info","ts":1779016673.2204146,"msg":"health_check_started","server":"2"}
{"level":"info","ts":1779016673.22178,"msg":"health_check_success","server":"3","status_code":200,"latency":0.001449876}
{"level":"error","ts":1779016673.2545674,"msg":"health_check_failed","server":"1","url":"http://localhost:3000","fail_count":146,"latency":0.033947815,"error":"Get \"http://localhost:3000/health\": dial tcp 127.0.0.1:3000: connect: connection refused"}
{"level":"info","ts":1779016673.254746,"msg":"health_check_success","server":"2","status_code":200,"latency":0.03432948}
{"level":"info","ts":1779016679.6447725,"msg":"health_check_started","server":"3"}
{"level":"info","ts":1779016679.6449385,"msg":"health_check_started","server":"1"}
{"level":"info","ts":1779016679.6449533,"msg":"health_check_started","server":"2"}
{"level":"error","ts":1779016679.646772,"msg":"health_check_failed","server":"1","url":"http://localhost:3000","fail_count":147,"latency":0.001907812,"error":"Get \"http://localhost:3000/health\": dial tcp 127.0.0.1:3000: connect: connection refused"}
{"level":"info","ts":1779016679.6468403,"msg":"health_check_success","server":"3","status_code":200,"latency":0.002077373}
{"level":"info","ts":1779016679.6477942,"msg":"health_check_success","server":"2","status_code":200,"latency":0.002841523}
{"level":"error","ts":1779016682.1859019,"msg":"server_marked_unhealthy","server":"1","fail_count":147}
{"level":"info","ts":1779016683.6449845,"msg":"health_check_started","server":"3"}
{"level":"info","ts":1779016683.6450622,"msg":"health_check_started","server":"1"}
{"level":"info","ts":1779016683.6450722,"msg":"health_check_started","server":"2"}
{"level":"info","ts":1779016683.6466458,"msg":"health_check_success","server":"3","status_code":200,"latency":0.00166308}
{"level":"error","ts":1779016683.646962,"msg":"health_check_failed","server":"1","url":"http://localhost:3000","fail_count":148,"latency":0.001902338,"error":"Get \"http://localhost:3000/health\": dial tcp 127.0.0.1:3000: connect: connection refused"}
{"level":"info","ts":1779016683.6476297,"msg":"health_check_success","server":"2","status_code":200,"latency":0.00255689}
{"level":"info","ts":1779016687.6452823,"msg":"health_check_started","server":"3"}
{"level":"info","ts":1779016687.6453881,"msg":"health_check_started","server":"1"}
{"level":"info","ts":1779016687.645395,"msg":"health_check_started","server":"2"}
{"level":"info","ts":1779016687.6465025,"msg":"health_check_success","server":"3","status_code":200,"latency":0.001222504}
{"level":"error","ts":1779016687.646488,"msg":"health_check_failed","server":"1","url":"http://localhost:3000","fail_count":149,"latency":0.001100545,"error":"Get \"http://localhost:3000/health\": dial tcp 127.0.0.1:3000: connect: connection refused"}
{"level":"info","ts":1779016687.6475725,"msg":"health_check_success","server":"2","status_code":200,"latency":0.002175669}
{"level":"info","ts":1779016691.6443954,"msg":"health_check_started","server":"3"}
{"level":"info","ts":1779016691.6444798,"msg":"health_check_started","server":"1"}
{"level":"info","ts":1779016691.6458635,"msg":"health_check_success","server":"3","status_code":200,"latency":0.001475866}
{"level":"info","ts":1779016691.6444898,"msg":"health_check_started","server":"2"}
{"level":"error","ts":1779016691.6461656,"msg":"health_check_failed","server":"1","url":"http://localhost:3000","fail_count":150,"latency":0.001689196,"error":"Get \"http://localhost:3000/health\": dial tcp 127.0.0.1:3000: connect: connection refused"}
{"level":"info","ts":1779016691.648337,"msg":"health_check_success","server":"2","status_code":200,"latency":0.003843796}
{"level":"info","ts":1779016695.6444368,"msg":"health_check_started","server":"3"}
{"level":"info","ts":1779016695.644491,"msg":"health_check_started","server":"1"}
{"level":"info","ts":1779016695.6444974,"msg":"health_check_started","server":"2"}
{"level":"info","ts":1779016695.6455073,"msg":"health_check_success","server":"3","status_code":200,"latency":0.001072227}
{"level":"error","ts":1779016695.6455564,"msg":"health_check_failed","server":"1","url":"http://localhost:3000","fail_count":151,"latency":0.001066078,"error":"Get \"http://localhost:3000/health\": dial tcp 127.0.0.1:3000: connect: connection refused"}
{"level":"info","ts":1779016695.646293,"msg":"health_check_success","server":"2","status_code":200,"latency":0.0017941}
{"level":"error","ts":1779016696.4175546,"msg":"server_marked_unhealthy","server":"1","fail_count":151}
{"level":"info","ts":1779016699.6445913,"msg":"health_check_started","server":"1"}
{"level":"info","ts":1779016699.644577,"msg":"health_check_started","server":"3"}
{"level":"error","ts":1779016699.6453867,"msg":"health_check_failed","server":"1","url":"http://localhost:3000","fail_count":152,"latency":0.000794032,"error":"Get \"http://localhost:3000/health\": dial tcp 127.0.0.1:3000: connect: connection refused"}
{"level":"info","ts":1779016699.6446729,"msg":"health_check_started","server":"2"}
{"level":"info","ts":1779016699.646202,"msg":"health_check_success","server":"3","status_code":200,"latency":0.001629223}
{"level":"info","ts":1779016699.6471624,"msg":"health_check_success","server":"2","status_code":200,"latency":0.002487968}
{"level":"info","ts":1779016703.6448011,"msg":"health_check_started","server":"3"}
{"level":"info","ts":1779016703.6450424,"msg":"health_check_started","server":"1"}
{"level":"info","ts":1779016703.6450598,"msg":"health_check_started","server":"2"}
{"level":"error","ts":1779016703.6458561,"msg":"health_check_failed","server":"1","url":"http://localhost:3000","fail_count":153,"latency":0.000813189,"error":"Get \"http://localhost:3000/health\": dial tcp 127.0.0.1:3000: connect: connection refused"}
{"level":"info","ts":1779016703.6462862,"msg":"health_check_success","server":"3","status_code":200,"latency":0.001510765}
{"level":"info","ts":1779016703.647692,"msg":"health_check_success","server":"2","status_code":200,"latency":0.002628719}
{"level":"info","ts":1779016707.645395,"msg":"health_check_started","server":"1"}
{"level":"info","ts":1779016707.645333,"msg":"health_check_started","server":"3"}
{"level":"info","ts":1779016707.645401,"msg":"health_check_started","server":"2"}
{"level":"error","ts":1779016707.6465838,"msg":"health_check_failed","server":"1","url":"http://localhost:3000","fail_count":154,"latency":0.001192536,"error":"Get \"http://localhost:3000/health\": dial tcp 127.0.0.1:3000: connect: connection refused"}
{"level":"info","ts":1779016707.6474648,"msg":"health_check_success","server":"3","status_code":200,"latency":0.002132126}
{"level":"info","ts":1779016707.6479778,"msg":"health_check_success","server":"2","status_code":200,"latency":0.002574379}
{"level":"info","ts":1779016714.2493918,"msg":"health_check_started","server":"3"}
{"level":"info","ts":1779016714.249325,"msg":"health_check_started","server":"1"}
{"level":"info","ts":1779016714.249414,"msg":"health_check_started","server":"2"}
{"level":"error","ts":1779016714.2506044,"msg":"health_check_failed","server":"1","url":"http://localhost:3000","fail_count":155,"latency":0.001284475,"error":"Get \"http://localhost:3000/health\": dial tcp 127.0.0.1:3000: connect: connection refused"}
{"level":"info","ts":1779016714.2507703,"msg":"health_check_success","server":"3","status_code":200,"latency":0.001379265}
{"level":"info","ts":1779016714.2556918,"msg":"health_check_success","server":"2","status_code":200,"latency":0.006275252}
{"level":"info","ts":1779016718.249812,"msg":"health_check_started","server":"3"}
{"level":"info","ts":1779016718.2498565,"msg":"health_check_started","server":"1"}
{"level":"info","ts":1779016718.2498643,"msg":"health_check_started","server":"2"}
{"level":"info","ts":1779016718.2511137,"msg":"health_check_success","server":"3","status_code":200,"latency":0.001337857}
{"level":"error","ts":1779016718.2511132,"msg":"health_check_failed","server":"1","url":"http://localhost:3000","fail_count":156,"latency":0.001256032,"error":"Get \"http://localhost:3000/health\": dial tcp 127.0.0.1:3000: connect: connection refused"}
{"level":"info","ts":1779016718.2518835,"msg":"health_check_success","server":"2","status_code":200,"latency":0.002018109}
{"level":"info","ts":1779016722.2502017,"msg":"health_check_started","server":"3"}
{"level":"info","ts":1779016722.2502942,"msg":"health_check_started","server":"1"}
{"level":"info","ts":1779016722.250308,"msg":"health_check_started","server":"2"}
{"level":"info","ts":1779016722.2516305,"msg":"health_check_success","server":"3","status_code":200,"latency":0.001431362}
{"level":"error","ts":1779016722.2513797,"msg":"health_check_failed","server":"1","url":"http://localhost:3000","fail_count":157,"latency":0.001087135,"error":"Get \"http://localhost:3000/health\": dial tcp 127.0.0.1:3000: connect: connection refused"}
{"level":"info","ts":1779016722.2522302,"msg":"health_check_success","server":"2","status_code":200,"latency":0.001920537}
{"level":"error","ts":1779016726.084332,"msg":"server_marked_unhealthy","server":"1","fail_count":157}
{"level":"info","ts":1779016726.2494507,"msg":"health_check_started","server":"3"}
{"level":"info","ts":1779016726.2495368,"msg":"health_check_started","server":"1"}
{"level":"info","ts":1779016726.2495472,"msg":"health_check_started","server":"2"}
{"level":"info","ts":1779016726.2507098,"msg":"health_check_success","server":"3","status_code":200,"latency":0.001257144}
{"level":"error","ts":1779016726.2505066,"msg":"health_check_failed","server":"1","url":"http://localhost:3000","fail_count":158,"latency":0.000970476,"error":"Get \"http://localhost:3000/health\": dial tcp 127.0.0.1:3000: connect: connection refused"}
{"level":"info","ts":1779016726.251394,"msg":"health_check_success","server":"2","status_code":200,"latency":0.001844442}
{"level":"info","ts":1779016730.2495146,"msg":"health_check_started","server":"3"}
{"level":"info","ts":1779016730.2496293,"msg":"health_check_started","server":"1"}
{"level":"info","ts":1779016730.249635,"msg":"health_check_started","server":"2"}
{"level":"info","ts":1779016730.250845,"msg":"health_check_success","server":"3","status_code":200,"latency":0.001331942}
{"level":"error","ts":1779016730.2506206,"msg":"health_check_failed","server":"1","url":"http://localhost:3000","fail_count":159,"latency":0.000992254,"error":"Get \"http://localhost:3000/health\": dial tcp 127.0.0.1:3000: connect: connection refused"}
{"level":"info","ts":1779016730.2514772,"msg":"health_check_success","server":"2","status_code":200,"latency":0.001840153}
{"level":"info","ts":1779016735.886061,"msg":"Load balancer started"}
{"level":"info","ts":1779016739.8885527,"msg":"health_check_started","server":"3"}
{"level":"info","ts":1779016739.8885953,"msg":"health_check_started","server":"1"}
{"level":"info","ts":1779016739.8886292,"msg":"health_check_started","server":"2"}
{"level":"error","ts":1779016739.8913717,"msg":"health_check_failed","server":"1","url":"http://localhost:3000","fail_count":1,"latency":0.002810809,"error":"Get \"http://localhost:3000/health\": dial tcp 127.0.0.1:3000: connect: connection refused"}
{"level":"info","ts":1779016739.8917036,"msg":"health_check_success","server":"3","status_code":200,"latency":0.003196673}
{"level":"info","ts":1779016739.8921883,"msg":"health_check_success","server":"2","status_code":200,"latency":0.003557526}
{"level":"info","ts":1779016743.8872497,"msg":"health_check_started","server":"3"}
{"level":"info","ts":1779016743.8872473,"msg":"health_check_started","server":"1"}
{"level":"info","ts":1779016743.8873508,"msg":"health_check_started","server":"2"}
{"level":"info","ts":1779016743.8897526,"msg":"health_check_success","server":"3","status_code":200,"latency":0.002507184}
{"level":"error","ts":1779016743.8894017,"msg":"health_check_failed","server":"1","url":"http://localhost:3000","fail_count":2,"latency":0.002213342,"error":"Get \"http://localhost:3000/health\": dial tcp 127.0.0.1:3000: connect: connection refused"}
{"level":"info","ts":1779016743.890252,"msg":"health_check_success","server":"2","status_code":200,"latency":0.002910832}
{"level":"info","ts":1779016750.5161428,"msg":"health_check_started","server":"3"}
{"level":"info","ts":1779016750.516386,"msg":"health_check_started","server":"1"}
{"level":"info","ts":1779016750.5164,"msg":"health_check_started","server":"2"}
{"level":"info","ts":1779016750.5184848,"msg":"health_check_success","server":"3","status_code":200,"latency":0.002342735}
{"level":"error","ts":1779016750.5182867,"msg":"health_check_failed","server":"1","url":"http://localhost:3000","fail_count":3,"latency":0.001932075,"error":"Get \"http://localhost:3000/health\": dial tcp 127.0.0.1:3000: connect: connection refused"}
{"level":"info","ts":1779016750.5192015,"msg":"health_check_success","server":"2","status_code":200,"latency":0.002802466}
{"level":"info","ts":1779016754.5162656,"msg":"health_check_started","server":"3"}
{"level":"info","ts":1779016754.5163622,"msg":"health_check_started","server":"1"}
{"level":"info","ts":1779016754.516369,"msg":"health_check_started","server":"2"}
{"level":"error","ts":1779016754.5177681,"msg":"health_check_failed","server":"1","url":"http://localhost:3000","fail_count":4,"latency":0.001411253,"error":"Get \"http://localhost:3000/health\": dial tcp 127.0.0.1:3000: connect: connection refused"}
{"level":"info","ts":1779016754.5177877,"msg":"health_check_success","server":"3","status_code":200,"latency":0.001530354}
{"level":"info","ts":1779016754.518568,"msg":"health_check_success","server":"2","status_code":200,"latency":0.002199201}
{"level":"info","ts":1779016758.5160012,"msg":"health_check_started","server":"3"}
{"level":"info","ts":1779016758.5161037,"msg":"health_check_started","server":"1"}
{"level":"info","ts":1779016758.5161433,"msg":"health_check_started","server":"2"}
{"level":"info","ts":1779016758.5176363,"msg":"health_check_success","server":"3","status_code":200,"latency":0.001642349}
{"level":"error","ts":1779016758.5176587,"msg":"health_check_failed","server":"1","url":"http://localhost:3000","fail_count":5,"latency":0.001564614,"error":"Get \"http://localhost:3000/health\": dial tcp 127.0.0.1:3000: connect: connection refused"}
{"level":"info","ts":1779016758.518547,"msg":"health_check_success","server":"2","status_code":200,"latency":0.002430761}
{"level":"info","ts":1779016762.5156245,"msg":"health_check_started","server":"3"}
{"level":"info","ts":1779016762.5157425,"msg":"health_check_started","server":"1"}
{"level":"info","ts":1779016762.515761,"msg":"health_check_started","server":"2"}
{"level":"info","ts":1779016762.5172029,"msg":"health_check_success","server":"3","status_code":200,"latency":0.001585631}
{"level":"error","ts":1779016762.517201,"msg":"health_check_failed","server":"1","url":"http://localhost:3000","fail_count":6,"latency":0.001468367,"error":"Get \"http://localhost:3000/health\": dial tcp 127.0.0.1:3000: connect: connection refused"}
{"level":"info","ts":1779016762.5177839,"msg":"health_check_success","server":"2","status_code":200,"latency":0.002023857}
{"level":"info","ts":1779016766.5153387,"msg":"health_check_started","server":"3"}
{"level":"info","ts":1779016766.5154574,"msg":"health_check_started","server":"1"}
{"level":"info","ts":1779016766.5154903,"msg":"health_check_started","server":"2"}
{"level":"info","ts":1779016766.5169935,"msg":"health_check_success","server":"3","status_code":200,"latency":0.001692858}
{"level":"info","ts":1779016766.517874,"msg":"health_check_success","server":"2","status_code":200,"latency":0.002386817}
{"level":"error","ts":1779016766.5171123,"msg":"health_check_failed","server":"1","url":"http://localhost:3000","fail_count":7,"latency":0.001664696,"error":"Get \"http://localhost:3000/health\": dial tcp 127.0.0.1:3000: connect: connection refused"}
{"level":"info","ts":1779016770.5158393,"msg":"health_check_started","server":"3"}
{"level":"info","ts":1779016770.5159132,"msg":"health_check_started","server":"1"}
{"level":"info","ts":1779016770.515925,"msg":"health_check_started","server":"2"}
{"level":"info","ts":1779016770.5172157,"msg":"health_check_success","server":"3","status_code":200,"latency":0.001383782}
{"level":"error","ts":1779016770.5172656,"msg":"health_check_failed","server":"1","url":"http://localhost:3000","fail_count":8,"latency":0.001360323,"error":"Get \"http://localhost:3000/health\": dial tcp 127.0.0.1:3000: connect: connection refused"}
{"level":"info","ts":1779016770.5268834,"msg":"health_check_success","server":"2","status_code":200,"latency":0.010958203}
{"level":"info","ts":1779016774.515865,"msg":"health_check_started","server":"3"}
{"level":"info","ts":1779016774.515994,"msg":"health_check_started","server":"1"}
{"level":"info","ts":1779016774.5175395,"msg":"health_check_success","server":"3","status_code":200,"latency":0.001709345}
{"level":"error","ts":1779016774.5179322,"msg":"health_check_failed","server":"1","url":"http://localhost:3000","fail_count":9,"latency":0.001946977,"error":"Get \"http://localhost:3000/health\": dial tcp 127.0.0.1:3000: connect: connection refused"}
{"level":"info","ts":1779016774.5160124,"msg":"health_check_started","server":"2"}
{"level":"info","ts":1779016774.5196426,"msg":"health_check_success","server":"2","status_code":200,"latency":0.003629811}
{"level":"info","ts":1779016778.5162096,"msg":"health_check_started","server":"3"}
{"level":"info","ts":1779016778.5162828,"msg":"health_check_started","server":"1"}
{"level":"info","ts":1779016778.517639,"msg":"health_check_success","server":"3","status_code":200,"latency":0.001476362}
{"level":"info","ts":1779016778.5162895,"msg":"health_check_started","server":"2"}
{"level":"error","ts":1779016778.5181146,"msg":"health_check_failed","server":"1","url":"http://localhost:3000","fail_count":10,"latency":0.001833136,"error":"Get \"http://localhost:3000/health\": dial tcp 127.0.0.1:3000: connect: connection refused"}
{"level":"info","ts":1779016778.5194552,"msg":"health_check_success","server":"2","status_code":200,"latency":0.003164148}
{"level":"info","ts":1779016785.3194063,"msg":"health_check_started","server":"3"}
{"level":"info","ts":1779016785.3194964,"msg":"health_check_started","server":"1"}
{"level":"info","ts":1779016785.319506,"msg":"health_check_started","server":"2"}
{"level":"error","ts":1779016785.3209097,"msg":"health_check_failed","server":"1","url":"http://localhost:3000","fail_count":11,"latency":0.001414069,"error":"Get \"http://localhost:3000/health\": dial tcp 127.0.0.1:3000: connect: connection refused"}
{"level":"info","ts":1779016785.3210883,"msg":"health_check_success","server":"3","status_code":200,"latency":0.001715951}
{"level":"info","ts":1779016785.3217216,"msg":"health_check_success","server":"2","status_code":200,"latency":0.002214701}
{"level":"error","ts":1779016786.651692,"msg":"server_marked_unhealthy","server":"1","fail_count":11}
{"level":"info","ts":1779016789.3200617,"msg":"health_check_started","server":"3"}
{"level":"info","ts":1779016789.3201644,"msg":"health_check_started","server":"1"}
{"level":"info","ts":1779016789.320176,"msg":"health_check_started","server":"2"}
{"level":"error","ts":1779016789.3213134,"msg":"health_check_failed","server":"1","url":"http://localhost:3000","fail_count":12,"latency":0.001150353,"error":"Get \"http://localhost:3000/health\": dial tcp 127.0.0.1:3000: connect: connection refused"}
{"level":"info","ts":1779016789.3213496,"msg":"health_check_success","server":"3","status_code":200,"latency":0.001290803}
{"level":"info","ts":1779016789.3220444,"msg":"health_check_success","server":"2","status_code":200,"latency":0.001867159}
{"level":"info","ts":1779016793.3194237,"msg":"health_check_started","server":"3"}
{"level":"info","ts":1779016793.3194597,"msg":"health_check_started","server":"1"}
{"level":"info","ts":1779016793.3194757,"msg":"health_check_started","server":"2"}
{"level":"error","ts":1779016793.3210454,"msg":"health_check_failed","server":"1","url":"http://localhost:3000","fail_count":13,"latency":0.001588792,"error":"Get \"http://localhost:3000/health\": dial tcp 127.0.0.1:3000: connect: connection refused"}
{"level":"info","ts":1779016793.321072,"msg":"health_check_success","server":"3","status_code":200,"latency":0.001659719}
{"level":"info","ts":1779016793.32209,"msg":"health_check_success","server":"2","status_code":200,"latency":0.002620575}
{"level":"info","ts":1779016797.3198707,"msg":"health_check_started","server":"3"}
{"level":"info","ts":1779016797.3199441,"msg":"health_check_started","server":"1"}
{"level":"info","ts":1779016797.3199525,"msg":"health_check_started","server":"2"}
{"level":"error","ts":1779016797.3212686,"msg":"health_check_failed","server":"1","url":"http://localhost:3000","fail_count":14,"latency":0.001325053,"error":"Get \"http://localhost:3000/health\": dial tcp 127.0.0.1:3000: connect: connection refused"}
{"level":"info","ts":1779016797.3212838,"msg":"health_check_success","server":"3","status_code":200,"latency":0.001418947}
{"level":"info","ts":1779016797.3220305,"msg":"health_check_success","server":"2","status_code":200,"latency":0.002077232}
{"level":"info","ts":1779016801.319353,"msg":"health_check_started","server":"3"}
{"level":"info","ts":1779016801.3194857,"msg":"health_check_started","server":"1"}
{"level":"info","ts":1779016801.319504,"msg":"health_check_started","server":"2"}
{"level":"error","ts":1779016801.321013,"msg":"health_check_failed","server":"1","url":"http://localhost:3000","fail_count":15,"latency":0.001530487,"error":"Get \"http://localhost:3000/health\": dial tcp 127.0.0.1:3000: connect: connection refused"}
{"level":"info","ts":1779016801.3210893,"msg":"health_check_success","server":"3","status_code":200,"latency":0.001744973}
{"level":"info","ts":1779016801.3217196,"msg":"health_check_success","server":"2","status_code":200,"latency":0.002221014}
{"level":"info","ts":1779016805.3196187,"msg":"health_check_started","server":"3"}
{"level":"info","ts":1779016805.3197467,"msg":"health_check_started","server":"2"}
{"level":"info","ts":1779016805.321199,"msg":"health_check_success","server":"3","status_code":200,"latency":0.001588102}
{"level":"info","ts":1779016805.319763,"msg":"health_check_started","server":"1"}
{"level":"info","ts":1779016805.3217752,"msg":"health_check_success","server":"2","status_code":200,"latency":0.002026793}
{"level":"error","ts":1779016805.3221226,"msg":"health_check_failed","server":"1","url":"http://localhost:3000","fail_count":16,"latency":0.00236158,"error":"Get \"http://localhost:3000/health\": dial tcp 127.0.0.1:3000: connect: connection refused"}
{"level":"info","ts":1779016809.3200085,"msg":"health_check_started","server":"3"}
{"level":"info","ts":1779016809.3201249,"msg":"health_check_started","server":"1"}
{"level":"info","ts":1779016809.3201427,"msg":"health_check_started","server":"2"}
{"level":"info","ts":1779016809.3217041,"msg":"health_check_success","server":"3","status_code":200,"latency":0.001695602}
{"level":"error","ts":1779016809.3217041,"msg":"health_check_failed","server":"1","url":"http://localhost:3000","fail_count":17,"latency":0.0015815,"error":"Get \"http://localhost:3000/health\": dial tcp 127.0.0.1:3000: connect: connection refused"}
{"level":"info","ts":1779016809.322958,"msg":"health_check_success","server":"2","status_code":200,"latency":0.002812435}
{"level":"info","ts":1779016813.3201392,"msg":"health_check_started","server":"3"}
{"level":"info","ts":1779016813.3202405,"msg":"health_check_started","server":"1"}
{"level":"info","ts":1779016813.3202517,"msg":"health_check_started","server":"2"}
{"level":"info","ts":1779016813.321634,"msg":"health_check_success","server":"3","status_code":200,"latency":0.001529262}
{"level":"error","ts":1779016813.3216903,"msg":"health_check_failed","server":"1","url":"http://localhost:3000","fail_count":18,"latency":0.001452547,"error":"Get \"http://localhost:3000/health\": dial tcp 127.0.0.1:3000: connect: connection refused"}
{"level":"info","ts":1779016813.3226273,"msg":"health_check_success","server":"2","status_code":200,"latency":0.002374632}
{"level":"error","ts":1779016813.9253263,"msg":"server_marked_unhealthy","server":"1","fail_count":18}
{"level":"info","ts":1779016819.7035542,"msg":"health_check_started","server":"3"}
{"level":"info","ts":1779016819.703703,"msg":"health_check_started","server":"1"}
{"level":"info","ts":1779016819.703716,"msg":"health_check_started","server":"2"}
{"level":"error","ts":1779016819.7051911,"msg":"health_check_failed","server":"1","url":"http://localhost:3000","fail_count":19,"latency":0.001490679,"error":"Get \"http://localhost:3000/health\": dial tcp 127.0.0.1:3000: connect: connection refused"}
{"level":"info","ts":1779016819.7054694,"msg":"health_check_success","server":"3","status_code":200,"latency":0.00191652}
{"level":"info","ts":1779016819.7062802,"msg":"health_check_success","server":"2","status_code":200,"latency":0.002562282}
{"level":"info","ts":1779016823.7035658,"msg":"health_check_started","server":"3"}
{"level":"info","ts":1779016823.7036798,"msg":"health_check_started","server":"1"}
{"level":"info","ts":1779016823.7036905,"msg":"health_check_started","server":"2"}
{"level":"info","ts":1779016823.7051497,"msg":"health_check_success","server":"3","status_code":200,"latency":0.001587099}
{"level":"error","ts":1779016823.7051435,"msg":"health_check_failed","server":"1","url":"http://localhost:3000","fail_count":20,"latency":0.001466838,"error":"Get \"http://localhost:3000/health\": dial tcp 127.0.0.1:3000: connect: connection refused"}
{"level":"info","ts":1779016823.706229,"msg":"health_check_success","server":"2","status_code":200,"latency":0.002537116}
{"level":"info","ts":1779016827.7033477,"msg":"health_check_started","server":"3"}
{"level":"info","ts":1779016827.7035005,"msg":"health_check_started","server":"1"}
{"level":"info","ts":1779016827.7035124,"msg":"health_check_started","server":"2"}
{"level":"info","ts":1779016827.7050002,"msg":"health_check_success","server":"3","status_code":200,"latency":0.001653276}
{"level":"error","ts":1779016827.7050254,"msg":"health_check_failed","server":"1","url":"http://localhost:3000","fail_count":21,"latency":0.001527754,"error":"Get \"http://localhost:3000/health\": dial tcp 127.0.0.1:3000: connect: connection refused"}
{"level":"info","ts":1779016827.705914,"msg":"health_check_success","server":"2","status_code":200,"latency":0.002399754}
{"level":"info","ts":1779016831.7036493,"msg":"health_check_started","server":"3"}
{"level":"info","ts":1779016831.7037354,"msg":"health_check_started","server":"1"}
{"level":"info","ts":1779016831.7037466,"msg":"health_check_started","server":"2"}
{"level":"info","ts":1779016831.7051816,"msg":"health_check_success","server":"3","status_code":200,"latency":0.001534141}
{"level":"error","ts":1779016831.7052083,"msg":"health_check_failed","server":"1","url":"http://localhost:3000","fail_count":22,"latency":0.001475745,"error":"Get \"http://localhost:3000/health\": dial tcp 127.0.0.1:3000: connect: connection refused"}
{"level":"info","ts":1779016831.7057498,"msg":"health_check_success","server":"2","status_code":200,"latency":0.00199912}
{"level":"info","ts":1779016835.7042005,"msg":"health_check_started","server":"3"}
{"level":"info","ts":1779016835.7042804,"msg":"health_check_started","server":"1"}
{"level":"info","ts":1779016835.7042866,"msg":"health_check_started","server":"2"}
{"level":"error","ts":1779016835.7056284,"msg":"health_check_failed","server":"1","url":"http://localhost:3000","fail_count":23,"latency":0.001348331,"error":"Get \"http://localhost:3000/health\": dial tcp 127.0.0.1:3000: connect: connection refused"}
{"level":"info","ts":1779016835.7056599,"msg":"health_check_success","server":"3","status_code":200,"latency":0.001463034}
{"level":"info","ts":1779016835.7067237,"msg":"health_check_success","server":"2","status_code":200,"latency":0.002433755}
{"level":"error","ts":1779016837.7158086,"msg":"server_marked_unhealthy","server":"1","fail_count":23}
{"level":"info","ts":1779016839.7040994,"msg":"health_check_started","server":"3"}
{"level":"info","ts":1779016839.70416,"msg":"health_check_started","server":"1"}
{"level":"info","ts":1779016839.7041664,"msg":"health_check_started","server":"2"}
{"level":"info","ts":1779016839.7054965,"msg":"health_check_success","server":"3","status_code":200,"latency":0.001398454}
{"level":"error","ts":1779016839.7055762,"msg":"health_check_failed","server":"1","url":"http://localhost:3000","fail_count":24,"latency":0.001416229,"error":"Get \"http://localhost:3000/health\": dial tcp 127.0.0.1:3000: connect: connection refused"}
{"level":"info","ts":1779016839.7064981,"msg":"health_check_success","server":"2","status_code":200,"latency":0.002330133}
{"level":"info","ts":1779016843.7035584,"msg":"health_check_started","server":"3"}
{"level":"info","ts":1779016843.703668,"msg":"health_check_started","server":"1"}
{"level":"info","ts":1779016843.7036774,"msg":"health_check_started","server":"2"}
{"level":"error","ts":1779016843.7048638,"msg":"health_check_failed","server":"1","url":"http://localhost:3000","fail_count":25,"latency":0.001196171,"error":"Get \"http://localhost:3000/health\": dial tcp 127.0.0.1:3000: connect: connection refused"}
{"level":"info","ts":1779016843.7049103,"msg":"health_check_success","server":"3","status_code":200,"latency":0.001352786}
{"level":"info","ts":1779016843.7055078,"msg":"health_check_success","server":"2","status_code":200,"latency":0.001827716}
{"level":"info","ts":1779016847.7042208,"msg":"health_check_started","server":"3"}
{"level":"info","ts":1779016847.7042956,"msg":"health_check_started","server":"1"}
{"level":"info","ts":1779016847.7043023,"msg":"health_check_started","server":"2"}
{"level":"error","ts":1779016847.7054284,"msg":"health_check_failed","server":"1","url":"http://localhost:3000","fail_count":26,"latency":0.001133853,"error":"Get \"http://localhost:3000/health\": dial tcp 127.0.0.1:3000: connect: connection refused"}
{"level":"info","ts":1779016847.7054374,"msg":"health_check_success","server":"3","status_code":200,"latency":0.001224048}
{"level":"info","ts":1779016847.7063026,"msg":"health_check_success","server":"2","status_code":200,"latency":0.001999217}
{"level":"info","ts":1779016854.07953,"msg":"health_check_started","server":"1"}
{"level":"info","ts":1779016854.079681,"msg":"health_check_started","server":"3"}
{"level":"info","ts":1779016854.0797493,"msg":"health_check_started","server":"2"}
{"level":"error","ts":1779016854.0816348,"msg":"health_check_failed","server":"1","url":"http://localhost:3000","fail_count":27,"latency":0.002110416,"error":"Get \"http://localhost:3000/health\": dial tcp 127.0.0.1:3000: connect: connection refused"}
{"level":"info","ts":1779016854.0832047,"msg":"health_check_success","server":"3","status_code":200,"latency":0.003523319}
{"level":"info","ts":1779016854.0830438,"msg":"health_check_success","server":"2","status_code":200,"latency":0.003295411}
{"level":"info","ts":1779016858.0796382,"msg":"health_check_started","server":"1"}
{"level":"info","ts":1779016858.0796707,"msg":"health_check_started","server":"2"}
{"level":"error","ts":1779016858.0803971,"msg":"health_check_failed","server":"1","url":"http://localhost:3000","fail_count":28,"latency":0.000759943,"error":"Get \"http://localhost:3000/health\": dial tcp 127.0.0.1:3000: connect: connection refused"}
{"level":"info","ts":1779016858.0796266,"msg":"health_check_started","server":"3"}
{"level":"info","ts":1779016858.0810964,"msg":"health_check_success","server":"2","status_code":200,"latency":0.00142402}
{"level":"info","ts":1779016858.0817904,"msg":"health_check_success","server":"3","status_code":200,"latency":0.002162988}
{"level":"info","ts":1779016862.0796747,"msg":"health_check_started","server":"3"}
{"level":"info","ts":1779016862.0797074,"msg":"health_check_started","server":"1"}
{"level":"info","ts":1779016862.079715,"msg":"health_check_started","server":"2"}
{"level":"error","ts":1779016862.0814245,"msg":"health_check_failed","server":"1","url":"http://localhost:3000","fail_count":29,"latency":0.001719746,"error":"Get \"http://localhost:3000/health\": dial tcp 127.0.0.1:3000: connect: connection refused"}
{"level":"info","ts":1779016862.0812976,"msg":"health_check_success","server":"3","status_code":200,"latency":0.001628243}
{"level":"info","ts":1779016862.0823424,"msg":"health_check_success","server":"2","status_code":200,"latency":0.002624937}
{"level":"info","ts":1779016866.0788605,"msg":"health_check_started","server":"3"}
{"level":"info","ts":1779016866.0789607,"msg":"health_check_started","server":"1"}
{"level":"info","ts":1779016866.0789723,"msg":"health_check_started","server":"2"}
{"level":"info","ts":1779016866.0804148,"msg":"health_check_success","server":"3","status_code":200,"latency":0.001557991}
{"level":"error","ts":1779016866.0806863,"msg":"health_check_failed","server":"1","url":"http://localhost:3000","fail_count":30,"latency":0.001728201,"error":"Get \"http://localhost:3000/health\": dial tcp 127.0.0.1:3000: connect: connection refused"}
{"level":"info","ts":1779016866.081673,"msg":"health_check_success","server":"2","status_code":200,"latency":0.00269903}
{"level":"info","ts":1779016870.0790513,"msg":"health_check_started","server":"3"}
{"level":"info","ts":1779016870.07913,"msg":"health_check_started","server":"1"}
{"level":"info","ts":1779016870.0791428,"msg":"health_check_started","server":"2"}
{"level":"info","ts":1779016870.0803723,"msg":"health_check_success","server":"3","status_code":200,"latency":0.001329215}
{"level":"error","ts":1779016870.0804474,"msg":"health_check_failed","server":"1","url":"http://localhost:3000","fail_count":31,"latency":0.001319168,"error":"Get \"http://localhost:3000/health\": dial tcp 127.0.0.1:3000: connect: connection refused"}
{"level":"info","ts":1779016870.0813775,"msg":"health_check_success","server":"2","status_code":200,"latency":0.002232756}
{"level":"info","ts":1779016874.0788908,"msg":"health_check_started","server":"3"}
{"level":"info","ts":1779016874.07894,"msg":"health_check_started","server":"1"}
{"level":"info","ts":1779016874.0789478,"msg":"health_check_started","server":"2"}
{"level":"info","ts":1779016874.0807347,"msg":"health_check_success","server":"3","status_code":200,"latency":0.00184697}
{"level":"error","ts":1779016874.080727,"msg":"health_check_failed","server":"1","url":"http://localhost:3000","fail_count":32,"latency":0.001787027,"error":"Get \"http://localhost:3000/health\": dial tcp 127.0.0.1:3000: connect: connection refused"}
{"level":"info","ts":1779016874.0817926,"msg":"health_check_success","server":"2","status_code":200,"latency":0.002842365}
{"level":"info","ts":1779016880.21687,"msg":"Load balancer started"}
{"level":"info","ts":1779016886.6358488,"msg":"health_check_started","server":"3"}
{"level":"info","ts":1779016886.6361809,"msg":"health_check_started","server":"1"}
{"level":"info","ts":1779016886.6362352,"msg":"health_check_started","server":"2"}
{"level":"error","ts":1779016886.638676,"msg":"health_check_failed","server":"1","url":"http://localhost:3000","fail_count":1,"latency":0.002646205,"error":"Get \"http://localhost:3000/health\": dial tcp 127.0.0.1:3000: connect: connection refused"}
{"level":"info","ts":1779016886.6391184,"msg":"health_check_success","server":"3","status_code":200,"latency":0.003303159}
{"level":"info","ts":1779016886.639512,"msg":"health_check_success","server":"2","status_code":200,"latency":0.003322844}
{"level":"info","ts":1779016890.633892,"msg":"health_check_started","server":"3"}
{"level":"info","ts":1779016890.6339881,"msg":"health_check_started","server":"1"}
{"level":"info","ts":1779016890.6339989,"msg":"health_check_started","server":"2"}
{"level":"info","ts":1779016890.6356046,"msg":"health_check_success","server":"3","status_code":200,"latency":0.001722777}
{"level":"error","ts":1779016890.6356113,"msg":"health_check_failed","server":"1","url":"http://localhost:3000","fail_count":2,"latency":0.001631894,"error":"Get \"http://localhost:3000/health\": dial tcp 127.0.0.1:3000: connect: connection refused"}
{"level":"info","ts":1779016890.6370203,"msg":"health_check_success","server":"2","status_code":200,"latency":0.003022451}
{"level":"info","ts":1779016894.6342294,"msg":"health_check_started","server":"3"}
{"level":"info","ts":1779016894.6343546,"msg":"health_check_started","server":"1"}
{"level":"info","ts":1779016894.634396,"msg":"health_check_started","server":"2"}
{"level":"info","ts":1779016894.635964,"msg":"health_check_success","server":"3","status_code":200,"latency":0.001777145}
{"level":"error","ts":1779016894.6359348,"msg":"health_check_failed","server":"1","url":"http://localhost:3000","fail_count":3,"latency":0.001586506,"error":"Get \"http://localhost:3000/health\": dial tcp 127.0.0.1:3000: connect: connection refused"}
{"level":"info","ts":1779016894.6365495,"msg":"health_check_success","server":"2","status_code":200,"latency":0.00218249}
{"level":"info","ts":1779016898.6337183,"msg":"health_check_started","server":"3"}
{"level":"info","ts":1779016898.6338298,"msg":"health_check_started","server":"1"}
{"level":"info","ts":1779016898.6338427,"msg":"health_check_started","server":"2"}
{"level":"info","ts":1779016898.6349397,"msg":"health_check_success","server":"3","status_code":200,"latency":0.001265371}
{"level":"error","ts":1779016898.634984,"msg":"health_check_failed","server":"1","url":"http://localhost:3000","fail_count":4,"latency":0.001161472,"error":"Get \"http://localhost:3000/health\": dial tcp 127.0.0.1:3000: connect: connection refused"}
{"level":"info","ts":1779016898.6360948,"msg":"health_check_success","server":"2","status_code":200,"latency":0.002252205}
{"level":"info","ts":1779016902.6338937,"msg":"health_check_started","server":"3"}
{"level":"info","ts":1779016902.6339612,"msg":"health_check_started","server":"1"}
{"level":"info","ts":1779016902.6339686,"msg":"health_check_started","server":"2"}
{"level":"error","ts":1779016902.6354604,"msg":"health_check_failed","server":"1","url":"http://localhost:3000","fail_count":5,"latency":0.001505586,"error":"Get \"http://localhost:3000/health\": dial tcp 127.0.0.1:3000: connect: connection refused"}
{"level":"info","ts":1779016902.6361675,"msg":"health_check_success","server":"2","status_code":200,"latency":0.002199304}
{"level":"info","ts":1779016902.6355038,"msg":"health_check_success","server":"3","status_code":200,"latency":0.001617243}
{"level":"info","ts":1779016906.6342747,"msg":"health_check_started","server":"3"}
{"level":"info","ts":1779016906.6343331,"msg":"health_check_started","server":"1"}
{"level":"info","ts":1779016906.6343424,"msg":"health_check_started","server":"2"}
{"level":"info","ts":1779016906.6356606,"msg":"health_check_success","server":"3","status_code":200,"latency":0.001393078}
{"level":"error","ts":1779016906.6357722,"msg":"health_check_failed","server":"1","url":"http://localhost:3000","fail_count":6,"latency":0.001445324,"error":"Get \"http://localhost:3000/health\": dial tcp 127.0.0.1:3000: connect: connection refused"}
{"level":"info","ts":1779016906.6364503,"msg":"health_check_success","server":"2","status_code":200,"latency":0.002108513}
{"level":"info","ts":1779016910.634418,"msg":"health_check_started","server":"3"}
{"level":"info","ts":1779016910.6345932,"msg":"health_check_started","server":"1"}
{"level":"info","ts":1779016910.634635,"msg":"health_check_started","server":"2"}
{"level":"info","ts":1779016910.6360593,"msg":"health_check_success","server":"3","status_code":200,"latency":0.001651335}
{"level":"error","ts":1779016910.6359282,"msg":"health_check_failed","server":"1","url":"http://localhost:3000","fail_count":7,"latency":0.001356065,"error":"Get \"http://localhost:3000/health\": dial tcp 127.0.0.1:3000: connect: connection refused"}
{"level":"info","ts":1779016910.6367419,"msg":"health_check_success","server":"2","status_code":200,"latency":0.00211958}
{"level":"info","ts":1779016914.6335998,"msg":"health_check_started","server":"3"}
{"level":"info","ts":1779016914.63378,"msg":"health_check_started","server":"1"}
{"level":"info","ts":1779016914.6337934,"msg":"health_check_started","server":"2"}
{"level":"info","ts":1779016914.6353219,"msg":"health_check_success","server":"3","status_code":200,"latency":0.001729592}
{"level":"error","ts":1779016914.6352127,"msg":"health_check_failed","server":"1","url":"http://localhost:3000","fail_count":8,"latency":0.001440978,"error":"Get \"http://localhost:3000/health\": dial tcp 127.0.0.1:3000: connect: connection refused"}
{"level":"info","ts":1779016914.635779,"msg":"health_check_success","server":"2","status_code":200,"latency":0.001985855}
{"level":"info","ts":1779016918.6338706,"msg":"health_check_started","server":"3"}
{"level":"info","ts":1779016918.6339726,"msg":"health_check_started","server":"1"}
{"level":"info","ts":1779016918.6339982,"msg":"health_check_started","server":"2"}
{"level":"info","ts":1779016918.6357288,"msg":"health_check_success","server":"3","status_code":200,"latency":0.001897547}
{"level":"error","ts":1779016918.63591,"msg":"health_check_failed","server":"1","url":"http://localhost:3000","fail_count":9,"latency":0.001951452,"error":"Get \"http://localhost:3000/health\": dial tcp 127.0.0.1:3000: connect: connection refused"}
{"level":"info","ts":1779016918.6367402,"msg":"health_check_success","server":"2","status_code":200,"latency":0.002750894}
{"level":"error","ts":1779016923.4459584,"msg":"server_marked_unhealthy","server":"1","fail_count":9}
{"level":"info","ts":1779016925.0745177,"msg":"health_check_started","server":"3"}
{"level":"info","ts":1779016925.074561,"msg":"health_check_started","server":"1"}
{"level":"info","ts":1779016925.0746193,"msg":"health_check_started","server":"2"}
{"level":"error","ts":1779016925.0760653,"msg":"health_check_failed","server":"1","url":"http://localhost:3000","fail_count":10,"latency":0.001508806,"error":"Get \"http://localhost:3000/health\": dial tcp 127.0.0.1:3000: connect: connection refused"}
{"level":"info","ts":1779016925.0764806,"msg":"health_check_success","server":"3","status_code":200,"latency":0.001970875}
{"level":"info","ts":1779016925.076913,"msg":"health_check_success","server":"2","status_code":200,"latency":0.002309487}
{"level":"info","ts":1779016929.073611,"msg":"health_check_started","server":"3"}
{"level":"info","ts":1779016929.0737119,"msg":"health_check_started","server":"1"}
{"level":"info","ts":1779016929.0737255,"msg":"health_check_started","server":"2"}
{"level":"error","ts":1779016929.0752523,"msg":"health_check_failed","server":"1","url":"http://localhost:3000","fail_count":11,"latency":0.001542085,"error":"Get \"http://localhost:3000/health\": dial tcp 127.0.0.1:3000: connect: connection refused"}
{"level":"info","ts":1779016929.0759661,"msg":"health_check_success","server":"2","status_code":200,"latency":0.002239728}
{"level":"info","ts":1779016929.0752833,"msg":"health_check_success","server":"3","status_code":200,"latency":0.001673532}
{"level":"info","ts":1779016933.0740273,"msg":"health_check_started","server":"3"}
{"level":"info","ts":1779016933.0740762,"msg":"health_check_started","server":"1"}
{"level":"info","ts":1779016933.074138,"msg":"health_check_started","server":"2"}
{"level":"error","ts":1779016933.0751739,"msg":"health_check_failed","server":"1","url":"http://localhost:3000","fail_count":12,"latency":0.001098069,"error":"Get \"http://localhost:3000/health\": dial tcp 127.0.0.1:3000: connect: connection refused"}
{"level":"info","ts":1779016933.0757222,"msg":"health_check_success","server":"3","status_code":200,"latency":0.001694331}
{"level":"info","ts":1779016933.0758808,"msg":"health_check_success","server":"2","status_code":200,"latency":0.001745594}
{"level":"info","ts":1779016937.0736809,"msg":"health_check_started","server":"3"}
{"level":"info","ts":1779016937.073709,"msg":"health_check_started","server":"1"}
{"level":"info","ts":1779016937.0737152,"msg":"health_check_started","server":"2"}
{"level":"info","ts":1779016937.0747826,"msg":"health_check_success","server":"3","status_code":200,"latency":0.001110052}
{"level":"error","ts":1779016937.0747998,"msg":"health_check_failed","server":"1","url":"http://localhost:3000","fail_count":13,"latency":0.001092364,"error":"Get \"http://localhost:3000/health\": dial tcp 127.0.0.1:3000: connect: connection refused"}
{"level":"info","ts":1779016937.075503,"msg":"health_check_success","server":"2","status_code":200,"latency":0.001786421}
{"level":"error","ts":1779016941.0066652,"msg":"server_marked_unhealthy","server":"1","fail_count":13}
{"level":"info","ts":1779016941.074062,"msg":"health_check_started","server":"3"}
{"level":"info","ts":1779016941.07416,"msg":"health_check_started","server":"1"}
{"level":"info","ts":1779016941.074164,"msg":"health_check_started","server":"2"}
{"level":"info","ts":1779016941.0754762,"msg":"health_check_success","server":"3","status_code":200,"latency":0.001415413}
{"level":"error","ts":1779016941.0754828,"msg":"health_check_failed","server":"1","url":"http://localhost:3000","fail_count":14,"latency":0.001329868,"error":"Get \"http://localhost:3000/health\": dial tcp 127.0.0.1:3000: connect: connection refused"}
{"level":"info","ts":1779016941.0760758,"msg":"health_check_success","server":"2","status_code":200,"latency":0.001912256}
{"level":"info","ts":1779016945.073886,"msg":"health_check_started","server":"3"}
{"level":"info","ts":1779016945.0739777,"msg":"health_check_started","server":"1"}
{"level":"info","ts":1779016945.0739894,"msg":"health_check_started","server":"2"}
{"level":"error","ts":1779016945.0753684,"msg":"health_check_failed","server":"1","url":"http://localhost:3000","fail_count":15,"latency":0.001390461,"error":"Get \"http://localhost:3000/health\": dial tcp 127.0.0.1:3000: connect: connection refused"}
{"level":"info","ts":1779016945.0766265,"msg":"health_check_success","server":"2","status_code":200,"latency":0.002635447}
{"level":"info","ts":1779016945.0755637,"msg":"health_check_success","server":"3","status_code":200,"latency":0.001680089}
{"level":"info","ts":1779016949.0744445,"msg":"health_check_started","server":"3"}
{"level":"info","ts":1779016949.0745473,"msg":"health_check_started","server":"1"}
{"level":"info","ts":1779016949.0745559,"msg":"health_check_started","server":"2"}
{"level":"info","ts":1779016949.0761836,"msg":"health_check_success","server":"3","status_code":200,"latency":0.001776086}
{"level":"error","ts":1779016949.075861,"msg":"health_check_failed","server":"1","url":"http://localhost:3000","fail_count":16,"latency":0.001319664,"error":"Get \"http://localhost:3000/health\": dial tcp 127.0.0.1:3000: connect: connection refused"}
{"level":"info","ts":1779016949.0767267,"msg":"health_check_success","server":"2","status_code":200,"latency":0.002171228}
{"level":"info","ts":1779016953.0739875,"msg":"health_check_started","server":"3"}
{"level":"info","ts":1779016953.074091,"msg":"health_check_started","server":"1"}
{"level":"info","ts":1779016953.0755603,"msg":"health_check_success","server":"3","status_code":200,"latency":0.001580215}
{"level":"info","ts":1779016953.074103,"msg":"health_check_started","server":"2"}
{"level":"error","ts":1779016953.0758333,"msg":"health_check_failed","server":"1","url":"http://localhost:3000","fail_count":17,"latency":0.001744981,"error":"Get \"http://localhost:3000/health\": dial tcp 127.0.0.1:3000: connect: connection refused"}
{"level":"info","ts":1779016953.0770996,"msg":"health_check_success","server":"2","status_code":200,"latency":0.002995652}
{"level":"error","ts":1779016959.0383787,"msg":"server_marked_unhealthy","server":"1","fail_count":17}
{"level":"info","ts":1779016959.516446,"msg":"health_check_started","server":"1"}
{"level":"info","ts":1779016959.5165467,"msg":"health_check_started","server":"3"}
{"level":"info","ts":1779016959.5165553,"msg":"health_check_started","server":"2"}
{"level":"info","ts":1779016959.5179968,"msg":"health_check_success","server":"3","status_code":200,"latency":0.001552817}
{"level":"error","ts":1779016959.5172563,"msg":"health_check_failed","server":"1","url":"http://localhost:3000","fail_count":18,"latency":0.000810469,"error":"Get \"http://localhost:3000/health\": dial tcp 127.0.0.1:3000: connect: connection refused"}
{"level":"info","ts":1779016959.5184717,"msg":"health_check_success","server":"2","status_code":200,"latency":0.001916399}
{"level":"info","ts":1779016963.5161715,"msg":"health_check_started","server":"3"}
{"level":"info","ts":1779016963.5162513,"msg":"health_check_started","server":"1"}
{"level":"info","ts":1779016963.516262,"msg":"health_check_started","server":"2"}
{"level":"info","ts":1779016963.5175667,"msg":"health_check_success","server":"3","status_code":200,"latency":0.001398307}
{"level":"error","ts":1779016963.5175734,"msg":"health_check_failed","server":"1","url":"http://localhost:3000","fail_count":19,"latency":0.001326614,"error":"Get \"http://localhost:3000/health\": dial tcp 127.0.0.1:3000: connect: connection refused"}
{"level":"info","ts":1779016963.5185437,"msg":"health_check_success","server":"2","status_code":200,"latency":0.002279721}
{"level":"info","ts":1779016967.515694,"msg":"health_check_started","server":"1"}
{"level":"info","ts":1779016967.5156934,"msg":"health_check_started","server":"3"}
{"level":"info","ts":1779016967.5157475,"msg":"health_check_started","server":"2"}
{"level":"error","ts":1779016967.516839,"msg":"health_check_failed","server":"1","url":"http://localhost:3000","fail_count":20,"latency":0.001144859,"error":"Get \"http://localhost:3000/health\": dial tcp 127.0.0.1:3000: connect: connection refused"}
{"level":"info","ts":1779016967.5173597,"msg":"health_check_success","server":"3","status_code":200,"latency":0.00170261}
{"level":"info","ts":1779016967.5178032,"msg":"health_check_success","server":"2","status_code":200,"latency":0.002054814}
{"level":"info","ts":1779016971.5156875,"msg":"health_check_started","server":"3"}
{"level":"info","ts":1779016971.5157444,"msg":"health_check_started","server":"1"}
{"level":"info","ts":1779016971.5157502,"msg":"health_check_started","server":"2"}
{"level":"error","ts":1779016971.5166707,"msg":"health_check_failed","server":"1","url":"http://localhost:3000","fail_count":21,"latency":0.00092722,"error":"Get \"http://localhost:3000/health\": dial tcp 127.0.0.1:3000: connect: connection refused"}
{"level":"info","ts":1779016971.5167043,"msg":"health_check_success","server":"3","status_code":200,"latency":0.001018092}
{"level":"info","ts":1779016971.517276,"msg":"health_check_success","server":"2","status_code":200,"latency":0.00152503}
{"level":"info","ts":1779016975.515636,"msg":"health_check_started","server":"1"}
{"level":"info","ts":1779016975.5158784,"msg":"health_check_started","server":"3"}
{"level":"info","ts":1779016975.515932,"msg":"health_check_started","server":"2"}
{"level":"error","ts":1779016975.516793,"msg":"health_check_failed","server":"1","url":"http://localhost:3000","fail_count":22,"latency":0.001158057,"error":"Get \"http://localhost:3000/health\": dial tcp 127.0.0.1:3000: connect: connection refused"}
{"level":"info","ts":1779016975.517279,"msg":"health_check_success","server":"3","status_code":200,"latency":0.001409073}
{"level":"info","ts":1779016975.517843,"msg":"health_check_success","server":"2","status_code":200,"latency":0.001918592}
{"level":"info","ts":1779016979.5158331,"msg":"health_check_started","server":"3"}
{"level":"info","ts":1779016979.5158794,"msg":"health_check_started","server":"1"}
{"level":"info","ts":1779016979.515887,"msg":"health_check_started","server":"2"}
{"level":"info","ts":1779016979.5173264,"msg":"health_check_success","server":"3","status_code":200,"latency":0.001496278}
{"level":"info","ts":1779016979.5184684,"msg":"health_check_success","server":"2","status_code":200,"latency":0.002578485}
{"level":"error","ts":1779016979.5173461,"msg":"health_check_failed","server":"1","url":"http://localhost:3000","fail_count":23,"latency":0.001468949,"error":"Get \"http://localhost:3000/health\": dial tcp 127.0.0.1:3000: connect: connection refused"}
{"level":"error","ts":1779016981.8372414,"msg":"server_marked_unhealthy","server":"1","fail_count":23}
{"level":"info","ts":1779016983.515654,"msg":"health_check_started","server":"3"}
{"level":"info","ts":1779016983.5157228,"msg":"health_check_started","server":"1"}
{"level":"info","ts":1779016983.5157297,"msg":"health_check_started","server":"2"}
{"level":"info","ts":1779016983.5167477,"msg":"health_check_success","server":"3","status_code":200,"latency":0.00109503}
{"level":"error","ts":1779016983.516677,"msg":"health_check_failed","server":"1","url":"http://localhost:3000","fail_count":24,"latency":0.000954464,"error":"Get \"http://localhost:3000/health\": dial tcp 127.0.0.1:3000: connect: connection refused"}
{"level":"info","ts":1779016983.5172071,"msg":"health_check_success","server":"2","status_code":200,"latency":0.001476597}
{"level":"info","ts":1779016987.5164638,"msg":"health_check_started","server":"2"}
{"level":"info","ts":1779016987.5164654,"msg":"health_check_started","server":"1"}
{"level":"info","ts":1779016987.5165102,"msg":"health_check_started","server":"3"}
{"level":"error","ts":1779016987.5180936,"msg":"health_check_failed","server":"1","url":"http://localhost:3000","fail_count":25,"latency":0.001628858,"error":"Get \"http://localhost:3000/health\": dial tcp 127.0.0.1:3000: connect: connection refused"}
{"level":"info","ts":1779016987.5185015,"msg":"health_check_success","server":"2","status_code":200,"latency":0.00207694}
{"level":"info","ts":1779016987.518943,"msg":"health_check_success","server":"3","status_code":200,"latency":0.002549604}
{"level":"info","ts":1779016993.9621058,"msg":"health_check_started","server":"3"}
{"level":"info","ts":1779016993.9621618,"msg":"health_check_started","server":"1"}
{"level":"info","ts":1779016993.962174,"msg":"health_check_started","server":"2"}
{"level":"info","ts":1779016993.9633536,"msg":"health_check_success","server":"3","status_code":200,"latency":0.00122654}
{"level":"error","ts":1779016993.963401,"msg":"health_check_failed","server":"1","url":"http://localhost:3000","fail_count":26,"latency":0.001240526,"error":"Get \"http://localhost:3000/health\": dial tcp 127.0.0.1:3000: connect: connection refused"}
{"level":"info","ts":1779016993.964382,"msg":"health_check_success","server":"2","status_code":200,"latency":0.002212386}
{"level":"info","ts":1779016997.9622872,"msg":"health_check_started","server":"3"}
{"level":"info","ts":1779016997.9623652,"msg":"health_check_started","server":"1"}
{"level":"info","ts":1779016997.962375,"msg":"health_check_started","server":"2"}
{"level":"info","ts":1779016997.96718,"msg":"health_check_success","server":"3","status_code":200,"latency":0.004893899}
{"level":"error","ts":1779016997.9676316,"msg":"health_check_failed","server":"1","url":"http://localhost:3000","fail_count":27,"latency":0.005267541,"error":"Get \"http://localhost:3000/health\": dial tcp 127.0.0.1:3000: connect: connection refused"}
{"level":"info","ts":1779016997.9710405,"msg":"health_check_success","server":"2","status_code":200,"latency":0.008661661}
{"level":"info","ts":1779017001.963031,"msg":"health_check_started","server":"3"}
{"level":"info","ts":1779017001.9631255,"msg":"health_check_started","server":"1"}
{"level":"info","ts":1779017001.9631314,"msg":"health_check_started","server":"2"}
{"level":"info","ts":1779017001.9647176,"msg":"health_check_success","server":"3","status_code":200,"latency":0.001687972}
{"level":"error","ts":1779017001.9647567,"msg":"health_check_failed","server":"1","url":"http://localhost:3000","fail_count":28,"latency":0.001630854,"error":"Get \"http://localhost:3000/health\": dial tcp 127.0.0.1:3000: connect: connection refused"}
{"level":"info","ts":1779017001.9655042,"msg":"health_check_success","server":"2","status_code":200,"latency":0.002371989}
{"level":"error","ts":1779017002.751882,"msg":"server_marked_unhealthy","server":"1","fail_count":28}
{"level":"info","ts":1779017005.9630308,"msg":"health_check_started","server":"3"}
{"level":"info","ts":1779017005.963054,"msg":"health_check_started","server":"1"}
{"level":"info","ts":1779017005.963115,"msg":"health_check_started","server":"2"}
{"level":"error","ts":1779017005.9646006,"msg":"health_check_failed","server":"1","url":"http://localhost:3000","fail_count":29,"latency":0.00154744,"error":"Get \"http://localhost:3000/health\": dial tcp 127.0.0.1:3000: connect: connection refused"}
{"level":"info","ts":1779017005.9651093,"msg":"health_check_success","server":"3","status_code":200,"latency":0.002103172}
{"level":"info","ts":1779017005.965495,"msg":"health_check_success","server":"2","status_code":200,"latency":0.002379978}
{"level":"info","ts":1779017009.962645,"msg":"health_check_started","server":"3"}
{"level":"info","ts":1779017009.9627306,"msg":"health_check_started","server":"1"}
{"level":"info","ts":1779017009.962826,"msg":"health_check_started","server":"2"}
{"level":"error","ts":1779017009.9646575,"msg":"health_check_failed","server":"1","url":"http://localhost:3000","fail_count":30,"latency":0.001927888,"error":"Get \"http://localhost:3000/health\": dial tcp 127.0.0.1:3000: connect: connection refused"}
{"level":"info","ts":1779017009.965969,"msg":"health_check_success","server":"2","status_code":200,"latency":0.003142911}
{"level":"info","ts":1779017009.9659953,"msg":"health_check_success","server":"3","status_code":200,"latency":0.003371399}
{"level":"info","ts":1779017013.962549,"msg":"health_check_started","server":"3"}
{"level":"info","ts":1779017013.962699,"msg":"health_check_started","server":"1"}
{"level":"info","ts":1779017013.9627132,"msg":"health_check_started","server":"2"}
{"level":"info","ts":1779017013.9642,"msg":"health_check_success","server":"3","status_code":200,"latency":0.001652287}
{"level":"error","ts":1779017013.9638584,"msg":"health_check_failed","server":"1","url":"http://localhost:3000","fail_count":31,"latency":0.001159822,"error":"Get \"http://localhost:3000/health\": dial tcp 127.0.0.1:3000: connect: connection refused"}
{"level":"info","ts":1779017013.964965,"msg":"health_check_success","server":"2","status_code":200,"latency":0.002249472}
{"level":"info","ts":1779017017.9630628,"msg":"health_check_started","server":"3"}
{"level":"info","ts":1779017017.9631207,"msg":"health_check_started","server":"1"}
{"level":"info","ts":1779017017.9631271,"msg":"health_check_started","server":"2"}
{"level":"info","ts":1779017017.9643724,"msg":"health_check_success","server":"3","status_code":200,"latency":0.00131032}
{"level":"info","ts":1779017017.9654188,"msg":"health_check_success","server":"2","status_code":200,"latency":0.002289686}
{"level":"error","ts":1779017017.9644346,"msg":"health_check_failed","server":"1","url":"http://localhost:3000","fail_count":32,"latency":0.001315081,"error":"Get \"http://localhost:3000/health\": dial tcp 127.0.0.1:3000: connect: connection refused"}
{"level":"info","ts":1779017021.9621465,"msg":"health_check_started","server":"1"}
{"level":"info","ts":1779017021.962136,"msg":"health_check_started","server":"3"}
{"level":"error","ts":1779017021.9630628,"msg":"health_check_failed","server":"1","url":"http://localhost:3000","fail_count":33,"latency":0.000914996,"error":"Get \"http://localhost:3000/health\": dial tcp 127.0.0.1:3000: connect: connection refused"}
{"level":"info","ts":1779017021.9622366,"msg":"health_check_started","server":"2"}
{"level":"info","ts":1779017021.9637015,"msg":"health_check_success","server":"3","status_code":200,"latency":0.001566278}
{"level":"info","ts":1779017021.964523,"msg":"health_check_success","server":"2","status_code":200,"latency":0.0022849}
{"level":"error","ts":1779017025.3845,"msg":"server_marked_unhealthy","server":"1","fail_count":33}
{"level":"info","ts":1779017028.4006271,"msg":"health_check_started","server":"1"}
{"level":"info","ts":1779017028.4007013,"msg":"health_check_started","server":"3"}
{"level":"info","ts":1779017028.4007351,"msg":"health_check_started","server":"2"}
{"level":"info","ts":1779017028.4022224,"msg":"health_check_success","server":"3","status_code":200,"latency":0.001604658}
{"level":"error","ts":1779017028.401333,"msg":"health_check_failed","server":"1","url":"http://localhost:3000","fail_count":34,"latency":0.000714359,"error":"Get \"http://localhost:3000/health\": dial tcp 127.0.0.1:3000: connect: connection refused"}
{"level":"info","ts":1779017028.4029877,"msg":"health_check_success","server":"2","status_code":200,"latency":0.002257525}
{"level":"info","ts":1779017032.4015431,"msg":"health_check_started","server":"3"}
{"level":"info","ts":1779017032.401644,"msg":"health_check_started","server":"2"}
{"level":"info","ts":1779017032.4016721,"msg":"health_check_started","server":"1"}
{"level":"info","ts":1779017032.4030216,"msg":"health_check_success","server":"3","status_code":200,"latency":0.001478718}
{"level":"info","ts":1779017032.4031036,"msg":"health_check_success","server":"2","status_code":200,"latency":0.001455346}
{"level":"error","ts":1779017032.4034805,"msg":"health_check_failed","server":"1","url":"http://localhost:3000","fail_count":35,"latency":0.001809483,"error":"Get \"http://localhost:3000/health\": dial tcp 127.0.0.1:3000: connect: connection refused"}
{"level":"info","ts":1779017036.40124,"msg":"health_check_started","server":"3"}
{"level":"info","ts":1779017036.4013288,"msg":"health_check_started","server":"1"}
{"level":"info","ts":1779017036.401347,"msg":"health_check_started","server":"2"}
{"level":"info","ts":1779017036.402881,"msg":"health_check_success","server":"3","status_code":200,"latency":0.001651464}
{"level":"error","ts":1779017036.4028976,"msg":"health_check_failed","server":"1","url":"http://localhost:3000","fail_count":36,"latency":0.001571719,"error":"Get \"http://localhost:3000/health\": dial tcp 127.0.0.1:3000: connect: connection refused"}
{"level":"info","ts":1779017036.4036784,"msg":"health_check_success","server":"2","status_code":200,"latency":0.002338024}
{"level":"info","ts":1779017040.4014728,"msg":"health_check_started","server":"3"}
{"level":"info","ts":1779017040.4015245,"msg":"health_check_started","server":"1"}
{"level":"info","ts":1779017040.401537,"msg":"health_check_started","server":"2"}
{"level":"info","ts":1779017040.428471,"msg":"health_check_success","server":"3","status_code":200,"latency":0.027020534}
{"level":"error","ts":1779017040.4286382,"msg":"health_check_failed","server":"1","url":"http://localhost:3000","fail_count":37,"latency":0.02711524,"error":"Get \"http://localhost:3000/health\": dial tcp 127.0.0.1:3000: connect: connection refused"}
{"level":"info","ts":1779017040.42973,"msg":"health_check_success","server":"2","status_code":200,"latency":0.028188754}
{"level":"info","ts":1779017044.4013696,"msg":"health_check_started","server":"3"}
{"level":"info","ts":1779017044.4014425,"msg":"health_check_started","server":"1"}
{"level":"info","ts":1779017044.4014513,"msg":"health_check_started","server":"2"}
{"level":"error","ts":1779017044.402689,"msg":"health_check_failed","server":"1","url":"http://localhost:3000","fail_count":38,"latency":0.001251881,"error":"Get \"http://localhost:3000/health\": dial tcp 127.0.0.1:3000: connect: connection refused"}
{"level":"info","ts":1779017044.4027996,"msg":"health_check_success","server":"3","status_code":200,"latency":0.001438323}
{"level":"info","ts":1779017044.4038792,"msg":"health_check_success","server":"2","status_code":200,"latency":0.002425325}
{"level":"error","ts":1779017045.2417195,"msg":"server_marked_unhealthy","server":"1","fail_count":38}
{"level":"info","ts":1779017048.4011843,"msg":"health_check_started","server":"3"}
{"level":"info","ts":1779017048.401311,"msg":"health_check_started","server":"1"}
{"level":"info","ts":1779017048.4013314,"msg":"health_check_started","server":"2"}
{"level":"info","ts":1779017048.40271,"msg":"health_check_success","server":"3","status_code":200,"latency":0.001531411}
{"level":"error","ts":1779017048.4027863,"msg":"health_check_failed","server":"1","url":"http://localhost:3000","fail_count":39,"latency":0.001480092,"error":"Get \"http://localhost:3000/health\": dial tcp 127.0.0.1:3000: connect: connection refused"}
{"level":"info","ts":1779017048.4035923,"msg":"health_check_success","server":"2","status_code":200,"latency":0.002259654}
{"level":"info","ts":1779017052.4011152,"msg":"health_check_started","server":"3"}
{"level":"info","ts":1779017052.4011998,"msg":"health_check_started","server":"1"}
{"level":"info","ts":1779017052.4012094,"msg":"health_check_started","server":"2"}
{"level":"error","ts":1779017052.402449,"msg":"health_check_failed","server":"1","url":"http://localhost:3000","fail_count":40,"latency":0.001249731,"error":"Get \"http://localhost:3000/health\": dial tcp 127.0.0.1:3000: connect: connection refused"}
{"level":"info","ts":1779017052.402578,"msg":"health_check_success","server":"3","status_code":200,"latency":0.001466369}
{"level":"info","ts":1779017052.4034162,"msg":"health_check_success","server":"2","status_code":200,"latency":0.002203453}
{"level":"info","ts":1779017056.401523,"msg":"health_check_started","server":"3"}
{"level":"info","ts":1779017056.4015262,"msg":"health_check_started","server":"1"}
{"level":"info","ts":1779017056.401543,"msg":"health_check_started","server":"2"}
{"level":"error","ts":1779017056.403115,"msg":"health_check_failed","server":"1","url":"http://localhost:3000","fail_count":41,"latency":0.00158951,"error":"Get \"http://localhost:3000/health\": dial tcp 127.0.0.1:3000: connect: connection refused"}
{"level":"info","ts":1779017056.403963,"msg":"health_check_success","server":"3","status_code":200,"latency":0.002441627}
{"level":"info","ts":1779017056.4044218,"msg":"health_check_success","server":"2","status_code":200,"latency":0.002878685}
{"level":"info","ts":1779017062.8648312,"msg":"health_check_started","server":"3"}
{"level":"info","ts":1779017062.8649182,"msg":"health_check_started","server":"1"}
{"level":"info","ts":1779017062.8649297,"msg":"health_check_started","server":"2"}
{"level":"info","ts":1779017062.866643,"msg":"health_check_success","server":"3","status_code":200,"latency":0.001814541}
{"level":"error","ts":1779017062.8666832,"msg":"health_check_failed","server":"1","url":"http://localhost:3000","fail_count":42,"latency":0.001768791,"error":"Get \"http://localhost:3000/health\": dial tcp 127.0.0.1:3000: connect: connection refused"}
{"level":"info","ts":1779017062.867797,"msg":"health_check_success","server":"2","status_code":200,"latency":0.002865926}
{"level":"error","ts":1779017065.5727665,"msg":"server_marked_unhealthy","server":"1","fail_count":42}
{"level":"info","ts":1779017066.8647316,"msg":"health_check_started","server":"3"}
{"level":"info","ts":1779017066.8648224,"msg":"health_check_started","server":"1"}
{"level":"info","ts":1779017066.8648303,"msg":"health_check_started","server":"2"}
{"level":"info","ts":1779017066.8658078,"msg":"health_check_success","server":"3","status_code":200,"latency":0.001076981}
{"level":"error","ts":1779017066.865806,"msg":"health_check_failed","server":"1","url":"http://localhost:3000","fail_count":43,"latency":0.000987303,"error":"Get \"http://localhost:3000/health\": dial tcp 127.0.0.1:3000: connect: connection refused"}
{"level":"info","ts":1779017066.8667233,"msg":"health_check_success","server":"2","status_code":200,"latency":0.001890623}
{"level":"info","ts":1779017070.8646994,"msg":"health_check_started","server":"3"}
{"level":"info","ts":1779017070.8647933,"msg":"health_check_started","server":"1"}
{"level":"info","ts":1779017070.8648038,"msg":"health_check_started","server":"2"}
{"level":"info","ts":1779017070.866413,"msg":"health_check_success","server":"3","status_code":200,"latency":0.001716309}
{"level":"error","ts":1779017070.8664603,"msg":"health_check_failed","server":"1","url":"http://localhost:3000","fail_count":44,"latency":0.00167103,"error":"Get \"http://localhost:3000/health\": dial tcp 127.0.0.1:3000: connect: connection refused"}
{"level":"info","ts":1779017070.8676286,"msg":"health_check_success","server":"2","status_code":200,"latency":0.002822723}
{"level":"info","ts":1779017074.8654602,"msg":"health_check_started","server":"3"}
{"level":"info","ts":1779017074.8655326,"msg":"health_check_started","server":"1"}
{"level":"info","ts":1779017074.8655393,"msg":"health_check_started","server":"2"}
{"level":"error","ts":1779017074.866414,"msg":"health_check_failed","server":"1","url":"http://localhost:3000","fail_count":45,"latency":0.000881568,"error":"Get \"http://localhost:3000/health\": dial tcp 127.0.0.1:3000: connect: connection refused"}
{"level":"info","ts":1779017074.866667,"msg":"health_check_success","server":"3","status_code":200,"latency":0.001208657}
{"level":"info","ts":1779017074.8669546,"msg":"health_check_success","server":"2","status_code":200,"latency":0.001412867}
{"level":"info","ts":1779017078.865358,"msg":"health_check_started","server":"2"}
{"level":"info","ts":1779017078.8653455,"msg":"health_check_started","server":"3"}
{"level":"info","ts":1779017078.8665965,"msg":"health_check_success","server":"2","status_code":200,"latency":0.001238596}
{"level":"info","ts":1779017078.866955,"msg":"health_check_success","server":"3","status_code":200,"latency":0.001654589}
{"level":"info","ts":1779017078.8653529,"msg":"health_check_started","server":"1"}
{"level":"error","ts":1779017078.8681843,"msg":"health_check_failed","server":"1","url":"http://localhost:3000","fail_count":46,"latency":0.002838659,"error":"Get \"http://localhost:3000/health\": dial tcp 127.0.0.1:3000: connect: connection refused"}
{"level":"info","ts":1779017082.86551,"msg":"health_check_started","server":"3"}
{"level":"info","ts":1779017082.8656056,"msg":"health_check_started","server":"1"}
{"level":"info","ts":1779017082.865612,"msg":"health_check_started","server":"2"}
{"level":"error","ts":1779017082.8669848,"msg":"health_check_failed","server":"1","url":"http://localhost:3000","fail_count":47,"latency":0.001380691,"error":"Get \"http://localhost:3000/health\": dial tcp 127.0.0.1:3000: connect: connection refused"}
{"level":"info","ts":1779017082.8669252,"msg":"health_check_success","server":"3","status_code":200,"latency":0.001416746}
{"level":"info","ts":1779017082.867724,"msg":"health_check_success","server":"2","status_code":200,"latency":0.002110039}
{"level":"info","ts":1779017086.8651776,"msg":"health_check_started","server":"3"}
{"level":"info","ts":1779017086.8652594,"msg":"health_check_started","server":"1"}
{"level":"info","ts":1779017086.866287,"msg":"health_check_success","server":"3","status_code":200,"latency":0.001112542}
{"level":"info","ts":1779017086.8652656,"msg":"health_check_started","server":"2"}
{"level":"error","ts":1779017086.8664649,"msg":"health_check_failed","server":"1","url":"http://localhost:3000","fail_count":48,"latency":0.001206137,"error":"Get \"http://localhost:3000/health\": dial tcp 127.0.0.1:3000: connect: connection refused"}
{"level":"info","ts":1779017086.8676941,"msg":"health_check_success","server":"2","status_code":200,"latency":0.002426115}
{"level":"info","ts":1779017090.8654103,"msg":"health_check_started","server":"3"}
{"level":"info","ts":1779017090.8654845,"msg":"health_check_started","server":"1"}
{"level":"info","ts":1779017090.8655133,"msg":"health_check_started","server":"2"}
{"level":"info","ts":1779017090.8665702,"msg":"health_check_success","server":"3","status_code":200,"latency":0.001160371}
{"level":"error","ts":1779017090.8668664,"msg":"health_check_failed","server":"1","url":"http://localhost:3000","fail_count":49,"latency":0.001382856,"error":"Get \"http://localhost:3000/health\": dial tcp 127.0.0.1:3000: connect: connection refused"}
{"level":"info","ts":1779017090.8678348,"msg":"health_check_success","server":"2","status_code":200,"latency":0.002319979}
{"level":"info","ts":1779017097.3196414,"msg":"health_check_started","server":"3"}
{"level":"info","ts":1779017097.3197274,"msg":"health_check_started","server":"1"}
{"level":"info","ts":1779017097.3197372,"msg":"health_check_started","server":"2"}
{"level":"info","ts":1779017097.321208,"msg":"health_check_success","server":"3","status_code":200,"latency":0.001576169}
{"level":"error","ts":1779017097.3212233,"msg":"health_check_failed","server":"1","url":"http://localhost:3000","fail_count":50,"latency":0.001497802,"error":"Get \"http://localhost:3000/health\": dial tcp 127.0.0.1:3000: connect: connection refused"}
{"level":"info","ts":1779017097.3226862,"msg":"health_check_success","server":"2","status_code":200,"latency":0.002945031}
{"level":"info","ts":1779017101.3194668,"msg":"health_check_started","server":"3"}
{"level":"info","ts":1779017101.3195186,"msg":"health_check_started","server":"1"}
{"level":"info","ts":1779017101.319527,"msg":"health_check_started","server":"2"}
{"level":"error","ts":1779017101.320805,"msg":"health_check_failed","server":"1","url":"http://localhost:3000","fail_count":51,"latency":0.001287671,"error":"Get \"http://localhost:3000/health\": dial tcp 127.0.0.1:3000: connect: connection refused"}
{"level":"info","ts":1779017101.3211365,"msg":"health_check_success","server":"3","status_code":200,"latency":0.001677593}
{"level":"info","ts":1779017101.3215415,"msg":"health_check_success","server":"2","status_code":200,"latency":0.002005271}
{"level":"error","ts":1779017104.3089452,"msg":"server_marked_unhealthy","server":"1","fail_count":51}
{"level":"info","ts":1779017105.319552,"msg":"health_check_started","server":"3"}
{"level":"info","ts":1779017105.3196437,"msg":"health_check_started","server":"1"}
{"level":"info","ts":1779017105.3196507,"msg":"health_check_started","server":"2"}
{"level":"error","ts":1779017105.3206692,"msg":"health_check_failed","server":"1","url":"http://localhost:3000","fail_count":52,"latency":0.001026053,"error":"Get \"http://localhost:3000/health\": dial tcp 127.0.0.1:3000: connect: connection refused"}
{"level":"info","ts":1779017105.3207273,"msg":"health_check_success","server":"3","status_code":200,"latency":0.001184586}
{"level":"info","ts":1779017105.321855,"msg":"health_check_success","server":"2","status_code":200,"latency":0.002201038}
{"level":"info","ts":1779017109.319583,"msg":"health_check_started","server":"3"}
{"level":"info","ts":1779017109.3196678,"msg":"health_check_started","server":"1"}
{"level":"info","ts":1779017109.3196828,"msg":"health_check_started","server":"2"}
{"level":"info","ts":1779017109.3210683,"msg":"health_check_success","server":"3","status_code":200,"latency":0.00148715}
{"level":"error","ts":1779017109.3207674,"msg":"health_check_failed","server":"1","url":"http://localhost:3000","fail_count":53,"latency":0.001101758,"error":"Get \"http://localhost:3000/health\": dial tcp 127.0.0.1:3000: connect: connection refused"}
{"level":"info","ts":1779017109.3216846,"msg":"health_check_success","server":"2","status_code":200,"latency":0.001996894}
{"level":"info","ts":1779017113.3195822,"msg":"health_check_started","server":"3"}
{"level":"info","ts":1779017113.3196383,"msg":"health_check_started","server":"1"}
{"level":"info","ts":1779017113.3196468,"msg":"health_check_started","server":"2"}
{"level":"info","ts":1779017113.3209815,"msg":"health_check_success","server":"3","status_code":200,"latency":0.001400813}
{"level":"error","ts":1779017113.3209815,"msg":"health_check_failed","server":"1","url":"http://localhost:3000","fail_count":54,"latency":0.001343477,"error":"Get \"http://localhost:3000/health\": dial tcp 127.0.0.1:3000: connect: connection refused"}
{"level":"info","ts":1779017113.3218045,"msg":"health_check_success","server":"2","status_code":200,"latency":0.002155682}
{"level":"info","ts":1779017117.3195615,"msg":"health_check_started","server":"3"}
{"level":"info","ts":1779017117.3196423,"msg":"health_check_started","server":"1"}
{"level":"info","ts":1779017117.3196495,"msg":"health_check_started","server":"2"}
{"level":"error","ts":1779017117.320531,"msg":"health_check_failed","server":"1","url":"http://localhost:3000","fail_count":55,"latency":0.000891073,"error":"Get \"http://localhost:3000/health\": dial tcp 127.0.0.1:3000: connect: connection refused"}
{"level":"info","ts":1779017117.3207178,"msg":"health_check_success","server":"3","status_code":200,"latency":0.001157131}
{"level":"info","ts":1779017117.321499,"msg":"health_check_success","server":"2","status_code":200,"latency":0.001847059}
{"level":"info","ts":1779017121.319565,"msg":"health_check_started","server":"3"}
{"level":"info","ts":1779017121.3196564,"msg":"health_check_started","server":"1"}
{"level":"info","ts":1779017121.319748,"msg":"health_check_started","server":"2"}
{"level":"error","ts":1779017121.3211355,"msg":"health_check_failed","server":"1","url":"http://localhost:3000","fail_count":56,"latency":0.001480444,"error":"Get \"http://localhost:3000/health\": dial tcp 127.0.0.1:3000: connect: connection refused"}
{"level":"info","ts":1779017121.3223224,"msg":"health_check_success","server":"3","status_code":200,"latency":0.002759037}
{"level":"info","ts":1779017121.3239262,"msg":"health_check_success","server":"2","status_code":200,"latency":0.004179768}
{"level":"error","ts":1779017124.0499427,"msg":"server_marked_unhealthy","server":"1","fail_count":56}
{"level":"info","ts":1779017125.3199077,"msg":"health_check_started","server":"3"}
{"level":"info","ts":1779017125.32001,"msg":"health_check_started","server":"1"}
{"level":"info","ts":1779017125.320017,"msg":"health_check_started","server":"2"}
{"level":"error","ts":1779017125.3212352,"msg":"health_check_failed","server":"1","url":"http://localhost:3000","fail_count":57,"latency":0.001249365,"error":"Get \"http://localhost:3000/health\": dial tcp 127.0.0.1:3000: connect: connection refused"}
{"level":"info","ts":1779017125.321473,"msg":"health_check_success","server":"3","status_code":200,"latency":0.001566564}
{"level":"info","ts":1779017125.3219986,"msg":"health_check_success","server":"2","status_code":200,"latency":0.001980821}
{"level":"info","ts":1779017131.775047,"msg":"health_check_started","server":"3"}
{"level":"info","ts":1779017131.7750685,"msg":"health_check_started","server":"1"}
{"level":"info","ts":1779017131.7750778,"msg":"health_check_started","server":"2"}
{"level":"info","ts":1779017131.7766654,"msg":"health_check_success","server":"3","status_code":200,"latency":0.001631836}
{"level":"error","ts":1779017131.7766693,"msg":"health_check_failed","server":"1","url":"http://localhost:3000","fail_count":58,"latency":0.001604653,"error":"Get \"http://localhost:3000/health\": dial tcp 127.0.0.1:3000: connect: connection refused"}
{"level":"info","ts":1779017131.7774756,"msg":"health_check_success","server":"2","status_code":200,"latency":0.002394737}
{"level":"info","ts":1779017135.7752588,"msg":"health_check_started","server":"3"}
{"level":"info","ts":1779017135.7753925,"msg":"health_check_started","server":"1"}
{"level":"info","ts":1779017135.7754114,"msg":"health_check_started","server":"2"}
{"level":"info","ts":1779017135.7770512,"msg":"health_check_success","server":"3","status_code":200,"latency":0.001833855}
{"level":"error","ts":1779017135.7770681,"msg":"health_check_failed","server":"1","url":"http://localhost:3000","fail_count":59,"latency":0.001685704,"error":"Get \"http://localhost:3000/health\": dial tcp 127.0.0.1:3000: connect: connection refused"}
{"level":"info","ts":1779017135.7782156,"msg":"health_check_success","server":"2","status_code":200,"latency":0.002805753}
{"level":"info","ts":1779017139.7751646,"msg":"health_check_started","server":"3"}
{"level":"info","ts":1779017139.7752955,"msg":"health_check_started","server":"1"}
{"level":"info","ts":1779017139.7753067,"msg":"health_check_started","server":"2"}
{"level":"info","ts":1779017139.7766948,"msg":"health_check_success","server":"3","status_code":200,"latency":0.001531653}
{"level":"error","ts":1779017139.7767477,"msg":"health_check_failed","server":"1","url":"http://localhost:3000","fail_count":60,"latency":0.001456022,"error":"Get \"http://localhost:3000/health\": dial tcp 127.0.0.1:3000: connect: connection refused"}
{"level":"info","ts":1779017139.7777667,"msg":"health_check_success","server":"2","status_code":200,"latency":0.00245868}
{"level":"info","ts":1779017143.7751799,"msg":"health_check_started","server":"3"}
{"level":"info","ts":1779017143.7752674,"msg":"health_check_started","server":"1"}
{"level":"info","ts":1779017143.7752752,"msg":"health_check_started","server":"2"}
{"level":"info","ts":1779017143.7762446,"msg":"health_check_success","server":"3","status_code":200,"latency":0.00106655}
{"level":"error","ts":1779017143.7762446,"msg":"health_check_failed","server":"1","url":"http://localhost:3000","fail_count":61,"latency":0.000978485,"error":"Get \"http://localhost:3000/health\": dial tcp 127.0.0.1:3000: connect: connection refused"}
{"level":"info","ts":1779017143.7769597,"msg":"health_check_success","server":"2","status_code":200,"latency":0.001681345}
{"level":"info","ts":1779017147.7753813,"msg":"health_check_started","server":"3"}
{"level":"info","ts":1779017147.7754152,"msg":"health_check_started","server":"1"}
{"level":"info","ts":1779017147.7754228,"msg":"health_check_started","server":"2"}
{"level":"info","ts":1779017147.776764,"msg":"health_check_success","server":"3","status_code":200,"latency":0.001388765}
{"level":"error","ts":1779017147.7768023,"msg":"health_check_failed","server":"1","url":"http://localhost:3000","fail_count":62,"latency":0.001386653,"error":"Get \"http://localhost:3000/health\": dial tcp 127.0.0.1:3000: connect: connection refused"}
{"level":"info","ts":1779017147.7775073,"msg":"health_check_success","server":"2","status_code":200,"latency":0.002082957}
{"level":"info","ts":1779017151.7753677,"msg":"health_check_started","server":"1"}
{"level":"info","ts":1779017151.7754498,"msg":"health_check_started","server":"2"}
{"level":"info","ts":1779017151.7753403,"msg":"health_check_started","server":"3"}
{"level":"error","ts":1779017151.7761106,"msg":"health_check_failed","server":"1","url":"http://localhost:3000","fail_count":63,"latency":0.000744872,"error":"Get \"http://localhost:3000/health\": dial tcp 127.0.0.1:3000: connect: connection refused"}
{"level":"info","ts":1779017151.7767165,"msg":"health_check_success","server":"2","status_code":200,"latency":0.001276117}
{"level":"info","ts":1779017151.777031,"msg":"health_check_success","server":"3","status_code":200,"latency":0.001705343}
{"level":"error","ts":1779017152.5936923,"msg":"server_marked_unhealthy","server":"1","fail_count":63}
{"level":"info","ts":1779017155.7752318,"msg":"health_check_started","server":"3"}
{"level":"info","ts":1779017155.775278,"msg":"health_check_started","server":"1"}
{"level":"info","ts":1779017155.7769988,"msg":"health_check_success","server":"3","status_code":200,"latency":0.001767101}
{"level":"info","ts":1779017155.7752898,"msg":"health_check_started","server":"2"}
{"level":"error","ts":1779017155.7772524,"msg":"health_check_failed","server":"1","url":"http://localhost:3000","fail_count":64,"latency":0.001975903,"error":"Get \"http://localhost:3000/health\": dial tcp 127.0.0.1:3000: connect: connection refused"}
{"level":"info","ts":1779017155.7786188,"msg":"health_check_success","server":"2","status_code":200,"latency":0.003301172}
{"level":"info","ts":1779017159.7755911,"msg":"health_check_started","server":"3"}
{"level":"info","ts":1779017159.775644,"msg":"health_check_started","server":"1"}
{"level":"info","ts":1779017159.7756557,"msg":"health_check_started","server":"2"}
{"level":"info","ts":1779017159.7772017,"msg":"health_check_success","server":"3","status_code":200,"latency":0.001610752}
{"level":"info","ts":1779017159.7786248,"msg":"health_check_success","server":"2","status_code":200,"latency":0.002966763}
{"level":"error","ts":1779017159.7772725,"msg":"health_check_failed","server":"1","url":"http://localhost:3000","fail_count":65,"latency":0.00163238,"error":"Get \"http://localhost:3000/health\": dial tcp 127.0.0.1:3000: connect: connection refused"}
{"level":"info","ts":1779017166.2347202,"msg":"health_check_started","server":"3"}
{"level":"info","ts":1779017166.2348516,"msg":"health_check_started","server":"1"}
{"level":"info","ts":1779017166.2348645,"msg":"health_check_started","server":"2"}
{"level":"info","ts":1779017166.236008,"msg":"health_check_success","server":"3","status_code":200,"latency":0.001287281}
{"level":"error","ts":1779017166.2360084,"msg":"health_check_failed","server":"1","url":"http://localhost:3000","fail_count":66,"latency":0.001158048,"error":"Get \"http://localhost:3000/health\": dial tcp 127.0.0.1:3000: connect: connection refused"}
{"level":"info","ts":1779017166.2373037,"msg":"health_check_success","server":"2","status_code":200,"latency":0.002436702}
{"level":"info","ts":1779017170.2338123,"msg":"health_check_started","server":"3"}
{"level":"info","ts":1779017170.2339582,"msg":"health_check_started","server":"1"}
{"level":"info","ts":1779017170.2339675,"msg":"health_check_started","server":"2"}
{"level":"info","ts":1779017170.2353933,"msg":"health_check_success","server":"3","status_code":200,"latency":0.001581466}
{"level":"info","ts":1779017170.2366283,"msg":"health_check_success","server":"2","status_code":200,"latency":0.002659533}
{"level":"error","ts":1779017170.235803,"msg":"health_check_failed","server":"1","url":"http://localhost:3000","fail_count":67,"latency":0.001847256,"error":"Get \"http://localhost:3000/health\": dial tcp 127.0.0.1:3000: connect: connection refused"}
{"level":"info","ts":1779017174.2340896,"msg":"health_check_started","server":"3"}
{"level":"info","ts":1779017174.2341688,"msg":"health_check_started","server":"1"}
{"level":"info","ts":1779017174.2354512,"msg":"health_check_success","server":"3","status_code":200,"latency":0.00136019}
{"level":"info","ts":1779017174.2341762,"msg":"health_check_started","server":"2"}
{"level":"error","ts":1779017174.2358053,"msg":"health_check_failed","server":"1","url":"http://localhost:3000","fail_count":68,"latency":0.001635481,"error":"Get \"http://localhost:3000/health\": dial tcp 127.0.0.1:3000: connect: connection refused"}
{"level":"info","ts":1779017174.2372322,"msg":"health_check_success","server":"2","status_code":200,"latency":0.003052715}
{"level":"info","ts":1779017178.2339706,"msg":"health_check_started","server":"3"}
{"level":"info","ts":1779017178.234004,"msg":"health_check_started","server":"1"}
{"level":"info","ts":1779017178.2340117,"msg":"health_check_started","server":"2"}
{"level":"info","ts":1779017178.2351792,"msg":"health_check_success","server":"3","status_code":200,"latency":0.001217505}
{"level":"error","ts":1779017178.2526786,"msg":"health_check_failed","server":"1","url":"http://localhost:3000","fail_count":69,"latency":0.018675102,"error":"Get \"http://localhost:3000/health\": dial tcp 127.0.0.1:3000: connect: connection refused"}
{"level":"info","ts":1779017178.2529688,"msg":"health_check_success","server":"2","status_code":200,"latency":0.018956022}
{"level":"info","ts":1779017182.2344487,"msg":"health_check_started","server":"3"}
{"level":"info","ts":1779017182.234538,"msg":"health_check_started","server":"1"}
{"level":"info","ts":1779017182.2345495,"msg":"health_check_started","server":"2"}
{"level":"error","ts":1779017182.235425,"msg":"health_check_failed","server":"1","url":"http://localhost:3000","fail_count":70,"latency":0.000887731,"error":"Get \"http://localhost:3000/health\": dial tcp 127.0.0.1:3000: connect: connection refused"}
{"level":"info","ts":1779017182.2357035,"msg":"health_check_success","server":"3","status_code":200,"latency":0.001260748}
{"level":"info","ts":1779017182.236239,"msg":"health_check_success","server":"2","status_code":200,"latency":0.001692963}
{"level":"error","ts":1779017184.213909,"msg":"server_marked_unhealthy","server":"1","fail_count":70}
{"level":"info","ts":1779017186.2338169,"msg":"health_check_started","server":"3"}
{"level":"info","ts":1779017186.2339158,"msg":"health_check_started","server":"1"}
{"level":"info","ts":1779017186.2352407,"msg":"health_check_success","server":"3","status_code":200,"latency":0.001461407}
{"level":"info","ts":1779017186.2339275,"msg":"health_check_started","server":"2"}
{"level":"error","ts":1779017186.2354496,"msg":"health_check_failed","server":"1","url":"http://localhost:3000","fail_count":71,"latency":0.001536198,"error":"Get \"http://localhost:3000/health\": dial tcp 127.0.0.1:3000: connect: connection refused"}
{"level":"info","ts":1779017186.2368562,"msg":"health_check_success","server":"2","status_code":200,"latency":0.002927507}
{"level":"info","ts":1779017190.2338874,"msg":"health_check_started","server":"3"}
{"level":"info","ts":1779017190.233923,"msg":"health_check_started","server":"1"}
{"level":"info","ts":1779017190.235352,"msg":"health_check_success","server":"3","status_code":200,"latency":0.001460949}
{"level":"info","ts":1779017190.2339294,"msg":"health_check_started","server":"2"}
{"level":"error","ts":1779017190.2355993,"msg":"health_check_failed","server":"1","url":"http://localhost:3000","fail_count":72,"latency":0.001678827,"error":"Get \"http://localhost:3000/health\": dial tcp 127.0.0.1:3000: connect: connection refused"}
{"level":"info","ts":1779017190.2369316,"msg":"health_check_success","server":"2","status_code":200,"latency":0.003001017}
{"level":"info","ts":1779017194.233979,"msg":"health_check_started","server":"3"}
{"level":"info","ts":1779017194.2340755,"msg":"health_check_started","server":"1"}
{"level":"info","ts":1779017194.234095,"msg":"health_check_started","server":"2"}
{"level":"error","ts":1779017194.2356048,"msg":"health_check_failed","server":"1","url":"http://localhost:3000","fail_count":73,"latency":0.001533599,"error":"Get \"http://localhost:3000/health\": dial tcp 127.0.0.1:3000: connect: connection refused"}
{"level":"info","ts":1779017194.2356758,"msg":"health_check_success","server":"3","status_code":200,"latency":0.00174008}
{"level":"info","ts":1779017194.2362845,"msg":"health_check_success","server":"2","status_code":200,"latency":0.002195284}
{"level":"info","ts":1779017200.6949759,"msg":"health_check_started","server":"3"}
{"level":"info","ts":1779017200.6950824,"msg":"health_check_started","server":"1"}
{"level":"info","ts":1779017200.695104,"msg":"health_check_started","server":"2"}
{"level":"info","ts":1779017200.6965113,"msg":"health_check_success","server":"3","status_code":200,"latency":0.001572436}
{"level":"error","ts":1779017200.6970644,"msg":"health_check_failed","server":"1","url":"http://localhost:3000","fail_count":74,"latency":0.001985218,"error":"Get \"http://localhost:3000/health\": dial tcp 127.0.0.1:3000: connect: connection refused"}
{"level":"info","ts":1779017200.6979554,"msg":"health_check_success","server":"2","status_code":200,"latency":0.002859473}
{"level":"info","ts":1779017204.6952913,"msg":"health_check_started","server":"3"}
{"level":"info","ts":1779017204.695365,"msg":"health_check_started","server":"1"}
{"level":"info","ts":1779017204.6953733,"msg":"health_check_started","server":"2"}
{"level":"info","ts":1779017204.6970005,"msg":"health_check_success","server":"3","status_code":200,"latency":0.00170788}
{"level":"error","ts":1779017204.6977289,"msg":"health_check_failed","server":"1","url":"http://localhost:3000","fail_count":75,"latency":0.002366037,"error":"Get \"http://localhost:3000/health\": dial tcp 127.0.0.1:3000: connect: connection refused"}
{"level":"info","ts":1779017204.6992059,"msg":"health_check_success","server":"2","status_code":200,"latency":0.003828677}
{"level":"error","ts":1779017207.718684,"msg":"server_marked_unhealthy","server":"1","fail_count":75}
{"level":"info","ts":1779017208.6956685,"msg":"health_check_started","server":"3"}
{"level":"info","ts":1779017208.695767,"msg":"health_check_started","server":"1"}
{"level":"info","ts":1779017208.6957743,"msg":"health_check_started","server":"2"}
{"level":"info","ts":1779017208.6973796,"msg":"health_check_success","server":"3","status_code":200,"latency":0.001724497}
{"level":"error","ts":1779017208.696839,"msg":"health_check_failed","server":"1","url":"http://localhost:3000","fail_count":76,"latency":0.0010733,"error":"Get \"http://localhost:3000/health\": dial tcp 127.0.0.1:3000: connect: connection refused"}
{"level":"info","ts":1779017208.6980748,"msg":"health_check_success","server":"2","status_code":200,"latency":0.00229906}
{"level":"info","ts":1779017212.694947,"msg":"health_check_started","server":"3"}
{"level":"info","ts":1779017212.6950407,"msg":"health_check_started","server":"1"}
{"level":"info","ts":1779017212.6950507,"msg":"health_check_started","server":"2"}
{"level":"info","ts":1779017212.6976423,"msg":"health_check_success","server":"3","status_code":200,"latency":0.002702592}
{"level":"info","ts":1779017212.6981926,"msg":"health_check_success","server":"2","status_code":200,"latency":0.003140224}
{"level":"error","ts":1779017212.697638,"msg":"health_check_failed","server":"1","url":"http://localhost:3000","fail_count":77,"latency":0.002599853,"error":"Get \"http://localhost:3000/health\": dial tcp 127.0.0.1:3000: connect: connection refused"}
{"level":"info","ts":1779017216.6951473,"msg":"health_check_started","server":"3"}
{"level":"info","ts":1779017216.6952696,"msg":"health_check_started","server":"1"}
{"level":"info","ts":1779017216.6952853,"msg":"health_check_started","server":"2"}
{"level":"info","ts":1779017216.6967747,"msg":"health_check_success","server":"3","status_code":200,"latency":0.001585803}
{"level":"info","ts":1779017216.697867,"msg":"health_check_success","server":"2","status_code":200,"latency":0.002580885}
{"level":"error","ts":1779017216.6971192,"msg":"health_check_failed","server":"1","url":"http://localhost:3000","fail_count":78,"latency":0.001854091,"error":"Get \"http://localhost:3000/health\": dial tcp 127.0.0.1:3000: connect: connection refused"}
{"level":"info","ts":1779017220.6952364,"msg":"health_check_started","server":"3"}
{"level":"info","ts":1779017220.6952875,"msg":"health_check_started","server":"1"}
{"level":"info","ts":1779017220.695402,"msg":"health_check_started","server":"2"}
{"level":"info","ts":1779017220.6968067,"msg":"health_check_success","server":"3","status_code":200,"latency":0.001577757}
{"level":"error","ts":1779017220.6971989,"msg":"health_check_failed","server":"1","url":"http://localhost:3000","fail_count":79,"latency":0.00191197,"error":"Get \"http://localhost:3000/health\": dial tcp 127.0.0.1:3000: connect: connection refused"}
{"level":"info","ts":1779017220.6979172,"msg":"health_check_success","server":"2","status_code":200,"latency":0.002514446}
{"level":"info","ts":1779017224.6954675,"msg":"health_check_started","server":"3"}
{"level":"info","ts":1779017224.6955197,"msg":"health_check_started","server":"1"}
{"level":"info","ts":1779017224.6955266,"msg":"health_check_started","server":"2"}
{"level":"error","ts":1779017224.6966927,"msg":"health_check_failed","server":"1","url":"http://localhost:3000","fail_count":80,"latency":0.001173205,"error":"Get \"http://localhost:3000/health\": dial tcp 127.0.0.1:3000: connect: connection refused"}
{"level":"info","ts":1779017224.696935,"msg":"health_check_success","server":"3","status_code":200,"latency":0.001469048}
{"level":"info","ts":1779017224.6973724,"msg":"health_check_success","server":"2","status_code":200,"latency":0.001842533}
{"level":"info","ts":1779017228.6947384,"msg":"health_check_started","server":"3"}
{"level":"info","ts":1779017228.6947908,"msg":"health_check_started","server":"1"}
{"level":"info","ts":1779017228.6948059,"msg":"health_check_started","server":"2"}
{"level":"info","ts":1779017228.6965673,"msg":"health_check_success","server":"3","status_code":200,"latency":0.001833269}
{"level":"error","ts":1779017228.6962981,"msg":"health_check_failed","server":"1","url":"http://localhost:3000","fail_count":81,"latency":0.001507081,"error":"Get \"http://localhost:3000/health\": dial tcp 127.0.0.1:3000: connect: connection refused"}
{"level":"info","ts":1779017228.6971188,"msg":"health_check_success","server":"2","status_code":200,"latency":0.002311393}
{"level":"info","ts":1779017234.6801775,"msg":"health_check_started","server":"3"}
{"level":"info","ts":1779017234.680318,"msg":"health_check_started","server":"1"}
{"level":"info","ts":1779017234.6803348,"msg":"health_check_started","server":"2"}
{"level":"info","ts":1779017234.6818097,"msg":"health_check_success","server":"3","status_code":200,"latency":0.00163171}
{"level":"info","ts":1779017234.6827166,"msg":"health_check_success","server":"2","status_code":200,"latency":0.00238083}
{"level":"error","ts":1779017234.681866,"msg":"health_check_failed","server":"1","url":"http://localhost:3000","fail_count":82,"latency":0.001553795,"error":"Get \"http://localhost:3000/health\": dial tcp 127.0.0.1:3000: connect: connection refused"}
{"level":"error","ts":1779017237.6479113,"msg":"server_marked_unhealthy","server":"1","fail_count":82}
{"level":"info","ts":1779017238.680273,"msg":"health_check_started","server":"3"}
{"level":"info","ts":1779017238.6803143,"msg":"health_check_started","server":"1"}
{"level":"info","ts":1779017238.6803215,"msg":"health_check_started","server":"2"}
{"level":"info","ts":1779017238.681839,"msg":"health_check_success","server":"3","status_code":200,"latency":0.001569322}
{"level":"error","ts":1779017238.68232,"msg":"health_check_failed","server":"1","url":"http://localhost:3000","fail_count":83,"latency":0.002005436,"error":"Get \"http://localhost:3000/health\": dial tcp 127.0.0.1:3000: connect: connection refused"}
{"level":"info","ts":1779017238.6833558,"msg":"health_check_success","server":"2","status_code":200,"latency":0.00303155}
{"level":"info","ts":1779017242.6800025,"msg":"health_check_started","server":"3"}
{"level":"info","ts":1779017242.6800685,"msg":"health_check_started","server":"1"}
{"level":"info","ts":1779017242.6800804,"msg":"health_check_started","server":"2"}
{"level":"error","ts":1779017242.6811821,"msg":"health_check_failed","server":"1","url":"http://localhost:3000","fail_count":84,"latency":0.00111343,"error":"Get \"http://localhost:3000/health\": dial tcp 127.0.0.1:3000: connect: connection refused"}
{"level":"info","ts":1779017242.6817126,"msg":"health_check_success","server":"3","status_code":200,"latency":0.001718293}
{"level":"info","ts":1779017242.682536,"msg":"health_check_success","server":"2","status_code":200,"latency":0.002458211}
{"level":"info","ts":1779017246.6805308,"msg":"health_check_started","server":"1"}
{"level":"info","ts":1779017246.6804178,"msg":"health_check_started","server":"3"}
{"level":"info","ts":1779017246.6805499,"msg":"health_check_started","server":"2"}
{"level":"error","ts":1779017246.6818838,"msg":"health_check_failed","server":"1","url":"http://localhost:3000","fail_count":85,"latency":0.001372617,"error":"Get \"http://localhost:3000/health\": dial tcp 127.0.0.1:3000: connect: connection refused"}
{"level":"info","ts":1779017246.6828249,"msg":"health_check_success","server":"3","status_code":200,"latency":0.0024072}
{"level":"info","ts":1779017246.683149,"msg":"health_check_success","server":"2","status_code":200,"latency":0.002589363}
{"level":"info","ts":1779017250.6806028,"msg":"health_check_started","server":"3"}
{"level":"info","ts":1779017250.6806774,"msg":"health_check_started","server":"1"}
{"level":"info","ts":1779017250.6807127,"msg":"health_check_started","server":"2"}
{"level":"info","ts":1779017250.6820834,"msg":"health_check_success","server":"3","status_code":200,"latency":0.001517144}
{"level":"error","ts":1779017250.6821063,"msg":"health_check_failed","server":"1","url":"http://localhost:3000","fail_count":86,"latency":0.001430708,"error":"Get \"http://localhost:3000/health\": dial tcp 127.0.0.1:3000: connect: connection refused"}
{"level":"info","ts":1779017250.682972,"msg":"health_check_success","server":"2","status_code":200,"latency":0.002257779}
{"level":"info","ts":1779017254.680181,"msg":"health_check_started","server":"3"}
{"level":"info","ts":1779017254.6802776,"msg":"health_check_started","server":"1"}
{"level":"info","ts":1779017254.6802897,"msg":"health_check_started","server":"2"}
{"level":"error","ts":1779017254.681956,"msg":"health_check_failed","server":"1","url":"http://localhost:3000","fail_count":87,"latency":0.001678991,"error":"Get \"http://localhost:3000/health\": dial tcp 127.0.0.1:3000: connect: connection refused"}
{"level":"info","ts":1779017254.6820343,"msg":"health_check_success","server":"3","status_code":200,"latency":0.00189059}
{"level":"info","ts":1779017254.6827686,"msg":"health_check_success","server":"2","status_code":200,"latency":0.002477475}
{"level":"error","ts":1779017256.077728,"msg":"server_marked_unhealthy","server":"1","fail_count":87}
{"level":"info","ts":1779017258.680423,"msg":"health_check_started","server":"3"}
{"level":"info","ts":1779017258.6807468,"msg":"health_check_started","server":"1"}
{"level":"info","ts":1779017258.680744,"msg":"health_check_started","server":"2"}
{"level":"error","ts":1779017258.6817694,"msg":"health_check_failed","server":"1","url":"http://localhost:3000","fail_count":88,"latency":0.001030177,"error":"Get \"http://localhost:3000/health\": dial tcp 127.0.0.1:3000: connect: connection refused"}
{"level":"info","ts":1779017258.682078,"msg":"health_check_success","server":"3","status_code":200,"latency":0.001653874}
{"level":"info","ts":1779017258.6825562,"msg":"health_check_success","server":"2","status_code":200,"latency":0.001821606}
{"level":"info","ts":1779017262.6803515,"msg":"health_check_started","server":"3"}
{"level":"info","ts":1779017262.6804538,"msg":"health_check_started","server":"1"}
{"level":"info","ts":1779017262.6804616,"msg":"health_check_started","server":"2"}
{"level":"error","ts":1779017262.6817055,"msg":"health_check_failed","server":"1","url":"http://localhost:3000","fail_count":89,"latency":0.001255902,"error":"Get \"http://localhost:3000/health\": dial tcp 127.0.0.1:3000: connect: connection refused"}
{"level":"info","ts":1779017262.6817393,"msg":"health_check_success","server":"3","status_code":200,"latency":0.001430666}
{"level":"info","ts":1779017262.6824312,"msg":"health_check_success","server":"2","status_code":200,"latency":0.001969286}
{"level":"info","ts":1779017268.9533422,"msg":"health_check_started","server":"3"}
{"level":"info","ts":1779017268.9534342,"msg":"health_check_started","server":"1"}
{"level":"info","ts":1779017268.953554,"msg":"health_check_started","server":"2"}
{"level":"info","ts":1779017268.9552824,"msg":"health_check_success","server":"3","status_code":200,"latency":0.00199422}
{"level":"error","ts":1779017268.9555333,"msg":"health_check_failed","server":"1","url":"http://localhost:3000","fail_count":90,"latency":0.002101894,"error":"Get \"http://localhost:3000/health\": dial tcp 127.0.0.1:3000: connect: connection refused"}
{"level":"info","ts":1779017268.9561596,"msg":"health_check_success","server":"2","status_code":200,"latency":0.002703611}
{"level":"info","ts":1779017272.9533768,"msg":"health_check_started","server":"3"}
{"level":"info","ts":1779017272.9535112,"msg":"health_check_started","server":"1"}
{"level":"info","ts":1779017272.9535952,"msg":"health_check_started","server":"2"}
{"level":"error","ts":1779017272.9549596,"msg":"health_check_failed","server":"1","url":"http://localhost:3000","fail_count":91,"latency":0.00144983,"error":"Get \"http://localhost:3000/health\": dial tcp 127.0.0.1:3000: connect: connection refused"}
{"level":"info","ts":1779017272.9562259,"msg":"health_check_success","server":"3","status_code":200,"latency":0.002893782}
{"level":"info","ts":1779017272.956708,"msg":"health_check_success","server":"2","status_code":200,"latency":0.003115342}
{"level":"info","ts":1779017276.9531186,"msg":"health_check_started","server":"3"}
{"level":"info","ts":1779017276.9532182,"msg":"health_check_started","server":"1"}
{"level":"info","ts":1779017276.9532268,"msg":"health_check_started","server":"2"}
{"level":"info","ts":1779017276.9542725,"msg":"health_check_success","server":"3","status_code":200,"latency":0.001155209}
{"level":"error","ts":1779017276.9541752,"msg":"health_check_failed","server":"1","url":"http://localhost:3000","fail_count":92,"latency":0.000958184,"error":"Get \"http://localhost:3000/health\": dial tcp 127.0.0.1:3000: connect: connection refused"}
{"level":"info","ts":1779017276.95531,"msg":"health_check_success","server":"2","status_code":200,"latency":0.002080336}
{"level":"info","ts":1779017280.9529698,"msg":"health_check_started","server":"3"}
{"level":"info","ts":1779017280.9530706,"msg":"health_check_started","server":"1"}
{"level":"info","ts":1779017280.9530823,"msg":"health_check_started","server":"2"}
{"level":"info","ts":1779017280.9547126,"msg":"health_check_success","server":"3","status_code":200,"latency":0.001777312}
{"level":"error","ts":1779017280.9546363,"msg":"health_check_failed","server":"1","url":"http://localhost:3000","fail_count":93,"latency":0.001568478,"error":"Get \"http://localhost:3000/health\": dial tcp 127.0.0.1:3000: connect: connection refused"}
{"level":"info","ts":1779017280.9554956,"msg":"health_check_success","server":"2","status_code":200,"latency":0.002411297}
{"level":"error","ts":1779017283.6822057,"msg":"server_marked_unhealthy","server":"1","fail_count":93}
{"level":"info","ts":1779017284.9535458,"msg":"health_check_started","server":"3"}
{"level":"info","ts":1779017284.953615,"msg":"health_check_started","server":"1"}
{"level":"info","ts":1779017284.9536207,"msg":"health_check_started","server":"2"}
{"level":"error","ts":1779017284.9546015,"msg":"health_check_failed","server":"1","url":"http://localhost:3000","fail_count":94,"latency":0.000987241,"error":"Get \"http://localhost:3000/health\": dial tcp 127.0.0.1:3000: connect: connection refused"}
{"level":"info","ts":1779017284.9553351,"msg":"health_check_success","server":"2","status_code":200,"latency":0.001713446}
{"level":"info","ts":1779017284.954619,"msg":"health_check_success","server":"3","status_code":200,"latency":0.001073679}
{"level":"info","ts":1779017288.9533234,"msg":"health_check_started","server":"3"}
{"level":"info","ts":1779017288.9535682,"msg":"health_check_started","server":"1"}
{"level":"info","ts":1779017288.953603,"msg":"health_check_started","server":"2"}
{"level":"info","ts":1779017288.9548097,"msg":"health_check_success","server":"3","status_code":200,"latency":0.001491592}
{"level":"error","ts":1779017288.9548357,"msg":"health_check_failed","server":"1","url":"http://localhost:3000","fail_count":95,"latency":0.001272672,"error":"Get \"http://localhost:3000/health\": dial tcp 127.0.0.1:3000: connect: connection refused"}
{"level":"info","ts":1779017288.9560452,"msg":"health_check_success","server":"2","status_code":200,"latency":0.002441823}
{"level":"info","ts":1779017292.953464,"msg":"health_check_started","server":"3"}
{"level":"info","ts":1779017292.9535475,"msg":"health_check_started","server":"1"}
{"level":"info","ts":1779017292.953554,"msg":"health_check_started","server":"2"}
{"level":"info","ts":1779017292.9548364,"msg":"health_check_success","server":"3","status_code":200,"latency":0.001373993}
{"level":"error","ts":1779017292.9548624,"msg":"health_check_failed","server":"1","url":"http://localhost:3000","fail_count":96,"latency":0.001317464,"error":"Get \"http://localhost:3000/health\": dial tcp 127.0.0.1:3000: connect: connection refused"}
{"level":"info","ts":1779017292.9559076,"msg":"health_check_success","server":"2","status_code":200,"latency":0.002352083}
{"level":"info","ts":1779017296.9530504,"msg":"health_check_started","server":"3"}
{"level":"info","ts":1779017296.953131,"msg":"health_check_started","server":"1"}
{"level":"info","ts":1779017296.9531386,"msg":"health_check_started","server":"2"}
{"level":"error","ts":1779017296.9539127,"msg":"health_check_failed","server":"1","url":"http://localhost:3000","fail_count":97,"latency":0.000784034,"error":"Get \"http://localhost:3000/health\": dial tcp 127.0.0.1:3000: connect: connection refused"}
{"level":"info","ts":1779017296.9542956,"msg":"health_check_success","server":"3","status_code":200,"latency":0.001246547}
{"level":"info","ts":1779017296.954762,"msg":"health_check_success","server":"2","status_code":200,"latency":0.001621388}
{"level":"info","ts":1779017303.2778602,"msg":"health_check_started","server":"3"}
{"level":"info","ts":1779017303.2779264,"msg":"health_check_started","server":"1"}
{"level":"info","ts":1779017303.2779336,"msg":"health_check_started","server":"2"}
{"level":"error","ts":1779017303.278966,"msg":"health_check_failed","server":"1","url":"http://localhost:3000","fail_count":98,"latency":0.001040065,"error":"Get \"http://localhost:3000/health\": dial tcp 127.0.0.1:3000: connect: connection refused"}
{"level":"info","ts":1779017303.2789853,"msg":"health_check_success","server":"3","status_code":200,"latency":0.001125719}
{"level":"info","ts":1779017303.279448,"msg":"health_check_success","server":"2","status_code":200,"latency":0.001513595}
{"level":"info","ts":1779017307.2779615,"msg":"health_check_started","server":"3"}
{"level":"info","ts":1779017307.2780423,"msg":"health_check_started","server":"1"}
{"level":"info","ts":1779017307.278051,"msg":"health_check_started","server":"2"}
{"level":"info","ts":1779017307.2796454,"msg":"health_check_success","server":"3","status_code":200,"latency":0.001685145}
{"level":"error","ts":1779017307.2795765,"msg":"health_check_failed","server":"1","url":"http://localhost:3000","fail_count":99,"latency":0.001536713,"error":"Get \"http://localhost:3000/health\": dial tcp 127.0.0.1:3000: connect: connection refused"}
{"level":"info","ts":1779017307.280294,"msg":"health_check_success","server":"2","status_code":200,"latency":0.002241793}
{"level":"error","ts":1779017310.1912713,"msg":"server_marked_unhealthy","server":"1","fail_count":99}
{"level":"info","ts":1779017311.2783213,"msg":"health_check_started","server":"3"}
{"level":"info","ts":1779017311.2784111,"msg":"health_check_started","server":"1"}
{"level":"info","ts":1779017311.2784195,"msg":"health_check_started","server":"2"}
{"level":"error","ts":1779017311.2796504,"msg":"health_check_failed","server":"1","url":"http://localhost:3000","fail_count":100,"latency":0.001241764,"error":"Get \"http://localhost:3000/health\": dial tcp 127.0.0.1:3000: connect: connection refused"}
{"level":"info","ts":1779017311.2798321,"msg":"health_check_success","server":"3","status_code":200,"latency":0.00151035}
{"level":"info","ts":1779017311.2806418,"msg":"health_check_success","server":"2","status_code":200,"latency":0.002220605}
{"level":"info","ts":1779017315.2776904,"msg":"health_check_started","server":"3"}
{"level":"info","ts":1779017315.2777858,"msg":"health_check_started","server":"1"}
{"level":"info","ts":1779017315.277795,"msg":"health_check_started","server":"2"}
{"level":"info","ts":1779017315.2793858,"msg":"health_check_success","server":"3","status_code":200,"latency":0.00169709}
{"level":"error","ts":1779017315.2792115,"msg":"health_check_failed","server":"1","url":"http://localhost:3000","fail_count":101,"latency":0.001426855,"error":"Get \"http://localhost:3000/health\": dial tcp 127.0.0.1:3000: connect: connection refused"}
{"level":"info","ts":1779017315.2798026,"msg":"health_check_success","server":"2","status_code":200,"latency":0.002006321}
{"level":"info","ts":1779017319.278462,"msg":"health_check_started","server":"3"}
{"level":"info","ts":1779017319.2784994,"msg":"health_check_started","server":"1"}
{"level":"info","ts":1779017319.2785058,"msg":"health_check_started","server":"2"}
{"level":"info","ts":1779017319.2798262,"msg":"health_check_success","server":"3","status_code":200,"latency":0.001367011}
{"level":"error","ts":1779017319.2798223,"msg":"health_check_failed","server":"1","url":"http://localhost:3000","fail_count":102,"latency":0.001323977,"error":"Get \"http://localhost:3000/health\": dial tcp 127.0.0.1:3000: connect: connection refused"}
{"level":"info","ts":1779017319.2805936,"msg":"health_check_success","server":"2","status_code":200,"latency":0.002086117}
{"level":"info","ts":1779017323.2783022,"msg":"health_check_started","server":"3"}
{"level":"info","ts":1779017323.2783825,"msg":"health_check_started","server":"1"}
{"level":"info","ts":1779017323.2783887,"msg":"health_check_started","server":"2"}
{"level":"info","ts":1779017323.279732,"msg":"health_check_success","server":"3","status_code":200,"latency":0.001429088}
{"level":"error","ts":1779017323.2798717,"msg":"health_check_failed","server":"1","url":"http://localhost:3000","fail_count":103,"latency":0.001419376,"error":"Get \"http://localhost:3000/health\": dial tcp 127.0.0.1:3000: connect: connection refused"}
{"level":"info","ts":1779017323.2811499,"msg":"health_check_success","server":"2","status_code":200,"latency":0.002759716}
{"level":"info","ts":1779017327.2782688,"msg":"health_check_started","server":"3"}
{"level":"info","ts":1779017327.2783542,"msg":"health_check_started","server":"1"}
{"level":"info","ts":1779017327.2783632,"msg":"health_check_started","server":"2"}
{"level":"error","ts":1779017327.2797458,"msg":"health_check_failed","server":"1","url":"http://localhost:3000","fail_count":104,"latency":0.001393171,"error":"Get \"http://localhost:3000/health\": dial tcp 127.0.0.1:3000: connect: connection refused"}
{"level":"info","ts":1779017327.2797725,"msg":"health_check_success","server":"3","status_code":200,"latency":0.001505709}
{"level":"info","ts":1779017327.2807322,"msg":"health_check_success","server":"2","status_code":200,"latency":0.0023679}
{"level":"error","ts":1779017330.135678,"msg":"server_marked_unhealthy","server":"1","fail_count":104}
{"level":"info","ts":1779017331.2781117,"msg":"health_check_started","server":"1"}
{"level":"info","ts":1779017331.2781773,"msg":"health_check_started","server":"3"}
{"level":"info","ts":1779017331.2781887,"msg":"health_check_started","server":"2"}
{"level":"error","ts":1779017331.2790494,"msg":"health_check_failed","server":"1","url":"http://localhost:3000","fail_count":105,"latency":0.000939404,"error":"Get \"http://localhost:3000/health\": dial tcp 127.0.0.1:3000: connect: connection refused"}
{"level":"info","ts":1779017331.279968,"msg":"health_check_success","server":"3","status_code":200,"latency":0.00185289}
{"level":"info","ts":1779017331.2802706,"msg":"health_check_success","server":"2","status_code":200,"latency":0.002081146}
{"level":"info","ts":1779017337.789262,"msg":"health_check_started","server":"3"}
{"level":"info","ts":1779017337.7894385,"msg":"health_check_started","server":"1"}
{"level":"info","ts":1779017337.7907102,"msg":"health_check_success","server":"3","status_code":200,"latency":0.00145792}
{"level":"info","ts":1779017337.7894604,"msg":"health_check_started","server":"2"}
{"level":"error","ts":1779017337.7908132,"msg":"health_check_failed","server":"1","url":"http://localhost:3000","fail_count":106,"latency":0.001379293,"error":"Get \"http://localhost:3000/health\": dial tcp 127.0.0.1:3000: connect: connection refused"}
{"level":"info","ts":1779017337.7921224,"msg":"health_check_success","server":"2","status_code":200,"latency":0.002669647}
{"level":"info","ts":1779017341.7903588,"msg":"health_check_started","server":"3"}
{"level":"info","ts":1779017341.7904549,"msg":"health_check_started","server":"1"}
{"level":"info","ts":1779017341.790462,"msg":"health_check_started","server":"2"}
{"level":"error","ts":1779017341.7918704,"msg":"health_check_failed","server":"1","url":"http://localhost:3000","fail_count":107,"latency":0.001418893,"error":"Get \"http://localhost:3000/health\": dial tcp 127.0.0.1:3000: connect: connection refused"}
{"level":"info","ts":1779017341.792253,"msg":"health_check_success","server":"3","status_code":200,"latency":0.001896089}
{"level":"info","ts":1779017341.7929938,"msg":"health_check_success","server":"2","status_code":200,"latency":0.002529052}
{"level":"info","ts":1779017345.7890358,"msg":"health_check_started","server":"1"}
{"level":"info","ts":1779017345.789027,"msg":"health_check_started","server":"3"}
{"level":"info","ts":1779017345.7890422,"msg":"health_check_started","server":"2"}
{"level":"info","ts":1779017345.790837,"msg":"health_check_success","server":"3","status_code":200,"latency":0.001810601}
{"level":"error","ts":1779017345.78999,"msg":"health_check_failed","server":"1","url":"http://localhost:3000","fail_count":108,"latency":0.000954285,"error":"Get \"http://localhost:3000/health\": dial tcp 127.0.0.1:3000: connect: connection refused"}
{"level":"info","ts":1779017345.7915158,"msg":"health_check_success","server":"2","status_code":200,"latency":0.002470886}
{"level":"info","ts":1779017350.1464472,"msg":"Load balancer started"}
{"level":"info","ts":1779017354.1473196,"msg":"health_check_started","server":"3"}
{"level":"info","ts":1779017354.1474767,"msg":"health_check_started","server":"1"}
{"level":"info","ts":1779017354.147661,"msg":"health_check_started","server":"2"}
{"level":"error","ts":1779017354.1491804,"msg":"health_check_failed","server":"1","url":"http://localhost:3000","fail_count":1,"latency":0.001792095,"error":"Get \"http://localhost:3000/health\": dial tcp 127.0.0.1:3000: connect: connection refused"}
{"level":"info","ts":1779017354.149827,"msg":"health_check_success","server":"3","status_code":200,"latency":0.002517835}
{"level":"info","ts":1779017354.1503232,"msg":"health_check_success","server":"2","status_code":200,"latency":0.002777495}
{"level":"info","ts":1779017358.1480021,"msg":"health_check_started","server":"3"}
{"level":"info","ts":1779017358.1481042,"msg":"health_check_started","server":"1"}
{"level":"info","ts":1779017358.1481142,"msg":"health_check_started","server":"2"}
{"level":"error","ts":1779017358.149261,"msg":"health_check_failed","server":"1","url":"http://localhost:3000","fail_count":2,"latency":0.001163909,"error":"Get \"http://localhost:3000/health\": dial tcp 127.0.0.1:3000: connect: connection refused"}
{"level":"info","ts":1779017358.14986,"msg":"health_check_success","server":"3","status_code":200,"latency":0.001893749}
{"level":"info","ts":1779017358.1502361,"msg":"health_check_success","server":"2","status_code":200,"latency":0.002122647}
{"level":"info","ts":1779017362.1471605,"msg":"health_check_started","server":"3"}
{"level":"info","ts":1779017362.1474512,"msg":"health_check_started","server":"1"}
{"level":"info","ts":1779017362.1475325,"msg":"health_check_started","server":"2"}
{"level":"info","ts":1779017362.1488297,"msg":"health_check_success","server":"3","status_code":200,"latency":0.001674889}
{"level":"error","ts":1779017362.1488624,"msg":"health_check_failed","server":"1","url":"http://localhost:3000","fail_count":3,"latency":0.001507034,"error":"Get \"http://localhost:3000/health\": dial tcp 127.0.0.1:3000: connect: connection refused"}
{"level":"info","ts":1779017362.1501594,"msg":"health_check_success","server":"2","status_code":200,"latency":0.002633406}
{"level":"info","ts":1779017366.1479967,"msg":"health_check_started","server":"3"}
{"level":"info","ts":1779017366.1481082,"msg":"health_check_started","server":"1"}
{"level":"info","ts":1779017366.1481152,"msg":"health_check_started","server":"2"}
{"level":"info","ts":1779017366.149502,"msg":"health_check_success","server":"3","status_code":200,"latency":0.001512568}
{"level":"error","ts":1779017366.149555,"msg":"health_check_failed","server":"1","url":"http://localhost:3000","fail_count":4,"latency":0.001451947,"error":"Get \"http://localhost:3000/health\": dial tcp 127.0.0.1:3000: connect: connection refused"}
{"level":"info","ts":1779017366.150554,"msg":"health_check_success","server":"2","status_code":200,"latency":0.002438874}
{"level":"info","ts":1779017372.5886254,"msg":"health_check_started","server":"3"}
{"level":"info","ts":1779017372.5886672,"msg":"health_check_started","server":"1"}
{"level":"info","ts":1779017372.5886822,"msg":"health_check_started","server":"2"}
{"level":"info","ts":1779017372.5899768,"msg":"health_check_success","server":"3","status_code":200,"latency":0.001360207}
{"level":"error","ts":1779017372.5899587,"msg":"health_check_failed","server":"1","url":"http://localhost:3000","fail_count":5,"latency":0.001301085,"error":"Get \"http://localhost:3000/health\": dial tcp 127.0.0.1:3000: connect: connection refused"}
{"level":"info","ts":1779017372.5907238,"msg":"health_check_success","server":"2","status_code":200,"latency":0.002042972}
{"level":"info","ts":1779017376.5891566,"msg":"health_check_started","server":"3"}
{"level":"info","ts":1779017376.5895417,"msg":"health_check_started","server":"1"}
{"level":"info","ts":1779017376.5895588,"msg":"health_check_started","server":"2"}
{"level":"info","ts":1779017376.5910265,"msg":"health_check_success","server":"3","status_code":200,"latency":0.001878835}
{"level":"error","ts":1779017376.5909667,"msg":"health_check_failed","server":"1","url":"http://localhost:3000","fail_count":6,"latency":0.001469587,"error":"Get \"http://localhost:3000/health\": dial tcp 127.0.0.1:3000: connect: connection refused"}
{"level":"info","ts":1779017376.5916398,"msg":"health_check_success","server":"2","status_code":200,"latency":0.002083323}
{"level":"info","ts":1779017380.5885131,"msg":"health_check_started","server":"3"}
{"level":"info","ts":1779017380.5886514,"msg":"health_check_started","server":"1"}
{"level":"info","ts":1779017380.5886645,"msg":"health_check_started","server":"2"}
{"level":"info","ts":1779017380.590143,"msg":"health_check_success","server":"3","status_code":200,"latency":0.001636807}
{"level":"error","ts":1779017380.5901945,"msg":"health_check_failed","server":"1","url":"http://localhost:3000","fail_count":7,"latency":0.001550491,"error":"Get \"http://localhost:3000/health\": dial tcp 127.0.0.1:3000: connect: connection refused"}
{"level":"info","ts":1779017380.59161,"msg":"health_check_success","server":"2","status_code":200,"latency":0.00294491}
{"level":"info","ts":1779017384.5884213,"msg":"health_check_started","server":"3"}
{"level":"info","ts":1779017384.5885513,"msg":"health_check_started","server":"1"}
{"level":"info","ts":1779017384.5885637,"msg":"health_check_started","server":"2"}
{"level":"error","ts":1779017384.5902147,"msg":"health_check_failed","server":"1","url":"http://localhost:3000","fail_count":8,"latency":0.001665472,"error":"Get \"http://localhost:3000/health\": dial tcp 127.0.0.1:3000: connect: connection refused"}
{"level":"info","ts":1779017384.5903096,"msg":"health_check_success","server":"3","status_code":200,"latency":0.001836288}
{"level":"info","ts":1779017384.5912633,"msg":"health_check_success","server":"2","status_code":200,"latency":0.002684118}
{"level":"info","ts":1779017388.5892222,"msg":"health_check_started","server":"3"}
{"level":"info","ts":1779017388.5892863,"msg":"health_check_started","server":"1"}
{"level":"info","ts":1779017388.5892923,"msg":"health_check_started","server":"2"}
{"level":"error","ts":1779017388.5908191,"msg":"health_check_failed","server":"1","url":"http://localhost:3000","fail_count":9,"latency":0.001532794,"error":"Get \"http://localhost:3000/health\": dial tcp 127.0.0.1:3000: connect: connection refused"}
{"level":"info","ts":1779017388.591472,"msg":"health_check_success","server":"2","status_code":200,"latency":0.002178812}
{"level":"info","ts":1779017388.5908585,"msg":"health_check_success","server":"3","status_code":200,"latency":0.001644289}
{"level":"error","ts":1779017392.2476163,"msg":"server_marked_unhealthy","server":"1","fail_count":9}
{"level":"info","ts":1779017392.588703,"msg":"health_check_started","server":"3"}
{"level":"info","ts":1779017392.588797,"msg":"health_check_started","server":"1"}
{"level":"info","ts":1779017392.5889144,"msg":"health_check_started","server":"2"}
{"level":"info","ts":1779017392.5905337,"msg":"health_check_success","server":"3","status_code":200,"latency":0.001832462}
{"level":"error","ts":1779017392.5905058,"msg":"health_check_failed","server":"1","url":"http://localhost:3000","fail_count":10,"latency":0.001708278,"error":"Get \"http://localhost:3000/health\": dial tcp 127.0.0.1:3000: connect: connection refused"}
{"level":"info","ts":1779017392.5912435,"msg":"health_check_success","server":"2","status_code":200,"latency":0.002331676}
{"level":"info","ts":1779017396.5885506,"msg":"health_check_started","server":"3"}
{"level":"info","ts":1779017396.588663,"msg":"health_check_started","server":"1"}
{"level":"info","ts":1779017396.5886693,"msg":"health_check_started","server":"2"}
{"level":"info","ts":1779017396.5899534,"msg":"health_check_success","server":"3","status_code":200,"latency":0.001403871}
{"level":"error","ts":1779017396.5899906,"msg":"health_check_failed","server":"1","url":"http://localhost:3000","fail_count":11,"latency":0.001328734,"error":"Get \"http://localhost:3000/health\": dial tcp 127.0.0.1:3000: connect: connection refused"}
{"level":"info","ts":1779017396.591022,"msg":"health_check_success","server":"2","status_code":200,"latency":0.002351825}
{"level":"info","ts":1779017400.588748,"msg":"health_check_started","server":"3"}
{"level":"info","ts":1779017400.5890515,"msg":"health_check_started","server":"1"}
{"level":"info","ts":1779017400.5904453,"msg":"health_check_success","server":"3","status_code":200,"latency":0.001705283}
{"level":"info","ts":1779017400.58907,"msg":"health_check_started","server":"2"}
{"level":"error","ts":1779017400.5905638,"msg":"health_check_failed","server":"1","url":"http://localhost:3000","fail_count":12,"latency":0.001513522,"error":"Get \"http://localhost:3000/health\": dial tcp 127.0.0.1:3000: connect: connection refused"}
{"level":"info","ts":1779017400.593249,"msg":"health_check_success","server":"2","status_code":200,"latency":0.004180014}
{"level":"info","ts":1779017407.0850773,"msg":"health_check_started","server":"3"}
{"level":"info","ts":1779017407.0851383,"msg":"health_check_started","server":"1"}
{"level":"info","ts":1779017407.085159,"msg":"health_check_started","server":"2"}
{"level":"info","ts":1779017407.0865417,"msg":"health_check_success","server":"3","status_code":200,"latency":0.001474424}
{"level":"info","ts":1779017407.087168,"msg":"health_check_success","server":"2","status_code":200,"latency":0.002015435}
{"level":"error","ts":1779017407.086664,"msg":"health_check_failed","server":"1","url":"http://localhost:3000","fail_count":13,"latency":0.001527113,"error":"Get \"http://localhost:3000/health\": dial tcp 127.0.0.1:3000: connect: connection refused"}
{"level":"info","ts":1779017411.085375,"msg":"health_check_started","server":"3"}
{"level":"info","ts":1779017411.08547,"msg":"health_check_started","server":"1"}
{"level":"info","ts":1779017411.0854766,"msg":"health_check_started","server":"2"}
{"level":"error","ts":1779017411.0870304,"msg":"health_check_failed","server":"1","url":"http://localhost:3000","fail_count":14,"latency":0.001562361,"error":"Get \"http://localhost:3000/health\": dial tcp 127.0.0.1:3000: connect: connection refused"}
{"level":"info","ts":1779017411.0871391,"msg":"health_check_success","server":"3","status_code":200,"latency":0.001765772}
{"level":"info","ts":1779017411.0879219,"msg":"health_check_success","server":"2","status_code":200,"latency":0.002443128}
{"level":"info","ts":1779017415.0843382,"msg":"health_check_started","server":"3"}
{"level":"info","ts":1779017415.0844243,"msg":"health_check_started","server":"1"}
{"level":"info","ts":1779017415.084434,"msg":"health_check_started","server":"2"}
{"level":"info","ts":1779017415.0858684,"msg":"health_check_success","server":"3","status_code":200,"latency":0.001538118}
{"level":"error","ts":1779017415.0859015,"msg":"health_check_failed","server":"1","url":"http://localhost:3000","fail_count":15,"latency":0.001479877,"error":"Get \"http://localhost:3000/health\": dial tcp 127.0.0.1:3000: connect: connection refused"}
{"level":"info","ts":1779017415.08677,"msg":"health_check_success","server":"2","status_code":200,"latency":0.00233515}
{"level":"info","ts":1779017419.0850434,"msg":"health_check_started","server":"3"}
{"level":"info","ts":1779017419.0851574,"msg":"health_check_started","server":"1"}
{"level":"info","ts":1779017419.0851755,"msg":"health_check_started","server":"2"}
{"level":"info","ts":1779017419.0864742,"msg":"health_check_success","server":"3","status_code":200,"latency":0.001478714}
{"level":"error","ts":1779017419.0864685,"msg":"health_check_failed","server":"1","url":"http://localhost:3000","fail_count":16,"latency":0.00131998,"error":"Get \"http://localhost:3000/health\": dial tcp 127.0.0.1:3000: connect: connection refused"}
{"level":"info","ts":1779017419.0874352,"msg":"health_check_success","server":"2","status_code":200,"latency":0.002260155}
{"level":"info","ts":1779017423.0850475,"msg":"health_check_started","server":"3"}
{"level":"info","ts":1779017423.0850916,"msg":"health_check_started","server":"1"}
{"level":"info","ts":1779017423.0850985,"msg":"health_check_started","server":"2"}
{"level":"error","ts":1779017423.0859017,"msg":"health_check_failed","server":"1","url":"http://localhost:3000","fail_count":17,"latency":0.000811377,"error":"Get \"http://localhost:3000/health\": dial tcp 127.0.0.1:3000: connect: connection refused"}
{"level":"info","ts":1779017423.0864155,"msg":"health_check_success","server":"3","status_code":200,"latency":0.00136932}
{"level":"info","ts":1779017423.086415,"msg":"health_check_success","server":"2","status_code":200,"latency":0.001315811}
{"level":"info","ts":1779017427.0846357,"msg":"health_check_started","server":"3"}
{"level":"info","ts":1779017427.0847301,"msg":"health_check_started","server":"1"}
{"level":"info","ts":1779017427.0847423,"msg":"health_check_started","server":"2"}
{"level":"info","ts":1779017427.0862796,"msg":"health_check_success","server":"3","status_code":200,"latency":0.00168611}
{"level":"info","ts":1779017427.0870762,"msg":"health_check_success","server":"2","status_code":200,"latency":0.002333028}
{"level":"error","ts":1779017427.0862849,"msg":"health_check_failed","server":"1","url":"http://localhost:3000","fail_count":18,"latency":0.001556759,"error":"Get \"http://localhost:3000/health\": dial tcp 127.0.0.1:3000: connect: connection refused"}
{"level":"info","ts":1779017431.0852652,"msg":"health_check_started","server":"3"}
{"level":"info","ts":1779017431.0853176,"msg":"health_check_started","server":"1"}
{"level":"info","ts":1779017431.085328,"msg":"health_check_started","server":"2"}
{"level":"error","ts":1779017431.0868888,"msg":"health_check_failed","server":"1","url":"http://localhost:3000","fail_count":19,"latency":0.001570874,"error":"Get \"http://localhost:3000/health\": dial tcp 127.0.0.1:3000: connect: connection refused"}
{"level":"info","ts":1779017431.0870636,"msg":"health_check_success","server":"3","status_code":200,"latency":0.001804166}
{"level":"info","ts":1779017431.088726,"msg":"health_check_success","server":"2","status_code":200,"latency":0.003394902}
{"level":"info","ts":1779017435.0852118,"msg":"health_check_started","server":"3"}
{"level":"info","ts":1779017435.0852695,"msg":"health_check_started","server":"1"}
{"level":"info","ts":1779017435.0852764,"msg":"health_check_started","server":"2"}
{"level":"error","ts":1779017435.0865479,"msg":"health_check_failed","server":"1","url":"http://localhost:3000","fail_count":20,"latency":0.001279328,"error":"Get \"http://localhost:3000/health\": dial tcp 127.0.0.1:3000: connect: connection refused"}
{"level":"info","ts":1779017435.086612,"msg":"health_check_success","server":"3","status_code":200,"latency":0.001402409}
{"level":"info","ts":1779017435.0874307,"msg":"health_check_success","server":"2","status_code":200,"latency":0.002152786}
{"level":"info","ts":1779017441.5721865,"msg":"health_check_started","server":"3"}
{"level":"info","ts":1779017441.5723193,"msg":"health_check_started","server":"1"}
{"level":"info","ts":1779017441.5723307,"msg":"health_check_started","server":"2"}
{"level":"info","ts":1779017441.5738878,"msg":"health_check_success","server":"3","status_code":200,"latency":0.001701152}
{"level":"error","ts":1779017441.5739274,"msg":"health_check_failed","server":"1","url":"http://localhost:3000","fail_count":21,"latency":0.001610521,"error":"Get \"http://localhost:3000/health\": dial tcp 127.0.0.1:3000: connect: connection refused"}
{"level":"info","ts":1779017441.5747757,"msg":"health_check_success","server":"2","status_code":200,"latency":0.002444292}
{"level":"info","ts":1779017445.5720704,"msg":"health_check_started","server":"1"}
{"level":"info","ts":1779017445.5720592,"msg":"health_check_started","server":"3"}
{"level":"info","ts":1779017445.572149,"msg":"health_check_started","server":"2"}
{"level":"error","ts":1779017445.5731645,"msg":"health_check_failed","server":"1","url":"http://localhost:3000","fail_count":22,"latency":0.001095292,"error":"Get \"http://localhost:3000/health\": dial tcp 127.0.0.1:3000: connect: connection refused"}
{"level":"info","ts":1779017445.5739176,"msg":"health_check_success","server":"3","status_code":200,"latency":0.001867619}
{"level":"info","ts":1779017445.5745015,"msg":"health_check_success","server":"2","status_code":200,"latency":0.002358221}
{"level":"info","ts":1779017449.5722835,"msg":"health_check_started","server":"3"}
{"level":"info","ts":1779017449.5723464,"msg":"health_check_started","server":"1"}
{"level":"info","ts":1779017449.5723624,"msg":"health_check_started","server":"2"}
{"level":"info","ts":1779017449.6054518,"msg":"health_check_success","server":"3","status_code":200,"latency":0.033180686}
{"level":"error","ts":1779017449.6075523,"msg":"health_check_failed","server":"1","url":"http://localhost:3000","fail_count":23,"latency":0.035206837,"error":"Get \"http://localhost:3000/health\": dial tcp 127.0.0.1:3000: connect: connection refused"}
{"level":"info","ts":1779017449.6179817,"msg":"health_check_success","server":"2","status_code":200,"latency":0.045622484}
{"level":"info","ts":1779017453.572529,"msg":"health_check_started","server":"3"}
{"level":"info","ts":1779017453.572646,"msg":"health_check_started","server":"1"}
{"level":"info","ts":1779017453.5726879,"msg":"health_check_started","server":"2"}
{"level":"info","ts":1779017453.5738363,"msg":"health_check_success","server":"3","status_code":200,"latency":0.001308444}
{"level":"error","ts":1779017453.5738983,"msg":"health_check_failed","server":"1","url":"http://localhost:3000","fail_count":24,"latency":0.001281713,"error":"Get \"http://localhost:3000/health\": dial tcp 127.0.0.1:3000: connect: connection refused"}
{"level":"info","ts":1779017453.5745082,"msg":"health_check_success","server":"2","status_code":200,"latency":0.001823295}
{"level":"info","ts":1779017457.5717177,"msg":"health_check_started","server":"3"}
{"level":"info","ts":1779017457.5717878,"msg":"health_check_started","server":"1"}
{"level":"info","ts":1779017457.571797,"msg":"health_check_started","server":"2"}
{"level":"info","ts":1779017457.573719,"msg":"health_check_success","server":"3","status_code":200,"latency":0.002002718}
{"level":"error","ts":1779017457.5740235,"msg":"health_check_failed","server":"1","url":"http://localhost:3000","fail_count":25,"latency":0.002236989,"error":"Get \"http://localhost:3000/health\": dial tcp 127.0.0.1:3000: connect: connection refused"}
{"level":"info","ts":1779017457.5748007,"msg":"health_check_success","server":"2","status_code":200,"latency":0.003001353}
{"level":"info","ts":1779017461.572164,"msg":"health_check_started","server":"3"}
{"level":"info","ts":1779017461.5722265,"msg":"health_check_started","server":"1"}
{"level":"info","ts":1779017461.5722334,"msg":"health_check_started","server":"2"}
{"level":"info","ts":1779017461.573219,"msg":"health_check_success","server":"3","status_code":200,"latency":0.001056094}
{"level":"error","ts":1779017461.5732963,"msg":"health_check_failed","server":"1","url":"http://localhost:3000","fail_count":26,"latency":0.001070414,"error":"Get \"http://localhost:3000/health\": dial tcp 127.0.0.1:3000: connect: connection refused"}
{"level":"info","ts":1779017461.5750809,"msg":"health_check_success","server":"2","status_code":200,"latency":0.002842918}
{"level":"info","ts":1779017465.5717387,"msg":"health_check_started","server":"3"}
{"level":"info","ts":1779017465.5718963,"msg":"health_check_started","server":"1"}
{"level":"info","ts":1779017465.5719066,"msg":"health_check_started","server":"2"}
{"level":"error","ts":1779017465.5733945,"msg":"health_check_failed","server":"1","url":"http://localhost:3000","fail_count":27,"latency":0.001499638,"error":"Get \"http://localhost:3000/health\": dial tcp 127.0.0.1:3000: connect: connection refused"}
{"level":"info","ts":1779017465.573493,"msg":"health_check_success","server":"3","status_code":200,"latency":0.001752376}
{"level":"info","ts":1779017465.5741827,"msg":"health_check_success","server":"2","status_code":200,"latency":0.002274903}
{"level":"error","ts":1779017468.2430663,"msg":"server_marked_unhealthy","server":"1","fail_count":27}
{"level":"info","ts":1779017469.5724,"msg":"health_check_started","server":"3"}
{"level":"info","ts":1779017469.5725484,"msg":"health_check_started","server":"1"}
{"level":"info","ts":1779017469.572567,"msg":"health_check_started","server":"2"}
{"level":"error","ts":1779017469.5737882,"msg":"health_check_failed","server":"1","url":"http://localhost:3000","fail_count":28,"latency":0.00124411,"error":"Get \"http://localhost:3000/health\": dial tcp 127.0.0.1:3000: connect: connection refused"}
{"level":"info","ts":1779017469.573993,"msg":"health_check_success","server":"3","status_code":200,"latency":0.001593032}
{"level":"info","ts":1779017469.5750418,"msg":"health_check_success","server":"2","status_code":200,"latency":0.002472953}
{"level":"info","ts":1779017476.0942008,"msg":"health_check_started","server":"3"}
{"level":"info","ts":1779017476.0943022,"msg":"health_check_started","server":"1"}
{"level":"info","ts":1779017476.0943127,"msg":"health_check_started","server":"2"}
{"level":"error","ts":1779017476.0952768,"msg":"health_check_failed","server":"1","url":"http://localhost:3000","fail_count":29,"latency":0.000976076,"error":"Get \"http://localhost:3000/health\": dial tcp 127.0.0.1:3000: connect: connection refused"}
{"level":"info","ts":1779017476.0954397,"msg":"health_check_success","server":"3","status_code":200,"latency":0.001246237}
{"level":"info","ts":1779017476.0960615,"msg":"health_check_success","server":"2","status_code":200,"latency":0.001752215}
{"level":"info","ts":1779017480.0942338,"msg":"health_check_started","server":"1"}
{"level":"info","ts":1779017480.0942566,"msg":"health_check_started","server":"3"}
{"level":"error","ts":1779017480.095174,"msg":"health_check_failed","server":"1","url":"http://localhost:3000","fail_count":30,"latency":0.000943334,"error":"Get \"http://localhost:3000/health\": dial tcp 127.0.0.1:3000: connect: connection refused"}
{"level":"info","ts":1779017480.0942616,"msg":"health_check_started","server":"2"}
{"level":"info","ts":1779017480.0957687,"msg":"health_check_success","server":"3","status_code":200,"latency":0.001511595}
{"level":"info","ts":1779017480.0968056,"msg":"health_check_success","server":"2","status_code":200,"latency":0.002532367}
{"level":"info","ts":1779017484.0940788,"msg":"health_check_started","server":"3"}
{"level":"info","ts":1779017484.0941482,"msg":"health_check_started","server":"1"}
{"level":"info","ts":1779017484.0941968,"msg":"health_check_started","server":"2"}
{"level":"error","ts":1779017484.0955017,"msg":"health_check_failed","server":"1","url":"http://localhost:3000","fail_count":31,"latency":0.001353023,"error":"Get \"http://localhost:3000/health\": dial tcp 127.0.0.1:3000: connect: connection refused"}
{"level":"info","ts":1779017484.0955791,"msg":"health_check_success","server":"3","status_code":200,"latency":0.001501446}
{"level":"info","ts":1779017484.096408,"msg":"health_check_success","server":"2","status_code":200,"latency":0.002209493}
{"level":"info","ts":1779017488.0937874,"msg":"health_check_started","server":"3"}
{"level":"info","ts":1779017488.0938916,"msg":"health_check_started","server":"1"}
{"level":"info","ts":1779017488.0939054,"msg":"health_check_started","server":"2"}
{"level":"info","ts":1779017488.095409,"msg":"health_check_success","server":"3","status_code":200,"latency":0.001623266}
{"level":"error","ts":1779017488.0954375,"msg":"health_check_failed","server":"1","url":"http://localhost:3000","fail_count":32,"latency":0.001549329,"error":"Get \"http://localhost:3000/health\": dial tcp 127.0.0.1:3000: connect: connection refused"}
{"level":"info","ts":1779017488.0966926,"msg":"health_check_success","server":"2","status_code":200,"latency":0.002784664}
{"level":"info","ts":1779017492.0940297,"msg":"health_check_started","server":"3"}
{"level":"info","ts":1779017492.0940795,"msg":"health_check_started","server":"1"}
{"level":"info","ts":1779017492.0941346,"msg":"health_check_started","server":"2"}
{"level":"info","ts":1779017492.0956142,"msg":"health_check_success","server":"3","status_code":200,"latency":0.001584968}
{"level":"error","ts":1779017492.095616,"msg":"health_check_failed","server":"1","url":"http://localhost:3000","fail_count":33,"latency":0.00153785,"error":"Get \"http://localhost:3000/health\": dial tcp 127.0.0.1:3000: connect: connection refused"}
{"level":"info","ts":1779017492.0962703,"msg":"health_check_success","server":"2","status_code":200,"latency":0.002132995}
{"level":"info","ts":1779017496.0939326,"msg":"health_check_started","server":"3"}
{"level":"info","ts":1779017496.0939891,"msg":"health_check_started","server":"1"}
{"level":"info","ts":1779017496.0952456,"msg":"health_check_success","server":"3","status_code":200,"latency":0.001314561}
{"level":"info","ts":1779017496.0939968,"msg":"health_check_started","server":"2"}
{"level":"error","ts":1779017496.0955007,"msg":"health_check_failed","server":"1","url":"http://localhost:3000","fail_count":34,"latency":0.001513096,"error":"Get \"http://localhost:3000/health\": dial tcp 127.0.0.1:3000: connect: connection refused"}
{"level":"info","ts":1779017496.0968807,"msg":"health_check_success","server":"2","status_code":200,"latency":0.002882701}
{"level":"info","ts":1779017500.0944347,"msg":"health_check_started","server":"3"}
{"level":"info","ts":1779017500.094515,"msg":"health_check_started","server":"1"}
{"level":"info","ts":1779017500.0945215,"msg":"health_check_started","server":"2"}
{"level":"info","ts":1779017500.0958307,"msg":"health_check_success","server":"3","status_code":200,"latency":0.001396006}
{"level":"error","ts":1779017500.095874,"msg":"health_check_failed","server":"1","url":"http://localhost:3000","fail_count":35,"latency":0.001359383,"error":"Get \"http://localhost:3000/health\": dial tcp 127.0.0.1:3000: connect: connection refused"}
{"level":"info","ts":1779017500.0968513,"msg":"health_check_success","server":"2","status_code":200,"latency":0.002328549}
{"level":"info","ts":1779017504.0936453,"msg":"health_check_started","server":"3"}
{"level":"info","ts":1779017504.0936837,"msg":"health_check_started","server":"1"}
{"level":"info","ts":1779017504.0936997,"msg":"health_check_started","server":"2"}
{"level":"error","ts":1779017504.0953076,"msg":"health_check_failed","server":"1","url":"http://localhost:3000","fail_count":36,"latency":0.001633322,"error":"Get \"http://localhost:3000/health\": dial tcp 127.0.0.1:3000: connect: connection refused"}
{"level":"info","ts":1779017504.0953538,"msg":"health_check_success","server":"3","status_code":200,"latency":0.001719725}
{"level":"info","ts":1779017504.0966454,"msg":"health_check_success","server":"2","status_code":200,"latency":0.002947356}
{"level":"info","ts":1779017510.5867825,"msg":"health_check_started","server":"3"}
{"level":"info","ts":1779017510.5868464,"msg":"health_check_started","server":"1"}
{"level":"info","ts":1779017510.5868537,"msg":"health_check_started","server":"2"}
{"level":"info","ts":1779017510.5880237,"msg":"health_check_success","server":"3","status_code":200,"latency":0.00124127}
{"level":"info","ts":1779017510.5887322,"msg":"health_check_success","server":"2","status_code":200,"latency":0.001876215}
{"level":"error","ts":1779017510.5933692,"msg":"health_check_failed","server":"1","url":"http://localhost:3000","fail_count":37,"latency":0.006519072,"error":"Get \"http://localhost:3000/health\": dial tcp 127.0.0.1:3000: connect: connection refused"}
{"level":"info","ts":1779017514.5867813,"msg":"health_check_started","server":"3"}
{"level":"info","ts":1779017514.5869467,"msg":"health_check_started","server":"1"}
{"level":"info","ts":1779017514.5869598,"msg":"health_check_started","server":"2"}
{"level":"info","ts":1779017514.588283,"msg":"health_check_success","server":"3","status_code":200,"latency":0.001503304}
{"level":"error","ts":1779017514.5882747,"msg":"health_check_failed","server":"1","url":"http://localhost:3000","fail_count":38,"latency":0.001330336,"error":"Get \"http://localhost:3000/health\": dial tcp 127.0.0.1:3000: connect: connection refused"}
{"level":"info","ts":1779017514.5890799,"msg":"health_check_success","server":"2","status_code":200,"latency":0.002118542}
{"level":"info","ts":1779017518.5868173,"msg":"health_check_started","server":"2"}
{"level":"info","ts":1779017518.5868254,"msg":"health_check_started","server":"1"}
{"level":"info","ts":1779017518.5881631,"msg":"health_check_success","server":"2","status_code":200,"latency":0.001343496}
{"level":"info","ts":1779017518.5867908,"msg":"health_check_started","server":"3"}
{"level":"error","ts":1779017518.588369,"msg":"health_check_failed","server":"1","url":"http://localhost:3000","fail_count":39,"latency":0.001544443,"error":"Get \"http://localhost:3000/health\": dial tcp 127.0.0.1:3000: connect: connection refused"}
{"level":"info","ts":1779017518.589611,"msg":"health_check_success","server":"3","status_code":200,"latency":0.00282328}
{"level":"info","ts":1779017522.586828,"msg":"health_check_started","server":"2"}
{"level":"info","ts":1779017522.5868235,"msg":"health_check_started","server":"3"}
{"level":"info","ts":1779017522.5881863,"msg":"health_check_success","server":"2","status_code":200,"latency":0.001354862}
{"level":"info","ts":1779017522.5868247,"msg":"health_check_started","server":"1"}
{"level":"info","ts":1779017522.5888762,"msg":"health_check_success","server":"3","status_code":200,"latency":0.002054672}
{"level":"error","ts":1779017522.589457,"msg":"health_check_failed","server":"1","url":"http://localhost:3000","fail_count":40,"latency":0.002632118,"error":"Get \"http://localhost:3000/health\": dial tcp 127.0.0.1:3000: connect: connection refused"}
{"level":"info","ts":1779017526.586631,"msg":"health_check_started","server":"3"}
{"level":"info","ts":1779017526.58681,"msg":"health_check_started","server":"1"}
{"level":"info","ts":1779017526.586823,"msg":"health_check_started","server":"2"}
{"level":"info","ts":1779017526.5882666,"msg":"health_check_success","server":"3","status_code":200,"latency":0.001642871}
{"level":"error","ts":1779017526.5882885,"msg":"health_check_failed","server":"1","url":"http://localhost:3000","fail_count":41,"latency":0.00148005,"error":"Get \"http://localhost:3000/health\": dial tcp 127.0.0.1:3000: connect: connection refused"}
{"level":"info","ts":1779017526.5895014,"msg":"health_check_success","server":"2","status_code":200,"latency":0.002677386}
{"level":"info","ts":1779017530.5868573,"msg":"health_check_started","server":"3"}
{"level":"info","ts":1779017530.5871167,"msg":"health_check_started","server":"1"}
{"level":"info","ts":1779017530.587125,"msg":"health_check_started","server":"2"}
{"level":"info","ts":1779017530.588059,"msg":"health_check_success","server":"3","status_code":200,"latency":0.001203631}
{"level":"error","ts":1779017530.5881376,"msg":"health_check_failed","server":"1","url":"http://localhost:3000","fail_count":42,"latency":0.001021969,"error":"Get \"http://localhost:3000/health\": dial tcp 127.0.0.1:3000: connect: connection refused"}
{"level":"info","ts":1779017530.5890126,"msg":"health_check_success","server":"2","status_code":200,"latency":0.001886693}
{"level":"info","ts":1779017534.586164,"msg":"health_check_started","server":"3"}
{"level":"info","ts":1779017534.586229,"msg":"health_check_started","server":"1"}
{"level":"info","ts":1779017534.5862458,"msg":"health_check_started","server":"2"}
{"level":"error","ts":1779017534.5877476,"msg":"health_check_failed","server":"1","url":"http://localhost:3000","fail_count":43,"latency":0.001520834,"error":"Get \"http://localhost:3000/health\": dial tcp 127.0.0.1:3000: connect: connection refused"}
{"level":"info","ts":1779017534.5879111,"msg":"health_check_success","server":"3","status_code":200,"latency":0.001749863}
{"level":"info","ts":1779017534.5892649,"msg":"health_check_success","server":"2","status_code":200,"latency":0.003016335}
{"level":"info","ts":1779017538.586393,"msg":"health_check_started","server":"3"}
{"level":"info","ts":1779017538.5864563,"msg":"health_check_started","server":"1"}
{"level":"info","ts":1779017538.5881116,"msg":"health_check_success","server":"3","status_code":200,"latency":0.001724989}
{"level":"info","ts":1779017538.5865066,"msg":"health_check_started","server":"2"}
{"level":"error","ts":1779017538.5884628,"msg":"health_check_failed","server":"1","url":"http://localhost:3000","fail_count":44,"latency":0.002039828,"error":"Get \"http://localhost:3000/health\": dial tcp 127.0.0.1:3000: connect: connection refused"}
{"level":"info","ts":1779017538.5903072,"msg":"health_check_success","server":"2","status_code":200,"latency":0.003800109}
{"level":"info","ts":1779017542.586574,"msg":"health_check_started","server":"3"}
{"level":"info","ts":1779017542.5867712,"msg":"health_check_started","server":"1"}
{"level":"info","ts":1779017542.5867865,"msg":"health_check_started","server":"2"}
{"level":"error","ts":1779017542.588144,"msg":"health_check_failed","server":"1","url":"http://localhost:3000","fail_count":45,"latency":0.001374532,"error":"Get \"http://localhost:3000/health\": dial tcp 127.0.0.1:3000: connect: connection refused"}
{"level":"info","ts":1779017542.588997,"msg":"health_check_success","server":"2","status_code":200,"latency":0.002209089}
{"level":"info","ts":1779017542.5885627,"msg":"health_check_success","server":"3","status_code":200,"latency":0.00199005}
{"level":"error","ts":1779017546.2426631,"msg":"server_marked_unhealthy","server":"1","fail_count":45}
{"level":"info","ts":1779017549.1143262,"msg":"health_check_started","server":"3"}
{"level":"info","ts":1779017549.1145935,"msg":"health_check_started","server":"1"}
{"level":"info","ts":1779017549.114616,"msg":"health_check_started","server":"2"}
{"level":"info","ts":1779017549.11643,"msg":"health_check_success","server":"3","status_code":200,"latency":0.002107219}
{"level":"error","ts":1779017549.1164641,"msg":"health_check_failed","server":"1","url":"http://localhost:3000","fail_count":46,"latency":0.001876416,"error":"Get \"http://localhost:3000/health\": dial tcp 127.0.0.1:3000: connect: connection refused"}
{"level":"info","ts":1779017549.1172967,"msg":"health_check_success","server":"2","status_code":200,"latency":0.002678888}
{"level":"info","ts":1779017553.1144757,"msg":"health_check_started","server":"3"}
{"level":"info","ts":1779017553.1146362,"msg":"health_check_started","server":"1"}
{"level":"info","ts":1779017553.1146493,"msg":"health_check_started","server":"2"}
{"level":"info","ts":1779017553.1162207,"msg":"health_check_success","server":"3","status_code":200,"latency":0.001745897}
{"level":"error","ts":1779017553.1162596,"msg":"health_check_failed","server":"1","url":"http://localhost:3000","fail_count":47,"latency":0.001627756,"error":"Get \"http://localhost:3000/health\": dial tcp 127.0.0.1:3000: connect: connection refused"}
{"level":"info","ts":1779017553.1172702,"msg":"health_check_success","server":"2","status_code":200,"latency":0.002619907}
{"level":"info","ts":1779017557.1152625,"msg":"health_check_started","server":"3"}
{"level":"info","ts":1779017557.115354,"msg":"health_check_started","server":"1"}
{"level":"info","ts":1779017557.1153648,"msg":"health_check_started","server":"2"}
{"level":"error","ts":1779017557.116615,"msg":"health_check_failed","server":"1","url":"http://localhost:3000","fail_count":48,"latency":0.001261889,"error":"Get \"http://localhost:3000/health\": dial tcp 127.0.0.1:3000: connect: connection refused"}
{"level":"info","ts":1779017557.117152,"msg":"health_check_success","server":"2","status_code":200,"latency":0.001790498}
{"level":"info","ts":1779017557.1166508,"msg":"health_check_success","server":"3","status_code":200,"latency":0.001397079}
{"level":"info","ts":1779017561.1147158,"msg":"health_check_started","server":"3"}
{"level":"info","ts":1779017561.114822,"msg":"health_check_started","server":"1"}
{"level":"info","ts":1779017561.1161294,"msg":"health_check_success","server":"3","status_code":200,"latency":0.00141084}
{"level":"info","ts":1779017561.1149313,"msg":"health_check_started","server":"2"}
{"level":"error","ts":1779017561.1162965,"msg":"health_check_failed","server":"1","url":"http://localhost:3000","fail_count":49,"latency":0.00148459,"error":"Get \"http://localhost:3000/health\": dial tcp 127.0.0.1:3000: connect: connection refused"}
{"level":"info","ts":1779017561.1177456,"msg":"health_check_success","server":"2","status_code":200,"latency":0.002812253}
{"level":"info","ts":1779017565.1153064,"msg":"health_check_started","server":"1"}
{"level":"info","ts":1779017565.1153529,"msg":"health_check_started","server":"3"}
{"level":"info","ts":1779017565.1153684,"msg":"health_check_started","server":"2"}
{"level":"error","ts":1779017565.1162713,"msg":"health_check_failed","server":"1","url":"http://localhost:3000","fail_count":50,"latency":0.000966164,"error":"Get \"http://localhost:3000/health\": dial tcp 127.0.0.1:3000: connect: connection refused"}
{"level":"info","ts":1779017565.1171181,"msg":"health_check_success","server":"3","status_code":200,"latency":0.001875112}
{"level":"info","ts":1779017565.1174152,"msg":"health_check_success","server":"2","status_code":200,"latency":0.002052493}
{"level":"info","ts":1779017569.1146562,"msg":"health_check_started","server":"3"}
{"level":"info","ts":1779017569.1148002,"msg":"health_check_started","server":"1"}
{"level":"info","ts":1779017569.114822,"msg":"health_check_started","server":"2"}
{"level":"info","ts":1779017569.1164434,"msg":"health_check_success","server":"3","status_code":200,"latency":0.001788712}
{"level":"info","ts":1779017569.117199,"msg":"health_check_success","server":"2","status_code":200,"latency":0.002376444}
{"level":"error","ts":1779017569.116431,"msg":"health_check_failed","server":"1","url":"http://localhost:3000","fail_count":51,"latency":0.001633781,"error":"Get \"http://localhost:3000/health\": dial tcp 127.0.0.1:3000: connect: connection refused"}
{"level":"info","ts":1779017573.1146028,"msg":"health_check_started","server":"3"}
{"level":"info","ts":1779017573.1147304,"msg":"health_check_started","server":"1"}
{"level":"info","ts":1779017573.1162026,"msg":"health_check_success","server":"3","status_code":200,"latency":0.001600416}
{"level":"info","ts":1779017573.1147425,"msg":"health_check_started","server":"2"}
{"level":"error","ts":1779017573.116254,"msg":"health_check_failed","server":"1","url":"http://localhost:3000","fail_count":52,"latency":0.001526531,"error":"Get \"http://localhost:3000/health\": dial tcp 127.0.0.1:3000: connect: connection refused"}
{"level":"info","ts":1779017573.1179512,"msg":"health_check_success","server":"2","status_code":200,"latency":0.003208168}
{"level":"info","ts":1779017577.1148844,"msg":"health_check_started","server":"3"}
{"level":"info","ts":1779017577.114941,"msg":"health_check_started","server":"1"}
{"level":"info","ts":1779017577.116316,"msg":"health_check_success","server":"3","status_code":200,"latency":0.001430948}
{"level":"info","ts":1779017577.114953,"msg":"health_check_started","server":"2"}
{"level":"error","ts":1779017577.1165245,"msg":"health_check_failed","server":"1","url":"http://localhost:3000","fail_count":53,"latency":0.001584118,"error":"Get \"http://localhost:3000/health\": dial tcp 127.0.0.1:3000: connect: connection refused"}
{"level":"info","ts":1779017577.1182935,"msg":"health_check_success","server":"2","status_code":200,"latency":0.003339067}
{"level":"error","ts":1779017580.8009326,"msg":"server_marked_unhealthy","server":"1","fail_count":53}
{"level":"info","ts":1779017583.588195,"msg":"health_check_started","server":"3"}
{"level":"info","ts":1779017583.5882654,"msg":"health_check_started","server":"1"}
{"level":"info","ts":1779017583.5882719,"msg":"health_check_started","server":"2"}
{"level":"info","ts":1779017583.5897684,"msg":"health_check_success","server":"3","status_code":200,"latency":0.001581979}
{"level":"error","ts":1779017583.589556,"msg":"health_check_failed","server":"1","url":"http://localhost:3000","fail_count":54,"latency":0.001292096,"error":"Get \"http://localhost:3000/health\": dial tcp 127.0.0.1:3000: connect: connection refused"}
{"level":"info","ts":1779017583.5903037,"msg":"health_check_success","server":"2","status_code":200,"latency":0.002030055}
{"level":"info","ts":1779017587.588277,"msg":"health_check_started","server":"3"}
{"level":"info","ts":1779017587.5883472,"msg":"health_check_started","server":"1"}
{"level":"info","ts":1779017587.5898201,"msg":"health_check_success","server":"3","status_code":200,"latency":0.001546916}
{"level":"info","ts":1779017587.5883596,"msg":"health_check_started","server":"2"}
{"level":"error","ts":1779017587.5899143,"msg":"health_check_failed","server":"1","url":"http://localhost:3000","fail_count":55,"latency":0.001569713,"error":"Get \"http://localhost:3000/health\": dial tcp 127.0.0.1:3000: connect: connection refused"}
{"level":"info","ts":1779017587.5914621,"msg":"health_check_success","server":"2","status_code":200,"latency":0.003101982}
{"level":"info","ts":1779017591.588546,"msg":"health_check_started","server":"3"}
{"level":"info","ts":1779017591.5886152,"msg":"health_check_started","server":"1"}
{"level":"info","ts":1779017591.5886219,"msg":"health_check_started","server":"2"}
{"level":"error","ts":1779017591.5896957,"msg":"health_check_failed","server":"1","url":"http://localhost:3000","fail_count":56,"latency":0.001081251,"error":"Get \"http://localhost:3000/health\": dial tcp 127.0.0.1:3000: connect: connection refused"}
{"level":"info","ts":1779017591.589771,"msg":"health_check_success","server":"3","status_code":200,"latency":0.001256562}
{"level":"info","ts":1779017591.5907302,"msg":"health_check_success","server":"2","status_code":200,"latency":0.002103004}
{"level":"info","ts":1779017595.5882537,"msg":"health_check_started","server":"3"}
{"level":"info","ts":1779017595.5883524,"msg":"health_check_started","server":"1"}
{"level":"info","ts":1779017595.5895472,"msg":"health_check_success","server":"3","status_code":200,"latency":0.001294883}
{"level":"info","ts":1779017595.5883632,"msg":"health_check_started","server":"2"}
{"level":"error","ts":1779017595.5898263,"msg":"health_check_failed","server":"1","url":"http://localhost:3000","fail_count":57,"latency":0.001474619,"error":"Get \"http://localhost:3000/health\": dial tcp 127.0.0.1:3000: connect: connection refused"}
{"level":"info","ts":1779017595.591132,"msg":"health_check_success","server":"2","status_code":200,"latency":0.002767745}
{"level":"info","ts":1779017599.5881958,"msg":"health_check_started","server":"3"}
{"level":"info","ts":1779017599.5882409,"msg":"health_check_started","server":"1"}
{"level":"info","ts":1779017599.5882473,"msg":"health_check_started","server":"2"}
{"level":"info","ts":1779017599.5895548,"msg":"health_check_success","server":"3","status_code":200,"latency":0.001366757}
{"level":"error","ts":1779017599.6086264,"msg":"health_check_failed","server":"1","url":"http://localhost:3000","fail_count":58,"latency":0.020386831,"error":"Get \"http://localhost:3000/health\": dial tcp 127.0.0.1:3000: connect: connection refused"}
{"level":"info","ts":1779017599.6092153,"msg":"health_check_success","server":"2","status_code":200,"latency":0.02094006}
{"level":"info","ts":1779017603.5885086,"msg":"health_check_started","server":"3"}
{"level":"info","ts":1779017603.5885627,"msg":"health_check_started","server":"1"}
{"level":"info","ts":1779017603.5886388,"msg":"health_check_started","server":"2"}
{"level":"info","ts":1779017603.590397,"msg":"health_check_success","server":"3","status_code":200,"latency":0.001889285}
{"level":"error","ts":1779017603.5900812,"msg":"health_check_failed","server":"1","url":"http://localhost:3000","fail_count":59,"latency":0.001517553,"error":"Get \"http://localhost:3000/health\": dial tcp 127.0.0.1:3000: connect: connection refused"}
{"level":"info","ts":1779017603.59094,"msg":"health_check_success","server":"2","status_code":200,"latency":0.002302418}
{"level":"info","ts":1779017607.588425,"msg":"health_check_started","server":"3"}
{"level":"info","ts":1779017607.5885088,"msg":"health_check_started","server":"1"}
{"level":"info","ts":1779017607.5900028,"msg":"health_check_success","server":"3","status_code":200,"latency":0.001578431}
{"level":"info","ts":1779017607.5885167,"msg":"health_check_started","server":"2"}
{"level":"error","ts":1779017607.5901737,"msg":"health_check_failed","server":"1","url":"http://localhost:3000","fail_count":60,"latency":0.001665654,"error":"Get \"http://localhost:3000/health\": dial tcp 127.0.0.1:3000: connect: connection refused"}
{"level":"info","ts":1779017607.5916836,"msg":"health_check_success","server":"2","status_code":200,"latency":0.003166239}
{"level":"info","ts":1779017611.588297,"msg":"health_check_started","server":"3"}
{"level":"info","ts":1779017611.5883589,"msg":"health_check_started","server":"1"}
{"level":"info","ts":1779017611.5883684,"msg":"health_check_started","server":"2"}
{"level":"error","ts":1779017611.5900443,"msg":"health_check_failed","server":"1","url":"http://localhost:3000","fail_count":61,"latency":0.001685952,"error":"Get \"http://localhost:3000/health\": dial tcp 127.0.0.1:3000: connect: connection refused"}
{"level":"info","ts":1779017611.590091,"msg":"health_check_success","server":"3","status_code":200,"latency":0.001799145}
{"level":"info","ts":1779017611.590824,"msg":"health_check_success","server":"2","status_code":200,"latency":0.002454262}
{"level":"info","ts":1779017618.090782,"msg":"health_check_started","server":"3"}
{"level":"info","ts":1779017618.090858,"msg":"health_check_started","server":"1"}
{"level":"info","ts":1779017618.0920248,"msg":"health_check_success","server":"3","status_code":200,"latency":0.001251465}
{"level":"info","ts":1779017618.090867,"msg":"health_check_started","server":"2"}
{"level":"error","ts":1779017618.0921667,"msg":"health_check_failed","server":"1","url":"http://localhost:3000","fail_count":62,"latency":0.001310027,"error":"Get \"http://localhost:3000/health\": dial tcp 127.0.0.1:3000: connect: connection refused"}
{"level":"info","ts":1779017618.09367,"msg":"health_check_success","server":"2","status_code":200,"latency":0.002799931}
{"level":"info","ts":1779017622.0905852,"msg":"health_check_started","server":"1"}
{"level":"info","ts":1779017622.090593,"msg":"health_check_started","server":"3"}
{"level":"info","ts":1779017622.0906262,"msg":"health_check_started","server":"2"}
{"level":"error","ts":1779017622.0918536,"msg":"health_check_failed","server":"1","url":"http://localhost:3000","fail_count":63,"latency":0.001265581,"error":"Get \"http://localhost:3000/health\": dial tcp 127.0.0.1:3000: connect: connection refused"}
{"level":"info","ts":1779017622.0945086,"msg":"health_check_success","server":"3","status_code":200,"latency":0.003965385}
{"level":"info","ts":1779017622.0945914,"msg":"health_check_success","server":"2","status_code":200,"latency":0.003962942}
{"level":"info","ts":1779017626.0906293,"msg":"health_check_started","server":"3"}
{"level":"info","ts":1779017626.0906975,"msg":"health_check_started","server":"1"}
{"level":"info","ts":1779017626.0917566,"msg":"health_check_success","server":"3","status_code":200,"latency":0.00112812}
{"level":"info","ts":1779017626.0907054,"msg":"health_check_started","server":"2"}
{"level":"error","ts":1779017626.0919387,"msg":"health_check_failed","server":"1","url":"http://localhost:3000","fail_count":64,"latency":0.001242104,"error":"Get \"http://localhost:3000/health\": dial tcp 127.0.0.1:3000: connect: connection refused"}
{"level":"info","ts":1779017626.0930007,"msg":"health_check_success","server":"2","status_code":200,"latency":0.002293746}
{"level":"info","ts":1779017630.0906956,"msg":"health_check_started","server":"1"}
{"level":"info","ts":1779017630.0907598,"msg":"health_check_started","server":"3"}
{"level":"info","ts":1779017630.0907772,"msg":"health_check_started","server":"2"}
{"level":"error","ts":1779017630.0998387,"msg":"health_check_failed","server":"1","url":"http://localhost:3000","fail_count":65,"latency":0.009152503,"error":"Get \"http://localhost:3000/health\": dial tcp 127.0.0.1:3000: connect: connection refused"}
{"level":"info","ts":1779017630.1184993,"msg":"health_check_success","server":"3","status_code":200,"latency":0.027815}
{"level":"info","ts":1779017630.120175,"msg":"health_check_success","server":"2","status_code":200,"latency":0.029398193}
{"level":"info","ts":1779017634.0901604,"msg":"health_check_started","server":"3"}
{"level":"info","ts":1779017634.090248,"msg":"health_check_started","server":"1"}
{"level":"info","ts":1779017634.0902877,"msg":"health_check_started","server":"2"}
{"level":"info","ts":1779017634.0917943,"msg":"health_check_success","server":"3","status_code":200,"latency":0.001637315}
{"level":"error","ts":1779017634.0918646,"msg":"health_check_failed","server":"1","url":"http://localhost:3000","fail_count":66,"latency":0.001619381,"error":"Get \"http://localhost:3000/health\": dial tcp 127.0.0.1:3000: connect: connection refused"}
{"level":"info","ts":1779017634.0928922,"msg":"health_check_success","server":"2","status_code":200,"latency":0.002604294}
{"level":"info","ts":1779017638.090679,"msg":"health_check_started","server":"3"}
{"level":"info","ts":1779017638.0907526,"msg":"health_check_started","server":"1"}
{"level":"info","ts":1779017638.0907593,"msg":"health_check_started","server":"2"}
{"level":"error","ts":1779017638.0923693,"msg":"health_check_failed","server":"1","url":"http://localhost:3000","fail_count":67,"latency":0.00161748,"error":"Get \"http://localhost:3000/health\": dial tcp 127.0.0.1:3000: connect: connection refused"}
{"level":"info","ts":1779017638.0925932,"msg":"health_check_success","server":"3","status_code":200,"latency":0.001901865}
{"level":"info","ts":1779017638.0939794,"msg":"health_check_success","server":"2","status_code":200,"latency":0.00321794}
{"level":"info","ts":1779017642.0897183,"msg":"health_check_started","server":"3"}
{"level":"info","ts":1779017642.0897622,"msg":"health_check_started","server":"1"}
{"level":"info","ts":1779017642.089769,"msg":"health_check_started","server":"2"}
{"level":"info","ts":1779017642.0912664,"msg":"health_check_success","server":"3","status_code":200,"latency":0.001549095}
{"level":"error","ts":1779017642.0911345,"msg":"health_check_failed","server":"1","url":"http://localhost:3000","fail_count":68,"latency":0.001369663,"error":"Get \"http://localhost:3000/health\": dial tcp 127.0.0.1:3000: connect: connection refused"}
{"level":"info","ts":1779017642.0918849,"msg":"health_check_success","server":"2","status_code":200,"latency":0.002114176}
{"level":"info","ts":1779017646.0900323,"msg":"health_check_started","server":"3"}
{"level":"info","ts":1779017646.0900984,"msg":"health_check_started","server":"1"}
{"level":"info","ts":1779017646.09136,"msg":"health_check_success","server":"3","status_code":200,"latency":0.001326903}
{"level":"info","ts":1779017646.0901062,"msg":"health_check_started","server":"2"}
{"level":"error","ts":1779017646.0914342,"msg":"health_check_failed","server":"1","url":"http://localhost:3000","fail_count":69,"latency":0.001335235,"error":"Get \"http://localhost:3000/health\": dial tcp 127.0.0.1:3000: connect: connection refused"}
{"level":"info","ts":1779017646.0926855,"msg":"health_check_success","server":"2","status_code":200,"latency":0.002577745}
{"level":"info","ts":1779017652.522436,"msg":"health_check_started","server":"3"}
{"level":"info","ts":1779017652.522622,"msg":"health_check_started","server":"1"}
{"level":"info","ts":1779017652.5226355,"msg":"health_check_started","server":"2"}
{"level":"info","ts":1779017652.5241017,"msg":"health_check_success","server":"3","status_code":200,"latency":0.001668407}
{"level":"error","ts":1779017652.5241196,"msg":"health_check_failed","server":"1","url":"http://localhost:3000","fail_count":70,"latency":0.001502912,"error":"Get \"http://localhost:3000/health\": dial tcp 127.0.0.1:3000: connect: connection refused"}
{"level":"info","ts":1779017652.5250082,"msg":"health_check_success","server":"2","status_code":200,"latency":0.002371662}
{"level":"info","ts":1779017656.5228162,"msg":"health_check_started","server":"3"}
{"level":"info","ts":1779017656.5229864,"msg":"health_check_started","server":"1"}
{"level":"info","ts":1779017656.5229928,"msg":"health_check_started","server":"2"}
{"level":"info","ts":1779017656.5243204,"msg":"health_check_success","server":"3","status_code":200,"latency":0.001506748}
{"level":"error","ts":1779017656.52416,"msg":"health_check_failed","server":"1","url":"http://localhost:3000","fail_count":71,"latency":0.001175816,"error":"Get \"http://localhost:3000/health\": dial tcp 127.0.0.1:3000: connect: connection refused"}
{"level":"info","ts":1779017656.525008,"msg":"health_check_success","server":"2","status_code":200,"latency":0.002013369}
{"level":"info","ts":1779017706.0714102,"msg":"Load balancer started"}
{"level":"info","ts":1779017710.075471,"msg":"health_check_started","server":"3"}
{"level":"info","ts":1779017710.0756168,"msg":"health_check_started","server":"1"}
{"level":"info","ts":1779017710.0756483,"msg":"health_check_started","server":"2"}
{"level":"info","ts":1779017710.0772192,"msg":"health_check_success","server":"3","status_code":200,"latency":0.001752276}
{"level":"error","ts":1779017710.076774,"msg":"health_check_failed","server":"1","url":"http://localhost:3000","fail_count":1,"latency":0.001209742,"error":"Get \"http://localhost:3000/health\": dial tcp 127.0.0.1:3000: connect: connection refused"}
{"level":"info","ts":1779017710.0780518,"msg":"health_check_success","server":"2","status_code":200,"latency":0.002406738}
{"level":"info","ts":1779017714.074541,"msg":"health_check_started","server":"1"}
{"level":"info","ts":1779017714.0745604,"msg":"health_check_started","server":"3"}
{"level":"info","ts":1779017714.0745764,"msg":"health_check_started","server":"2"}
{"level":"error","ts":1779017714.0754144,"msg":"health_check_failed","server":"1","url":"http://localhost:3000","fail_count":2,"latency":0.00088919,"error":"Get \"http://localhost:3000/health\": dial tcp 127.0.0.1:3000: connect: connection refused"}
{"level":"info","ts":1779017714.0763378,"msg":"health_check_success","server":"3","status_code":200,"latency":0.00178075}
{"level":"info","ts":1779017714.0767229,"msg":"health_check_success","server":"2","status_code":200,"latency":0.002153594}
{"level":"info","ts":1779017720.3922772,"msg":"health_check_started","server":"3"}
{"level":"info","ts":1779017720.392348,"msg":"health_check_started","server":"1"}
{"level":"info","ts":1779017720.392356,"msg":"health_check_started","server":"2"}
{"level":"info","ts":1779017720.394369,"msg":"health_check_success","server":"3","status_code":200,"latency":0.002098691}
{"level":"info","ts":1779017720.3954482,"msg":"health_check_success","server":"2","status_code":200,"latency":0.003092889}
{"level":"error","ts":1779017720.3945162,"msg":"health_check_failed","server":"1","url":"http://localhost:3000","fail_count":3,"latency":0.002173988,"error":"Get \"http://localhost:3000/health\": dial tcp 127.0.0.1:3000: connect: connection refused"}
{"level":"info","ts":1779017724.3917012,"msg":"health_check_started","server":"3"}
{"level":"info","ts":1779017724.39183,"msg":"health_check_started","server":"1"}
{"level":"info","ts":1779017724.3918433,"msg":"health_check_started","server":"2"}
{"level":"info","ts":1779017724.3931592,"msg":"health_check_success","server":"3","status_code":200,"latency":0.001464564}
{"level":"error","ts":1779017724.393213,"msg":"health_check_failed","server":"1","url":"http://localhost:3000","fail_count":4,"latency":0.001395744,"error":"Get \"http://localhost:3000/health\": dial tcp 127.0.0.1:3000: connect: connection refused"}
{"level":"info","ts":1779017724.3941534,"msg":"health_check_success","server":"2","status_code":200,"latency":0.002310012}
{"level":"info","ts":1779017728.391153,"msg":"health_check_started","server":"3"}
{"level":"info","ts":1779017728.3913023,"msg":"health_check_started","server":"1"}
{"level":"info","ts":1779017728.3914113,"msg":"health_check_started","server":"2"}
{"level":"error","ts":1779017728.3929057,"msg":"health_check_failed","server":"1","url":"http://localhost:3000","fail_count":5,"latency":0.001618329,"error":"Get \"http://localhost:3000/health\": dial tcp 127.0.0.1:3000: connect: connection refused"}
{"level":"info","ts":1779017728.3930573,"msg":"health_check_success","server":"3","status_code":200,"latency":0.001908509}
{"level":"info","ts":1779017728.393954,"msg":"health_check_success","server":"2","status_code":200,"latency":0.00258884}
{"level":"info","ts":1779017732.3920681,"msg":"health_check_started","server":"3"}
{"level":"info","ts":1779017732.3921795,"msg":"health_check_started","server":"1"}
{"level":"info","ts":1779017732.392389,"msg":"health_check_started","server":"2"}
{"level":"info","ts":1779017732.393329,"msg":"health_check_success","server":"3","status_code":200,"latency":0.001270361}
{"level":"error","ts":1779017732.3936775,"msg":"health_check_failed","server":"1","url":"http://localhost:3000","fail_count":6,"latency":0.001506095,"error":"Get \"http://localhost:3000/health\": dial tcp 127.0.0.1:3000: connect: connection refused"}
{"level":"info","ts":1779017732.3944025,"msg":"health_check_success","server":"2","status_code":200,"latency":0.002020974}
{"level":"info","ts":1779017736.3916786,"msg":"health_check_started","server":"3"}
{"level":"info","ts":1779017736.3918264,"msg":"health_check_started","server":"1"}
{"level":"info","ts":1779017736.3918478,"msg":"health_check_started","server":"2"}
{"level":"info","ts":1779017736.3932114,"msg":"health_check_success","server":"3","status_code":200,"latency":0.00154776}
{"level":"error","ts":1779017736.3932326,"msg":"health_check_failed","server":"1","url":"http://localhost:3000","fail_count":7,"latency":0.001423641,"error":"Get \"http://localhost:3000/health\": dial tcp 127.0.0.1:3000: connect: connection refused"}
{"level":"info","ts":1779017736.394124,"msg":"health_check_success","server":"2","status_code":200,"latency":0.002276882}
{"level":"info","ts":1779017740.3920493,"msg":"health_check_started","server":"3"}
{"level":"info","ts":1779017740.3921363,"msg":"health_check_started","server":"1"}
{"level":"info","ts":1779017740.3921447,"msg":"health_check_started","server":"2"}
{"level":"error","ts":1779017740.3936117,"msg":"health_check_failed","server":"1","url":"http://localhost:3000","fail_count":8,"latency":0.001479816,"error":"Get \"http://localhost:3000/health\": dial tcp 127.0.0.1:3000: connect: connection refused"}
{"level":"info","ts":1779017740.3937025,"msg":"health_check_success","server":"3","status_code":200,"latency":0.001661939}
{"level":"info","ts":1779017740.3948925,"msg":"health_check_success","server":"2","status_code":200,"latency":0.002747205}
{"level":"info","ts":1779017744.391157,"msg":"health_check_started","server":"3"}
{"level":"info","ts":1779017744.3912516,"msg":"health_check_started","server":"1"}
{"level":"info","ts":1779017744.3929126,"msg":"health_check_success","server":"3","status_code":200,"latency":0.001765494}
{"level":"info","ts":1779017744.3912625,"msg":"health_check_started","server":"2"}
{"level":"error","ts":1779017744.393062,"msg":"health_check_failed","server":"1","url":"http://localhost:3000","fail_count":9,"latency":0.001813458,"error":"Get \"http://localhost:3000/health\": dial tcp 127.0.0.1:3000: connect: connection refused"}
{"level":"info","ts":1779017744.3948195,"msg":"health_check_success","server":"2","status_code":200,"latency":0.003555213}
{"level":"info","ts":1779017748.391826,"msg":"health_check_started","server":"3"}
{"level":"info","ts":1779017748.3918695,"msg":"health_check_started","server":"1"}
{"level":"info","ts":1779017748.391883,"msg":"health_check_started","server":"2"}
{"level":"info","ts":1779017748.3933744,"msg":"health_check_success","server":"3","status_code":200,"latency":0.001557511}
{"level":"error","ts":1779017748.3932562,"msg":"health_check_failed","server":"1","url":"http://localhost:3000","fail_count":10,"latency":0.001387578,"error":"Get \"http://localhost:3000/health\": dial tcp 127.0.0.1:3000: connect: connection refused"}
{"level":"info","ts":1779017748.3940861,"msg":"health_check_success","server":"2","status_code":200,"latency":0.002205807}
{"level":"error","ts":1779017750.1392467,"msg":"server_marked_unhealthy","server":"1","fail_count":10}
{"level":"info","ts":1779017752.3909721,"msg":"health_check_started","server":"3"}
{"level":"info","ts":1779017752.3910265,"msg":"health_check_started","server":"1"}
{"level":"info","ts":1779017752.3910377,"msg":"health_check_started","server":"2"}
{"level":"info","ts":1779017752.3939958,"msg":"health_check_success","server":"1","status_code":200,"latency":0.00297384}
{"level":"info","ts":1779017752.3994744,"msg":"health_check_success","server":"2","status_code":200,"latency":0.008433542}
{"level":"info","ts":1779017752.4015608,"msg":"health_check_success","server":"3","status_code":200,"latency":0.010597719}
{"level":"info","ts":1779017756.3915951,"msg":"health_check_started","server":"3"}
{"level":"info","ts":1779017756.3916917,"msg":"health_check_started","server":"1"}
{"level":"info","ts":1779017756.39297,"msg":"health_check_success","server":"3","status_code":200,"latency":0.001413367}
{"level":"info","ts":1779017756.3917022,"msg":"health_check_started","server":"2"}
{"level":"info","ts":1779017756.3936164,"msg":"health_check_success","server":"1","status_code":200,"latency":0.001922946}
{"level":"info","ts":1779017756.394232,"msg":"health_check_success","server":"2","status_code":200,"latency":0.002528487}
{"level":"info","ts":1779017760.390941,"msg":"health_check_started","server":"3"}
{"level":"info","ts":1779017760.3910315,"msg":"health_check_started","server":"1"}
{"level":"info","ts":1779017760.391041,"msg":"health_check_started","server":"2"}
{"level":"info","ts":1779017760.3924391,"msg":"health_check_success","server":"3","status_code":200,"latency":0.001499162}
{"level":"info","ts":1779017760.3934622,"msg":"health_check_success","server":"2","status_code":200,"latency":0.002420489}
{"level":"info","ts":1779017760.392995,"msg":"health_check_success","server":"1","status_code":200,"latency":0.00196504}
{"level":"info","ts":1779017764.3912966,"msg":"health_check_started","server":"3"}
{"level":"info","ts":1779017764.3914478,"msg":"health_check_started","server":"1"}
{"level":"info","ts":1779017764.3914611,"msg":"health_check_started","server":"2"}
{"level":"info","ts":1779017764.3931549,"msg":"health_check_success","server":"1","status_code":200,"latency":0.001708818}
{"level":"info","ts":1779017764.3931742,"msg":"health_check_success","server":"3","status_code":200,"latency":0.001879902}
{"level":"info","ts":1779017764.3936636,"msg":"health_check_success","server":"2","status_code":200,"latency":0.002201049}
{"level":"info","ts":1779017768.3911116,"msg":"health_check_started","server":"3"}
{"level":"info","ts":1779017768.391205,"msg":"health_check_started","server":"1"}
{"level":"info","ts":1779017768.3912146,"msg":"health_check_started","server":"2"}
{"level":"info","ts":1779017768.3928206,"msg":"health_check_success","server":"3","status_code":200,"latency":0.001708359}
{"level":"info","ts":1779017768.393009,"msg":"health_check_success","server":"1","status_code":200,"latency":0.001806433}
{"level":"info","ts":1779017768.3934398,"msg":"health_check_success","server":"2","status_code":200,"latency":0.002223778}
{"level":"info","ts":1779017772.3917882,"msg":"health_check_started","server":"3"}
{"level":"info","ts":1779017772.3918278,"msg":"health_check_started","server":"1"}
{"level":"info","ts":1779017772.3918335,"msg":"health_check_started","server":"2"}
{"level":"info","ts":1779017772.3931484,"msg":"health_check_success","server":"3","status_code":200,"latency":0.001361583}
{"level":"info","ts":1779017772.3933702,"msg":"health_check_success","server":"1","status_code":200,"latency":0.001543002}
{"level":"info","ts":1779017772.3940275,"msg":"health_check_success","server":"2","status_code":200,"latency":0.002191051}
{"level":"error","ts":1779017773.0003827,"msg":"server_marked_unhealthy","server":"1","fail_count":0}
{"level":"info","ts":1779017776.3917108,"msg":"health_check_started","server":"3"}
{"level":"info","ts":1779017776.391809,"msg":"health_check_started","server":"1"}
{"level":"info","ts":1779017776.3918152,"msg":"health_check_started","server":"2"}
{"level":"info","ts":1779017776.3931665,"msg":"health_check_success","server":"1","status_code":200,"latency":0.001359397}
{"level":"info","ts":1779017776.39295,"msg":"health_check_success","server":"3","status_code":200,"latency":0.001239095}
{"level":"info","ts":1779017776.3937998,"msg":"health_check_success","server":"2","status_code":200,"latency":0.001982359}
{"level":"info","ts":1779017780.3911648,"msg":"health_check_started","server":"3"}
{"level":"info","ts":1779017780.391319,"msg":"health_check_started","server":"1"}
{"level":"info","ts":1779017780.3930626,"msg":"health_check_success","server":"3","status_code":200,"latency":0.001899798}
{"level":"info","ts":1779017780.3913617,"msg":"health_check_started","server":"2"}
{"level":"info","ts":1779017780.3936498,"msg":"health_check_success","server":"1","status_code":200,"latency":0.002333352}
{"level":"info","ts":1779017780.3948247,"msg":"health_check_success","server":"2","status_code":200,"latency":0.003462089}
{"level":"info","ts":1779017786.5876904,"msg":"health_check_started","server":"3"}
{"level":"info","ts":1779017786.5878384,"msg":"health_check_started","server":"1"}
{"level":"info","ts":1779017786.587854,"msg":"health_check_started","server":"2"}
{"level":"info","ts":1779017786.5898447,"msg":"health_check_success","server":"1","status_code":200,"latency":0.002011244}
{"level":"info","ts":1779017786.590288,"msg":"health_check_success","server":"2","status_code":200,"latency":0.00243359}
{"level":"info","ts":1779017786.5896857,"msg":"health_check_success","server":"3","status_code":200,"latency":0.001996591}
{"level":"info","ts":1779017790.5881774,"msg":"health_check_started","server":"3"}
{"level":"info","ts":1779017790.5882473,"msg":"health_check_started","server":"1"}
{"level":"info","ts":1779017790.589326,"msg":"health_check_success","server":"3","status_code":200,"latency":0.001148658}
{"level":"info","ts":1779017790.5897825,"msg":"health_check_success","server":"1","status_code":200,"latency":0.001535868}
{"level":"info","ts":1779017790.588254,"msg":"health_check_started","server":"2"}
{"level":"info","ts":1779017790.5911074,"msg":"health_check_success","server":"2","status_code":200,"latency":0.002850626}
{"level":"info","ts":1779017794.5878701,"msg":"health_check_started","server":"3"}
{"level":"info","ts":1779017794.587973,"msg":"health_check_started","server":"1"}
{"level":"info","ts":1779017794.5879848,"msg":"health_check_started","server":"2"}
{"level":"info","ts":1779017794.589555,"msg":"health_check_success","server":"3","status_code":200,"latency":0.001686417}
{"level":"info","ts":1779017794.5899317,"msg":"health_check_success","server":"1","status_code":200,"latency":0.001960959}
{"level":"info","ts":1779017794.5906546,"msg":"health_check_success","server":"2","status_code":200,"latency":0.002668346}
{"level":"info","ts":1779017798.5876806,"msg":"health_check_started","server":"3"}
{"level":"info","ts":1779017798.5877135,"msg":"health_check_started","server":"1"}
{"level":"info","ts":1779017798.5877206,"msg":"health_check_started","server":"2"}
{"level":"info","ts":1779017798.5892928,"msg":"health_check_success","server":"3","status_code":200,"latency":0.001613092}
{"level":"info","ts":1779017798.5896256,"msg":"health_check_success","server":"2","status_code":200,"latency":0.001904125}
{"level":"info","ts":1779017798.5893238,"msg":"health_check_success","server":"1","status_code":200,"latency":0.001611003}
{"level":"error","ts":1779017801.609186,"msg":"server_marked_unhealthy","server":"1","fail_count":0}
{"level":"info","ts":1779017802.5881898,"msg":"health_check_started","server":"3"}
{"level":"info","ts":1779017802.5882921,"msg":"health_check_started","server":"1"}
{"level":"info","ts":1779017802.5882978,"msg":"health_check_started","server":"2"}
{"level":"info","ts":1779017802.5919664,"msg":"health_check_success","server":"3","status_code":200,"latency":0.003777718}
{"level":"info","ts":1779017802.5932207,"msg":"health_check_success","server":"1","status_code":200,"latency":0.004928432}
{"level":"info","ts":1779017802.5947084,"msg":"health_check_success","server":"2","status_code":200,"latency":0.006408836}
{"level":"error","ts":1779017803.3451786,"msg":"server_marked_unhealthy","server":"1","fail_count":0}
{"level":"error","ts":1779017805.9853199,"msg":"server_marked_unhealthy","server":"1","fail_count":0}
{"level":"info","ts":1779017806.588456,"msg":"health_check_started","server":"1"}
{"level":"info","ts":1779017806.5884466,"msg":"health_check_started","server":"3"}
{"level":"info","ts":1779017806.5885174,"msg":"health_check_started","server":"2"}
{"level":"info","ts":1779017806.5902739,"msg":"health_check_success","server":"1","status_code":200,"latency":0.001817133}
{"level":"info","ts":1779017806.5902781,"msg":"health_check_success","server":"3","status_code":200,"latency":0.00183271}
{"level":"info","ts":1779017806.590992,"msg":"health_check_success","server":"2","status_code":200,"latency":0.002475003}
{"level":"error","ts":1779017807.1893256,"msg":"server_marked_unhealthy","server":"1","fail_count":0}
{"level":"error","ts":1779017808.245381,"msg":"server_marked_unhealthy","server":"1","fail_count":0}
{"level":"error","ts":1779017809.0372925,"msg":"server_marked_unhealthy","server":"1","fail_count":0}
{"level":"info","ts":1779017810.5887604,"msg":"health_check_started","server":"3"}
{"level":"info","ts":1779017810.5888326,"msg":"health_check_started","server":"1"}
{"level":"info","ts":1779017810.5888386,"msg":"health_check_started","server":"2"}
{"level":"info","ts":1779017810.5932813,"msg":"health_check_success","server":"3","status_code":200,"latency":0.004520312}
{"level":"info","ts":1779017810.5935695,"msg":"health_check_success","server":"2","status_code":200,"latency":0.004730145}
{"level":"info","ts":1779017810.5945342,"msg":"health_check_success","server":"1","status_code":200,"latency":0.005701887}
{"level":"info","ts":1779017814.5887685,"msg":"health_check_started","server":"3"}
{"level":"info","ts":1779017814.588839,"msg":"health_check_started","server":"1"}
{"level":"info","ts":1779017814.588845,"msg":"health_check_started","server":"2"}
{"level":"info","ts":1779017814.5900283,"msg":"health_check_success","server":"3","status_code":200,"latency":0.001261634}
{"level":"info","ts":1779017814.5906832,"msg":"health_check_success","server":"2","status_code":200,"latency":0.001837424}
{"level":"info","ts":1779017814.5903692,"msg":"health_check_success","server":"1","status_code":200,"latency":0.001530894}
{"level":"info","ts":1779017820.3379927,"msg":"health_check_started","server":"3"}
{"level":"info","ts":1779017820.3381033,"msg":"health_check_started","server":"1"}
{"level":"info","ts":1779017820.3381143,"msg":"health_check_started","server":"2"}
{"level":"info","ts":1779017820.3397787,"msg":"health_check_success","server":"1","status_code":200,"latency":0.001677475}
{"level":"info","ts":1779017820.3394575,"msg":"health_check_success","server":"3","status_code":200,"latency":0.001496014}
{"level":"info","ts":1779017820.3437212,"msg":"health_check_success","server":"2","status_code":200,"latency":0.005604982}
{"level":"info","ts":1779017824.3379343,"msg":"health_check_started","server":"2"}
{"level":"info","ts":1779017824.3380108,"msg":"health_check_started","server":"3"}
{"level":"info","ts":1779017824.3380172,"msg":"health_check_started","server":"1"}
{"level":"error","ts":1779017824.339011,"msg":"health_check_failed","server":"2","url":"http://localhost:3001","fail_count":1,"latency":0.001079018,"error":"Get \"http://localhost:3001/health\": dial tcp 127.0.0.1:3001: connect: connection refused"}
{"level":"info","ts":1779017824.3395636,"msg":"health_check_success","server":"3","status_code":200,"latency":0.001552004}
{"level":"info","ts":1779017824.3399708,"msg":"health_check_success","server":"1","status_code":200,"latency":0.001952526}
{"level":"info","ts":1779017828.3379261,"msg":"health_check_started","server":"3"}
{"level":"info","ts":1779017828.3380136,"msg":"health_check_started","server":"1"}
{"level":"info","ts":1779017828.3380232,"msg":"health_check_started","server":"2"}
{"level":"info","ts":1779017828.3402417,"msg":"health_check_success","server":"1","status_code":200,"latency":0.00222917}
{"level":"info","ts":1779017828.3398933,"msg":"health_check_success","server":"3","status_code":200,"latency":0.001967812}
{"level":"error","ts":1779017828.340472,"msg":"health_check_failed","server":"2","url":"http://localhost:3001","fail_count":2,"latency":0.002447733,"error":"Get \"http://localhost:3001/health\": dial tcp 127.0.0.1:3001: connect: connection refused"}
{"level":"info","ts":1779017832.3382351,"msg":"health_check_started","server":"3"}
{"level":"info","ts":1779017832.3383427,"msg":"health_check_started","server":"1"}
{"level":"info","ts":1779017832.3383534,"msg":"health_check_started","server":"2"}
{"level":"info","ts":1779017832.3398514,"msg":"health_check_success","server":"3","status_code":200,"latency":0.001617999}
{"level":"error","ts":1779017832.3402102,"msg":"health_check_failed","server":"2","url":"http://localhost:3001","fail_count":3,"latency":0.001856859,"error":"Get \"http://localhost:3001/health\": dial tcp 127.0.0.1:3001: connect: connection refused"}
{"level":"info","ts":1779017832.340079,"msg":"health_check_success","server":"1","status_code":200,"latency":0.001740105}
{"level":"info","ts":1779017836.3381011,"msg":"health_check_started","server":"3"}
{"level":"info","ts":1779017836.338172,"msg":"health_check_started","server":"1"}
{"level":"info","ts":1779017836.3381786,"msg":"health_check_started","server":"2"}
{"level":"info","ts":1779017836.3399696,"msg":"health_check_success","server":"1","status_code":200,"latency":0.001796538}
{"level":"error","ts":1779017836.340617,"msg":"health_check_failed","server":"2","url":"http://localhost:3001","fail_count":4,"latency":0.002128065,"error":"Get \"http://localhost:3001/health\": dial tcp 127.0.0.1:3001: connect: connection refused"}
{"level":"info","ts":1779017836.3396614,"msg":"health_check_success","server":"3","status_code":200,"latency":0.001562128}
{"level":"info","ts":1779017840.3376231,"msg":"health_check_started","server":"3"}
{"level":"info","ts":1779017840.3377016,"msg":"health_check_started","server":"1"}
{"level":"info","ts":1779017840.3388233,"msg":"health_check_success","server":"3","status_code":200,"latency":0.001235255}
{"level":"info","ts":1779017840.3377085,"msg":"health_check_started","server":"2"}
{"level":"info","ts":1779017840.3394203,"msg":"health_check_success","server":"1","status_code":200,"latency":0.001707305}
{"level":"error","ts":1779017840.33978,"msg":"health_check_failed","server":"2","url":"http://localhost:3001","fail_count":5,"latency":0.002072435,"error":"Get \"http://localhost:3001/health\": dial tcp 127.0.0.1:3001: connect: connection refused"}
{"level":"info","ts":1779017844.3377721,"msg":"health_check_started","server":"3"}
{"level":"info","ts":1779017844.3379202,"msg":"health_check_started","server":"1"}
{"level":"info","ts":1779017844.3379335,"msg":"health_check_started","server":"2"}
{"level":"info","ts":1779017844.3397334,"msg":"health_check_success","server":"3","status_code":200,"latency":0.001971588}
{"level":"info","ts":1779017844.3398504,"msg":"health_check_success","server":"1","status_code":200,"latency":0.001974789}
{"level":"error","ts":1779017844.339863,"msg":"health_check_failed","server":"2","url":"http://localhost:3001","fail_count":6,"latency":0.001941234,"error":"Get \"http://localhost:3001/health\": dial tcp 127.0.0.1:3001: connect: connection refused"}
{"level":"info","ts":1779017848.3377361,"msg":"health_check_started","server":"3"}
{"level":"info","ts":1779017848.3377948,"msg":"health_check_started","server":"1"}
{"level":"info","ts":1779017848.3378026,"msg":"health_check_started","server":"2"}
{"level":"info","ts":1779017848.3390307,"msg":"health_check_success","server":"3","status_code":200,"latency":0.001304766}
{"level":"info","ts":1779017848.3393154,"msg":"health_check_success","server":"1","status_code":200,"latency":0.001526318}
{"level":"error","ts":1779017848.3392658,"msg":"health_check_failed","server":"2","url":"http://localhost:3001","fail_count":7,"latency":0.001463702,"error":"Get \"http://localhost:3001/health\": dial tcp 127.0.0.1:3001: connect: connection refused"}
{"level":"info","ts":1779017854.7374105,"msg":"health_check_started","server":"3"}
{"level":"info","ts":1779017854.7375247,"msg":"health_check_started","server":"1"}
{"level":"info","ts":1779017854.7391279,"msg":"health_check_success","server":"3","status_code":200,"latency":0.001758838}
{"level":"info","ts":1779017854.7375374,"msg":"health_check_started","server":"2"}
{"level":"info","ts":1779017854.7397885,"msg":"health_check_success","server":"1","status_code":200,"latency":0.002273324}
{"level":"error","ts":1779017854.7401292,"msg":"health_check_failed","server":"2","url":"http://localhost:3001","fail_count":8,"latency":0.002592858,"error":"Get \"http://localhost:3001/health\": dial tcp 127.0.0.1:3001: connect: connection refused"}
{"level":"info","ts":1779017858.737852,"msg":"health_check_started","server":"3"}
{"level":"info","ts":1779017858.7379391,"msg":"health_check_started","server":"1"}
{"level":"info","ts":1779017858.7379456,"msg":"health_check_started","server":"2"}
{"level":"info","ts":1779017858.7395804,"msg":"health_check_success","server":"1","status_code":200,"latency":0.001641378}
{"level":"error","ts":1779017858.739969,"msg":"health_check_failed","server":"2","url":"http://localhost:3001","fail_count":9,"latency":0.002022581,"error":"Get \"http://localhost:3001/health\": dial tcp 127.0.0.1:3001: connect: connection refused"}
{"level":"info","ts":1779017858.7392163,"msg":"health_check_success","server":"3","status_code":200,"latency":0.001403109}
{"level":"error","ts":1779017862.286578,"msg":"server_marked_unhealthy","server":"2","fail_count":9}
{"level":"info","ts":1779017862.7372248,"msg":"health_check_started","server":"3"}
{"level":"info","ts":1779017862.7373085,"msg":"health_check_started","server":"1"}
{"level":"info","ts":1779017862.7373145,"msg":"health_check_started","server":"2"}
{"level":"info","ts":1779017862.7411397,"msg":"health_check_success","server":"3","status_code":200,"latency":0.003915398}
{"level":"info","ts":1779017862.7424333,"msg":"health_check_success","server":"1","status_code":200,"latency":0.005124692}
{"level":"info","ts":1779017862.7450476,"msg":"health_check_success","server":"2","status_code":200,"latency":0.007731151}
{"level":"info","ts":1779017866.7373261,"msg":"health_check_started","server":"3"}
{"level":"info","ts":1779017866.7374485,"msg":"health_check_started","server":"1"}
{"level":"info","ts":1779017866.73746,"msg":"health_check_started","server":"2"}
{"level":"info","ts":1779017866.739541,"msg":"health_check_success","server":"3","status_code":200,"latency":0.002216296}
{"level":"info","ts":1779017866.739773,"msg":"health_check_success","server":"1","status_code":200,"latency":0.002326019}
{"level":"info","ts":1779017866.74007,"msg":"health_check_success","server":"2","status_code":200,"latency":0.002608626}
{"level":"info","ts":1779017870.7377043,"msg":"health_check_started","server":"3"}
{"level":"info","ts":1779017870.737846,"msg":"health_check_started","server":"1"}
{"level":"info","ts":1779017870.737857,"msg":"health_check_started","server":"2"}
{"level":"info","ts":1779017870.7392092,"msg":"health_check_success","server":"3","status_code":200,"latency":0.00150544}
{"level":"info","ts":1779017870.7396429,"msg":"health_check_success","server":"1","status_code":200,"latency":0.00179957}
{"level":"info","ts":1779017870.7401154,"msg":"health_check_success","server":"2","status_code":200,"latency":0.002256167}
{"level":"info","ts":1779017874.7378798,"msg":"health_check_started","server":"3"}
{"level":"info","ts":1779017874.7379975,"msg":"health_check_started","server":"1"}
{"level":"info","ts":1779017874.7380147,"msg":"health_check_started","server":"2"}
{"level":"info","ts":1779017874.7398875,"msg":"health_check_success","server":"1","status_code":200,"latency":0.001889987}
{"level":"info","ts":1779017874.739396,"msg":"health_check_success","server":"3","status_code":200,"latency":0.001523484}
{"level":"info","ts":1779017874.7405949,"msg":"health_check_success","server":"2","status_code":200,"latency":0.002587382}
{"level":"info","ts":1779017878.737618,"msg":"health_check_started","server":"3"}
{"level":"info","ts":1779017878.7377243,"msg":"health_check_started","server":"1"}
{"level":"info","ts":1779017878.737736,"msg":"health_check_started","server":"2"}
{"level":"info","ts":1779017878.73925,"msg":"health_check_success","server":"3","status_code":200,"latency":0.001633898}
{"level":"info","ts":1779017878.740109,"msg":"health_check_success","server":"2","status_code":200,"latency":0.002371518}
{"level":"info","ts":1779017878.7395864,"msg":"health_check_success","server":"1","status_code":200,"latency":0.001865465}
{"level":"error","ts":1779017881.540258,"msg":"server_marked_unhealthy","server":"2","fail_count":0}
{"level":"info","ts":1779017882.7373228,"msg":"health_check_started","server":"3"}
{"level":"info","ts":1779017882.737428,"msg":"health_check_started","server":"1"}
{"level":"info","ts":1779017882.737434,"msg":"health_check_started","server":"2"}
{"level":"info","ts":1779017882.741494,"msg":"health_check_success","server":"1","status_code":200,"latency":0.004065264}
{"level":"info","ts":1779017882.7424092,"msg":"health_check_success","server":"3","status_code":200,"latency":0.005087039}
{"level":"info","ts":1779017882.742908,"msg":"health_check_success","server":"2","status_code":200,"latency":0.005472992}
{"level":"info","ts":1779017888.9763885,"msg":"health_check_started","server":"3"}
{"level":"info","ts":1779017888.976418,"msg":"health_check_started","server":"1"}
{"level":"info","ts":1779017888.9764247,"msg":"health_check_started","server":"2"}
{"level":"info","ts":1779017888.978161,"msg":"health_check_success","server":"1","status_code":200,"latency":0.001743966}
{"level":"info","ts":1779017888.9777606,"msg":"health_check_success","server":"3","status_code":200,"latency":0.001373211}
{"level":"info","ts":1779017888.9789052,"msg":"health_check_success","server":"2","status_code":200,"latency":0.002477958}
{"level":"info","ts":1779017892.9752202,"msg":"health_check_started","server":"3"}
{"level":"info","ts":1779017892.9753842,"msg":"health_check_started","server":"1"}
{"level":"info","ts":1779017892.975391,"msg":"health_check_started","server":"2"}
{"level":"info","ts":1779017892.9770687,"msg":"health_check_success","server":"1","status_code":200,"latency":0.001686162}
{"level":"info","ts":1779017892.9767709,"msg":"health_check_success","server":"3","status_code":200,"latency":0.00155272}
{"level":"info","ts":1779017892.977791,"msg":"health_check_success","server":"2","status_code":200,"latency":0.002397686}
{"level":"info","ts":1779017896.975394,"msg":"health_check_started","server":"3"}
{"level":"info","ts":1779017896.9755123,"msg":"health_check_started","server":"1"}
{"level":"info","ts":1779017896.9755259,"msg":"health_check_started","server":"2"}
{"level":"info","ts":1779017896.9772978,"msg":"health_check_success","server":"1","status_code":200,"latency":0.001788749}
{"level":"info","ts":1779017896.976937,"msg":"health_check_success","server":"3","status_code":200,"latency":0.001573894}
{"level":"info","ts":1779017896.9779098,"msg":"health_check_success","server":"2","status_code":200,"latency":0.002382671}
{"level":"info","ts":1779017900.9761505,"msg":"health_check_started","server":"3"}
{"level":"info","ts":1779017900.9762316,"msg":"health_check_started","server":"1"}
{"level":"info","ts":1779017900.9762378,"msg":"health_check_started","server":"2"}
{"level":"info","ts":1779017900.9777658,"msg":"health_check_success","server":"1","status_code":200,"latency":0.001534906}
{"level":"info","ts":1779017900.9782705,"msg":"health_check_success","server":"2","status_code":200,"latency":0.002031639}
{"level":"info","ts":1779017900.9774241,"msg":"health_check_success","server":"3","status_code":200,"latency":0.001274262}
{"level":"error","ts":1779017901.366626,"msg":"server_marked_unhealthy","server":"2","fail_count":0}
{"level":"error","ts":1779017902.576908,"msg":"server_marked_unhealthy","server":"2","fail_count":0}
{"level":"error","ts":1779017903.6887832,"msg":"server_marked_unhealthy","server":"2","fail_count":0}
{"level":"info","ts":1779017904.9754,"msg":"health_check_started","server":"3"}
{"level":"info","ts":1779017904.9754784,"msg":"health_check_started","server":"1"}
{"level":"info","ts":1779017904.9754848,"msg":"health_check_started","server":"2"}
{"level":"info","ts":1779017904.9787192,"msg":"health_check_success","server":"3","status_code":200,"latency":0.00331891}
{"level":"info","ts":1779017904.9800308,"msg":"health_check_success","server":"1","status_code":200,"latency":0.004552014}
{"level":"info","ts":1779017904.9807065,"msg":"health_check_success","server":"2","status_code":200,"latency":0.00521997}
{"level":"error","ts":1779017906.275064,"msg":"server_marked_unhealthy","server":"2","fail_count":0}
{"level":"info","ts":1779017908.9760828,"msg":"health_check_started","server":"3"}
{"level":"info","ts":1779017908.976257,"msg":"health_check_started","server":"1"}
{"level":"info","ts":1779017908.976268,"msg":"health_check_started","server":"2"}
{"level":"info","ts":1779017908.977652,"msg":"health_check_success","server":"3","status_code":200,"latency":0.001569695}
{"level":"info","ts":1779017908.977746,"msg":"health_check_success","server":"1","status_code":200,"latency":0.001491571}
{"level":"info","ts":1779017908.9783216,"msg":"health_check_success","server":"2","status_code":200,"latency":0.002052114}
{"level":"info","ts":1779017912.9753203,"msg":"health_check_started","server":"3"}
{"level":"info","ts":1779017912.975468,"msg":"health_check_started","server":"1"}
{"level":"info","ts":1779017912.977306,"msg":"health_check_success","server":"3","status_code":200,"latency":0.002032429}
{"level":"info","ts":1779017912.975483,"msg":"health_check_started","server":"2"}
{"level":"info","ts":1779017912.9781055,"msg":"health_check_success","server":"1","status_code":200,"latency":0.002641785}
{"level":"info","ts":1779017912.9789093,"msg":"health_check_success","server":"2","status_code":200,"latency":0.003424529}
{"level":"info","ts":1779017916.9754415,"msg":"health_check_started","server":"3"}
{"level":"info","ts":1779017916.9755719,"msg":"health_check_started","server":"1"}
{"level":"info","ts":1779017916.9755828,"msg":"health_check_started","server":"2"}
{"level":"info","ts":1779017916.977225,"msg":"health_check_success","server":"3","status_code":200,"latency":0.001782448}
{"level":"info","ts":1779017916.9776149,"msg":"health_check_success","server":"1","status_code":200,"latency":0.002045972}
{"level":"info","ts":1779017916.9779797,"msg":"health_check_success","server":"2","status_code":200,"latency":0.002396218}
{"level":"info","ts":1779017923.4918034,"msg":"health_check_started","server":"3"}
{"level":"info","ts":1779017923.4919324,"msg":"health_check_started","server":"1"}
{"level":"info","ts":1779017923.4919431,"msg":"health_check_started","server":"2"}
{"level":"info","ts":1779017923.4934542,"msg":"health_check_success","server":"3","status_code":200,"latency":0.001651213}
{"level":"info","ts":1779017923.4942155,"msg":"health_check_success","server":"2","status_code":200,"latency":0.002271243}
{"level":"info","ts":1779017923.494227,"msg":"health_check_success","server":"1","status_code":200,"latency":0.00229323}
{"level":"info","ts":1779017927.4920723,"msg":"health_check_started","server":"3"}
{"level":"info","ts":1779017927.4921892,"msg":"health_check_started","server":"1"}
{"level":"info","ts":1779017927.4937873,"msg":"health_check_success","server":"3","status_code":200,"latency":0.001676364}
{"level":"info","ts":1779017927.4922023,"msg":"health_check_started","server":"2"}
{"level":"info","ts":1779017927.494282,"msg":"health_check_success","server":"1","status_code":200,"latency":0.00209589}
{"level":"info","ts":1779017927.495908,"msg":"health_check_success","server":"2","status_code":200,"latency":0.003704834}
{"level":"info","ts":1779017931.492238,"msg":"health_check_started","server":"3"}
{"level":"info","ts":1779017931.4924188,"msg":"health_check_started","server":"1"}
{"level":"info","ts":1779017931.4924586,"msg":"health_check_started","server":"2"}
{"level":"info","ts":1779017931.4938407,"msg":"health_check_success","server":"3","status_code":200,"latency":0.00160319}
{"level":"info","ts":1779017931.4948342,"msg":"health_check_success","server":"2","status_code":200,"latency":0.002374311}
{"level":"info","ts":1779017931.4945436,"msg":"health_check_success","server":"1","status_code":200,"latency":0.002127232}
{"level":"info","ts":1779017935.4914758,"msg":"health_check_started","server":"3"}
{"level":"info","ts":1779017935.4915752,"msg":"health_check_started","server":"1"}
{"level":"info","ts":1779017935.491586,"msg":"health_check_started","server":"2"}
{"level":"info","ts":1779017935.4937382,"msg":"health_check_success","server":"1","status_code":200,"latency":0.002164986}
{"level":"info","ts":1779017935.4930437,"msg":"health_check_success","server":"3","status_code":200,"latency":0.001567001}
{"level":"info","ts":1779017935.4942894,"msg":"health_check_success","server":"2","status_code":200,"latency":0.002701808}
{"level":"info","ts":1779017939.4920933,"msg":"health_check_started","server":"3"}
{"level":"info","ts":1779017939.492202,"msg":"health_check_started","server":"1"}
{"level":"info","ts":1779017939.4935617,"msg":"health_check_success","server":"3","status_code":200,"latency":0.001469185}
{"level":"info","ts":1779017939.4922135,"msg":"health_check_started","server":"2"}
{"level":"info","ts":1779017939.4942691,"msg":"health_check_success","server":"1","status_code":200,"latency":0.002069627}
{"level":"info","ts":1779017939.4949136,"msg":"health_check_success","server":"2","status_code":200,"latency":0.002698901}
{"level":"info","ts":1779017943.4924014,"msg":"health_check_started","server":"3"}
{"level":"info","ts":1779017943.492478,"msg":"health_check_started","server":"1"}
{"level":"info","ts":1779017943.4936748,"msg":"health_check_success","server":"3","status_code":200,"latency":0.001281849}
{"level":"info","ts":1779017943.494074,"msg":"health_check_success","server":"1","status_code":200,"latency":0.001596674}
{"level":"info","ts":1779017943.492484,"msg":"health_check_started","server":"2"}
{"level":"info","ts":1779017943.4957786,"msg":"health_check_success","server":"2","status_code":200,"latency":0.003293545}
{"level":"info","ts":1779017947.4916217,"msg":"health_check_started","server":"3"}
{"level":"info","ts":1779017947.4916866,"msg":"health_check_started","server":"1"}
{"level":"info","ts":1779017947.4916945,"msg":"health_check_started","server":"2"}
{"level":"info","ts":1779017947.4929214,"msg":"health_check_success","server":"3","status_code":200,"latency":0.001300499}
{"level":"info","ts":1779017947.4936023,"msg":"health_check_success","server":"1","status_code":200,"latency":0.001915663}
{"level":"info","ts":1779017947.4936042,"msg":"health_check_success","server":"2","status_code":200,"latency":0.001909126}
{"level":"info","ts":1779017951.4919524,"msg":"health_check_started","server":"3"}
{"level":"info","ts":1779017951.4921002,"msg":"health_check_started","server":"1"}
{"level":"info","ts":1779017951.4934611,"msg":"health_check_success","server":"3","status_code":200,"latency":0.001510505}
{"level":"info","ts":1779017951.4921114,"msg":"health_check_started","server":"2"}
{"level":"info","ts":1779017951.4940886,"msg":"health_check_success","server":"1","status_code":200,"latency":0.001990433}
{"level":"info","ts":1779017951.4948828,"msg":"health_check_success","server":"2","status_code":200,"latency":0.002770261}
{"level":"info","ts":1779017955.492586,"msg":"health_check_started","server":"3"}
{"level":"info","ts":1779017955.4926674,"msg":"health_check_started","server":"1"}
{"level":"info","ts":1779017955.492674,"msg":"health_check_started","server":"2"}
{"level":"info","ts":1779017955.494134,"msg":"health_check_success","server":"3","status_code":200,"latency":0.001578932}
{"level":"info","ts":1779017955.4950554,"msg":"health_check_success","server":"1","status_code":200,"latency":0.002388121}
{"level":"info","ts":1779017955.495378,"msg":"health_check_success","server":"2","status_code":200,"latency":0.002702534}
{"level":"info","ts":1779017962.093623,"msg":"health_check_started","server":"3"}
{"level":"info","ts":1779017962.093739,"msg":"health_check_started","server":"1"}
{"level":"info","ts":1779017962.0937548,"msg":"health_check_started","server":"2"}
{"level":"info","ts":1779017962.0951984,"msg":"health_check_success","server":"3","status_code":200,"latency":0.001613275}
{"level":"info","ts":1779017962.0964022,"msg":"health_check_success","server":"2","status_code":200,"latency":0.002648496}
{"level":"info","ts":1779017962.0960155,"msg":"health_check_success","server":"1","status_code":200,"latency":0.002290281}
{"level":"info","ts":1779017966.0935478,"msg":"health_check_started","server":"3"}
{"level":"info","ts":1779017966.0936801,"msg":"health_check_started","server":"1"}
{"level":"info","ts":1779017966.093694,"msg":"health_check_started","server":"2"}
{"level":"info","ts":1779017966.0951278,"msg":"health_check_success","server":"1","status_code":200,"latency":0.001457103}
{"level":"info","ts":1779017966.0948439,"msg":"health_check_success","server":"3","status_code":200,"latency":0.001342653}
{"level":"info","ts":1779017966.0958517,"msg":"health_check_success","server":"2","status_code":200,"latency":0.002157875}
{"level":"info","ts":1779017970.0933506,"msg":"health_check_started","server":"3"}
{"level":"info","ts":1779017970.09349,"msg":"health_check_started","server":"1"}
{"level":"info","ts":1779017970.0947232,"msg":"health_check_success","server":"3","status_code":200,"latency":0.001409586}
{"level":"info","ts":1779017970.0935028,"msg":"health_check_started","server":"2"}
{"level":"info","ts":1779017970.09528,"msg":"health_check_success","server":"1","status_code":200,"latency":0.001801292}
{"level":"info","ts":1779017970.0960298,"msg":"health_check_success","server":"2","status_code":200,"latency":0.002528754}
{"level":"info","ts":1779017974.093241,"msg":"health_check_started","server":"3"}
{"level":"info","ts":1779017974.0933642,"msg":"health_check_started","server":"1"}
{"level":"info","ts":1779017974.093383,"msg":"health_check_started","server":"2"}
{"level":"info","ts":1779017974.0949292,"msg":"health_check_success","server":"3","status_code":200,"latency":0.001696049}
{"level":"info","ts":1779017974.095295,"msg":"health_check_success","server":"1","status_code":200,"latency":0.001940347}
{"level":"info","ts":1779017974.0955014,"msg":"health_check_success","server":"2","status_code":200,"latency":0.002119042}
{"level":"info","ts":1779017978.0940948,"msg":"health_check_started","server":"3"}
{"level":"info","ts":1779017978.094169,"msg":"health_check_started","server":"1"}
{"level":"info","ts":1779017978.0941768,"msg":"health_check_started","server":"2"}
{"level":"info","ts":1779017978.0955508,"msg":"health_check_success","server":"3","status_code":200,"latency":0.001497201}
{"level":"info","ts":1779017978.0958586,"msg":"health_check_success","server":"1","status_code":200,"latency":0.001694467}
{"level":"info","ts":1779017978.0963929,"msg":"health_check_success","server":"2","status_code":200,"latency":0.002216959}
{"level":"info","ts":1779017982.0928445,"msg":"health_check_started","server":"3"}
{"level":"info","ts":1779017982.0929444,"msg":"health_check_started","server":"1"}
{"level":"info","ts":1779017982.0946674,"msg":"health_check_success","server":"3","status_code":200,"latency":0.00186007}
{"level":"info","ts":1779017982.0929575,"msg":"health_check_started","server":"2"}
{"level":"info","ts":1779017982.0951223,"msg":"health_check_success","server":"1","status_code":200,"latency":0.002187433}
{"level":"info","ts":1779017982.0960402,"msg":"health_check_success","server":"2","status_code":200,"latency":0.003083626}
{"level":"info","ts":1779017986.0931973,"msg":"health_check_started","server":"3"}
{"level":"info","ts":1779017986.093331,"msg":"health_check_started","server":"1"}
{"level":"info","ts":1779017986.0948796,"msg":"health_check_success","server":"3","status_code":200,"latency":0.001723821}
{"level":"info","ts":1779017986.0933723,"msg":"health_check_started","server":"2"}
{"level":"info","ts":1779017986.095427,"msg":"health_check_success","server":"1","status_code":200,"latency":0.002138237}
{"level":"info","ts":1779017986.096458,"msg":"health_check_success","server":"2","status_code":200,"latency":0.003086082}
{"level":"info","ts":1779017990.093423,"msg":"health_check_started","server":"3"}
{"level":"info","ts":1779017990.0935273,"msg":"health_check_started","server":"1"}
{"level":"info","ts":1779017990.0935392,"msg":"health_check_started","server":"2"}
{"level":"info","ts":1779017990.0951385,"msg":"health_check_success","server":"1","status_code":200,"latency":0.001619663}
{"level":"info","ts":1779017990.094903,"msg":"health_check_success","server":"3","status_code":200,"latency":0.001517415}
{"level":"info","ts":1779017990.0956156,"msg":"health_check_success","server":"2","status_code":200,"latency":0.002077113}
{"level":"info","ts":1779017996.7125027,"msg":"health_check_started","server":"3"}
{"level":"info","ts":1779017996.7125914,"msg":"health_check_started","server":"1"}
{"level":"info","ts":1779017996.7125993,"msg":"health_check_started","server":"2"}
{"level":"info","ts":1779017996.7140584,"msg":"health_check_success","server":"3","status_code":200,"latency":0.001596133}
{"level":"info","ts":1779017996.7143762,"msg":"health_check_success","server":"1","status_code":200,"latency":0.001790331}
{"level":"info","ts":1779017996.7147622,"msg":"health_check_success","server":"2","status_code":200,"latency":0.002163646}
{"level":"info","ts":1779018000.7108912,"msg":"health_check_started","server":"3"}
{"level":"info","ts":1779018000.7110229,"msg":"health_check_started","server":"1"}
{"level":"info","ts":1779018000.7125316,"msg":"health_check_success","server":"3","status_code":200,"latency":0.001677188}
{"level":"info","ts":1779018000.713041,"msg":"health_check_success","server":"1","status_code":200,"latency":0.002028396}
{"level":"info","ts":1779018000.7110353,"msg":"health_check_started","server":"2"}
{"level":"info","ts":1779018000.7147665,"msg":"health_check_success","server":"2","status_code":200,"latency":0.003731588}
{"level":"info","ts":1779018004.7110133,"msg":"health_check_started","server":"3"}
{"level":"info","ts":1779018004.7111118,"msg":"health_check_started","server":"1"}
{"level":"info","ts":1779018004.7111251,"msg":"health_check_started","server":"2"}
{"level":"info","ts":1779018004.7128034,"msg":"health_check_success","server":"1","status_code":200,"latency":0.001699859}
{"level":"info","ts":1779018004.7124765,"msg":"health_check_success","server":"3","status_code":200,"latency":0.001501133}
{"level":"info","ts":1779018004.7134159,"msg":"health_check_success","server":"2","status_code":200,"latency":0.002291023}
{"level":"info","ts":1779018008.7115657,"msg":"health_check_started","server":"3"}
{"level":"info","ts":1779018008.71163,"msg":"health_check_started","server":"1"}
{"level":"info","ts":1779018008.7116456,"msg":"health_check_started","server":"2"}
{"level":"info","ts":1779018008.712999,"msg":"health_check_success","server":"3","status_code":200,"latency":0.001450883}
{"level":"info","ts":1779018008.713195,"msg":"health_check_success","server":"1","status_code":200,"latency":0.00157889}
{"level":"info","ts":1779018008.71382,"msg":"health_check_success","server":"2","status_code":200,"latency":0.002175567}
{"level":"info","ts":1779018012.7115486,"msg":"health_check_started","server":"3"}
{"level":"info","ts":1779018012.7116401,"msg":"health_check_started","server":"1"}
{"level":"info","ts":1779018012.7116544,"msg":"health_check_started","server":"2"}
{"level":"info","ts":1779018012.7129974,"msg":"health_check_success","server":"3","status_code":200,"latency":0.001455289}
{"level":"info","ts":1779018012.7132401,"msg":"health_check_success","server":"1","status_code":200,"latency":0.001605114}
{"level":"info","ts":1779018012.7136045,"msg":"health_check_success","server":"2","status_code":200,"latency":0.001950315}
{"level":"info","ts":1779018016.7123623,"msg":"health_check_started","server":"3"}
{"level":"info","ts":1779018016.7124465,"msg":"health_check_started","server":"1"}
{"level":"info","ts":1779018016.712454,"msg":"health_check_started","server":"2"}
{"level":"info","ts":1779018016.7137594,"msg":"health_check_success","server":"3","status_code":200,"latency":0.001404469}
{"level":"info","ts":1779018016.7139,"msg":"health_check_success","server":"1","status_code":200,"latency":0.001459754}
{"level":"info","ts":1779018016.714304,"msg":"health_check_success","server":"2","status_code":200,"latency":0.001850786}
{"level":"info","ts":1779018020.7109857,"msg":"health_check_started","server":"3"}
{"level":"info","ts":1779018020.711116,"msg":"health_check_started","server":"1"}
{"level":"info","ts":1779018020.7111306,"msg":"health_check_started","server":"2"}
{"level":"info","ts":1779018020.7129543,"msg":"health_check_success","server":"1","status_code":200,"latency":0.00184972}
{"level":"info","ts":1779018020.712649,"msg":"health_check_success","server":"3","status_code":200,"latency":0.001715724}
{"level":"info","ts":1779018020.7134516,"msg":"health_check_success","server":"2","status_code":200,"latency":0.002322184}
{"level":"info","ts":1779018024.7112195,"msg":"health_check_started","server":"3"}
{"level":"info","ts":1779018024.7113206,"msg":"health_check_started","server":"1"}
{"level":"info","ts":1779018024.7126882,"msg":"health_check_success","server":"3","status_code":200,"latency":0.001506538}
{"level":"info","ts":1779018024.713121,"msg":"health_check_success","server":"1","status_code":200,"latency":0.001810683}
{"level":"info","ts":1779018024.7113345,"msg":"health_check_started","server":"2"}
{"level":"info","ts":1779018024.7148283,"msg":"health_check_success","server":"2","status_code":200,"latency":0.003495271}
{"level":"info","ts":1779018031.300463,"msg":"health_check_started","server":"3"}
{"level":"info","ts":1779018031.300615,"msg":"health_check_started","server":"1"}
{"level":"info","ts":1779018031.3006284,"msg":"health_check_started","server":"2"}
{"level":"info","ts":1779018031.3023047,"msg":"health_check_success","server":"3","status_code":200,"latency":0.001882202}
{"level":"info","ts":1779018031.3029652,"msg":"health_check_success","server":"1","status_code":200,"latency":0.00235971}
{"level":"info","ts":1779018031.3033524,"msg":"health_check_success","server":"2","status_code":200,"latency":0.002724437}
{"level":"info","ts":1779018035.3007708,"msg":"health_check_started","server":"3"}
{"level":"info","ts":1779018035.3008578,"msg":"health_check_started","server":"1"}
{"level":"info","ts":1779018035.3008692,"msg":"health_check_started","server":"2"}
{"level":"info","ts":1779018035.302287,"msg":"health_check_success","server":"3","status_code":200,"latency":0.001523563}
{"level":"info","ts":1779018035.3028214,"msg":"health_check_success","server":"1","status_code":200,"latency":0.001970796}
{"level":"info","ts":1779018035.3028197,"msg":"health_check_success","server":"2","status_code":200,"latency":0.001952478}
{"level":"info","ts":1779018039.300388,"msg":"health_check_started","server":"3"}
{"level":"info","ts":1779018039.300493,"msg":"health_check_started","server":"1"}
{"level":"info","ts":1779018039.3005059,"msg":"health_check_started","server":"2"}
{"level":"info","ts":1779018039.3018675,"msg":"health_check_success","server":"3","status_code":200,"latency":0.001486155}
{"level":"info","ts":1779018039.3022325,"msg":"health_check_success","server":"1","status_code":200,"latency":0.001747842}
{"level":"info","ts":1779018039.302631,"msg":"health_check_success","server":"2","status_code":200,"latency":0.00212548}
{"level":"info","ts":1779018043.3003063,"msg":"health_check_started","server":"3"}
{"level":"info","ts":1779018043.3004687,"msg":"health_check_started","server":"1"}
{"level":"info","ts":1779018043.3005197,"msg":"health_check_started","server":"2"}
{"level":"info","ts":1779018043.3024228,"msg":"health_check_success","server":"1","status_code":200,"latency":0.001963792}
{"level":"info","ts":1779018043.30189,"msg":"health_check_success","server":"3","status_code":200,"latency":0.001591073}
{"level":"info","ts":1779018043.3029537,"msg":"health_check_success","server":"2","status_code":200,"latency":0.002434485}
{"level":"info","ts":1779018047.3006184,"msg":"health_check_started","server":"3"}
{"level":"info","ts":1779018047.3007283,"msg":"health_check_started","server":"1"}
{"level":"info","ts":1779018047.3007414,"msg":"health_check_started","server":"2"}
{"level":"info","ts":1779018047.3024058,"msg":"health_check_success","server":"1","status_code":200,"latency":0.001686407}
{"level":"info","ts":1779018047.3020434,"msg":"health_check_success","server":"3","status_code":200,"latency":0.001432843}
{"level":"info","ts":1779018047.3029838,"msg":"health_check_success","server":"2","status_code":200,"latency":0.002244332}
{"level":"info","ts":1779018051.3008513,"msg":"health_check_started","server":"3"}
{"level":"info","ts":1779018051.3009717,"msg":"health_check_started","server":"1"}
{"level":"info","ts":1779018051.3009856,"msg":"health_check_started","server":"2"}
{"level":"info","ts":1779018051.3026564,"msg":"health_check_success","server":"3","status_code":200,"latency":0.001812144}
{"level":"info","ts":1779018051.3027847,"msg":"health_check_success","server":"1","status_code":200,"latency":0.001822572}
{"level":"info","ts":1779018051.3032315,"msg":"health_check_success","server":"2","status_code":200,"latency":0.002246808}
{"level":"info","ts":1779019552.7848017,"msg":"Load balancer started"}
{"level":"info","ts":1779019556.7886946,"msg":"health_check_started","server":"3"}
{"level":"info","ts":1779019556.7888315,"msg":"health_check_started","server":"1"}
{"level":"info","ts":1779019556.788887,"msg":"health_check_started","server":"2"}
{"level":"info","ts":1779019556.8251173,"msg":"health_check_success","server":"2","status_code":200,"latency":0.036267796}
{"level":"info","ts":1779019556.8251202,"msg":"health_check_success","server":"1","status_code":200,"latency":0.036325303}
{"level":"info","ts":1779019556.8251557,"msg":"health_check_success","server":"3","status_code":200,"latency":0.036469335}
{"level":"info","ts":1779019563.066803,"msg":"health_check_started","server":"3"}
{"level":"info","ts":1779019563.0668962,"msg":"health_check_started","server":"1"}
{"level":"info","ts":1779019563.0669339,"msg":"health_check_started","server":"2"}
{"level":"info","ts":1779019563.0699263,"msg":"health_check_success","server":"2","status_code":200,"latency":0.002995985}
{"level":"info","ts":1779019563.0715902,"msg":"health_check_success","server":"1","status_code":200,"latency":0.004701511}
{"level":"info","ts":1779019563.0724454,"msg":"health_check_success","server":"3","status_code":200,"latency":0.005680736}
{"level":"info","ts":1779019567.066717,"msg":"health_check_started","server":"3"}
{"level":"info","ts":1779019567.0668716,"msg":"health_check_started","server":"1"}
{"level":"info","ts":1779019567.066889,"msg":"health_check_started","server":"2"}
{"level":"info","ts":1779019567.0699496,"msg":"health_check_success","server":"3","status_code":200,"latency":0.003215604}
{"level":"info","ts":1779019567.0716033,"msg":"health_check_success","server":"1","status_code":200,"latency":0.004745427}
{"level":"info","ts":1779019567.0738146,"msg":"health_check_success","server":"2","status_code":200,"latency":0.006931034}
{"level":"info","ts":1779019571.0673838,"msg":"health_check_started","server":"3"}
{"level":"info","ts":1779019571.0674188,"msg":"health_check_started","server":"1"}
{"level":"info","ts":1779019571.0674274,"msg":"health_check_started","server":"2"}
{"level":"info","ts":1779019571.0692992,"msg":"health_check_success","server":"3","status_code":200,"latency":0.001926393}
{"level":"info","ts":1779019571.0696504,"msg":"health_check_success","server":"1","status_code":200,"latency":0.002237632}
{"level":"info","ts":1779019571.0702884,"msg":"health_check_success","server":"2","status_code":200,"latency":0.002860739}
{"level":"info","ts":1779019575.0674953,"msg":"health_check_started","server":"2"}
{"level":"info","ts":1779019575.0674949,"msg":"health_check_started","server":"3"}
{"level":"info","ts":1779019575.0675318,"msg":"health_check_started","server":"1"}
{"level":"info","ts":1779019575.0705483,"msg":"health_check_success","server":"1","status_code":200,"latency":0.003019819}
{"level":"info","ts":1779019575.0714498,"msg":"health_check_success","server":"3","status_code":200,"latency":0.003963603}
{"level":"info","ts":1779019575.0719707,"msg":"health_check_success","server":"2","status_code":200,"latency":0.004518096}
{"level":"info","ts":1779019579.0675316,"msg":"health_check_started","server":"3"}
{"level":"info","ts":1779019579.0676038,"msg":"health_check_started","server":"1"}
{"level":"info","ts":1779019579.0676165,"msg":"health_check_started","server":"2"}
{"level":"info","ts":1779019579.0688365,"msg":"health_check_success","server":"3","status_code":200,"latency":0.001359384}
{"level":"info","ts":1779019579.0692282,"msg":"health_check_success","server":"1","status_code":200,"latency":0.001629066}
{"level":"info","ts":1779019579.0701108,"msg":"health_check_success","server":"2","status_code":200,"latency":0.002494221}
{"level":"info","ts":1779019583.0674167,"msg":"health_check_started","server":"3"}
{"level":"info","ts":1779019583.0676925,"msg":"health_check_started","server":"1"}
{"level":"info","ts":1779019583.06787,"msg":"health_check_started","server":"2"}
{"level":"info","ts":1779019583.070973,"msg":"health_check_success","server":"3","status_code":200,"latency":0.003588102}
{"level":"info","ts":1779019583.0734477,"msg":"health_check_success","server":"1","status_code":200,"latency":0.005804672}
{"level":"info","ts":1779019583.074023,"msg":"health_check_success","server":"2","status_code":200,"latency":0.006184409}
{"level":"info","ts":1779019587.0682437,"msg":"health_check_started","server":"3"}
{"level":"info","ts":1779019587.068337,"msg":"health_check_started","server":"1"}
{"level":"info","ts":1779019587.068353,"msg":"health_check_started","server":"2"}
{"level":"info","ts":1779019587.0706832,"msg":"health_check_success","server":"3","status_code":200,"latency":0.002508235}
{"level":"info","ts":1779019587.0717287,"msg":"health_check_success","server":"2","status_code":200,"latency":0.003345482}
{"level":"info","ts":1779019587.073612,"msg":"health_check_success","server":"1","status_code":200,"latency":0.005290701}
{"level":"info","ts":1779019591.0666542,"msg":"health_check_started","server":"3"}
{"level":"info","ts":1779019591.0667188,"msg":"health_check_started","server":"1"}
{"level":"info","ts":1779019591.066729,"msg":"health_check_started","server":"2"}
{"level":"info","ts":1779019591.0684657,"msg":"health_check_success","server":"3","status_code":200,"latency":0.001819493}
{"level":"info","ts":1779019591.068952,"msg":"health_check_success","server":"1","status_code":200,"latency":0.002237002}
{"level":"info","ts":1779019591.0747643,"msg":"health_check_success","server":"2","status_code":200,"latency":0.008035543}
{"level":"info","ts":1779019597.3923373,"msg":"health_check_started","server":"3"}
{"level":"info","ts":1779019597.3924673,"msg":"health_check_started","server":"1"}
{"level":"info","ts":1779019597.392482,"msg":"health_check_started","server":"2"}
{"level":"info","ts":1779019597.3944929,"msg":"health_check_success","server":"3","status_code":200,"latency":0.002163492}
{"level":"info","ts":1779019597.3970025,"msg":"health_check_success","server":"1","status_code":200,"latency":0.004548338}
{"level":"info","ts":1779019597.399895,"msg":"health_check_success","server":"2","status_code":200,"latency":0.007384851}
{"level":"info","ts":1779019601.3913789,"msg":"health_check_started","server":"3"}
{"level":"info","ts":1779019601.391575,"msg":"health_check_started","server":"1"}
{"level":"info","ts":1779019601.3916066,"msg":"health_check_started","server":"2"}
{"level":"info","ts":1779019601.3931682,"msg":"health_check_success","server":"3","status_code":200,"latency":0.001801508}
{"level":"info","ts":1779019601.3933976,"msg":"health_check_success","server":"1","status_code":200,"latency":0.001840287}
{"level":"info","ts":1779019601.3938072,"msg":"health_check_success","server":"2","status_code":200,"latency":0.002205364}
{"level":"info","ts":1779019605.3923059,"msg":"health_check_started","server":"3"}
{"level":"info","ts":1779019605.392427,"msg":"health_check_started","server":"1"}
{"level":"info","ts":1779019605.3924348,"msg":"health_check_started","server":"2"}
{"level":"info","ts":1779019605.3939064,"msg":"health_check_success","server":"3","status_code":200,"latency":0.001611978}
{"level":"info","ts":1779019605.3947294,"msg":"health_check_success","server":"1","status_code":200,"latency":0.002307131}
{"level":"info","ts":1779019605.3948467,"msg":"health_check_success","server":"2","status_code":200,"latency":0.002413196}
{"level":"info","ts":1779019609.392314,"msg":"health_check_started","server":"3"}
{"level":"info","ts":1779019609.392411,"msg":"health_check_started","server":"1"}
{"level":"info","ts":1779019609.392427,"msg":"health_check_started","server":"2"}
{"level":"info","ts":1779019609.394288,"msg":"health_check_success","server":"3","status_code":200,"latency":0.001982081}
{"level":"info","ts":1779019609.3945935,"msg":"health_check_success","server":"1","status_code":200,"latency":0.002190168}
{"level":"error","ts":1779019609.3949666,"msg":"health_check_failed","server":"2","url":"http://localhost:3001","fail_count":1,"latency":0.002540173,"error":"Get \"http://localhost:3001/health\": dial tcp 127.0.0.1:3001: connect: connection refused"}
{"level":"info","ts":1779019613.3923357,"msg":"health_check_started","server":"3"}
{"level":"info","ts":1779019613.3923955,"msg":"health_check_started","server":"1"}
{"level":"info","ts":1779019613.3924086,"msg":"health_check_started","server":"2"}
{"level":"info","ts":1779019613.3938906,"msg":"health_check_success","server":"3","status_code":200,"latency":0.001563948}
{"level":"info","ts":1779019613.3943894,"msg":"health_check_success","server":"1","status_code":200,"latency":0.002001168}
{"level":"error","ts":1779019613.3942392,"msg":"health_check_failed","server":"2","url":"http://localhost:3001","fail_count":2,"latency":0.001834992,"error":"Get \"http://localhost:3001/health\": dial tcp 127.0.0.1:3001: connect: connection refused"}
{"level":"info","ts":1779019617.3928351,"msg":"health_check_started","server":"3"}
{"level":"info","ts":1779019617.3928976,"msg":"health_check_started","server":"1"}
{"level":"info","ts":1779019617.3929098,"msg":"health_check_started","server":"2"}
{"level":"info","ts":1779019617.3945339,"msg":"health_check_success","server":"1","status_code":200,"latency":0.001643104}
{"level":"info","ts":1779019617.3942842,"msg":"health_check_success","server":"3","status_code":200,"latency":0.001459064}
{"level":"error","ts":1779019617.3950953,"msg":"health_check_failed","server":"2","url":"http://localhost:3001","fail_count":3,"latency":0.002190252,"error":"Get \"http://localhost:3001/health\": dial tcp 127.0.0.1:3001: connect: connection refused"}
{"level":"info","ts":1779019621.3922474,"msg":"health_check_started","server":"3"}
{"level":"info","ts":1779019621.3923573,"msg":"health_check_started","server":"1"}
{"level":"info","ts":1779019621.3923874,"msg":"health_check_started","server":"2"}
{"level":"info","ts":1779019621.3935056,"msg":"health_check_success","server":"3","status_code":200,"latency":0.001265952}
{"level":"error","ts":1779019621.3938456,"msg":"health_check_failed","server":"2","url":"http://localhost:3001","fail_count":4,"latency":0.001463099,"error":"Get \"http://localhost:3001/health\": dial tcp 127.0.0.1:3001: connect: connection refused"}
{"level":"info","ts":1779019621.3938992,"msg":"health_check_success","server":"1","status_code":200,"latency":0.001612822}
{"level":"info","ts":1779019625.3922555,"msg":"health_check_started","server":"3"}
{"level":"info","ts":1779019625.3923492,"msg":"health_check_started","server":"1"}
{"level":"info","ts":1779019625.3923612,"msg":"health_check_started","server":"2"}
{"level":"info","ts":1779019625.394117,"msg":"health_check_success","server":"1","status_code":200,"latency":0.001776195}
{"level":"info","ts":1779019625.3937807,"msg":"health_check_success","server":"3","status_code":200,"latency":0.001534089}
{"level":"error","ts":1779019625.3943727,"msg":"health_check_failed","server":"2","url":"http://localhost:3001","fail_count":5,"latency":0.002013166,"error":"Get \"http://localhost:3001/health\": dial tcp 127.0.0.1:3001: connect: connection refused"}
{"level":"info","ts":1779019631.7132504,"msg":"health_check_started","server":"3"}
{"level":"info","ts":1779019631.7133539,"msg":"health_check_started","server":"1"}
{"level":"info","ts":1779019631.7133625,"msg":"health_check_started","server":"2"}
{"level":"info","ts":1779019631.7151127,"msg":"health_check_success","server":"1","status_code":200,"latency":0.001763309}
{"level":"error","ts":1779019631.7155292,"msg":"health_check_failed","server":"2","url":"http://localhost:3001","fail_count":6,"latency":0.002167552,"error":"Get \"http://localhost:3001/health\": dial tcp 127.0.0.1:3001: connect: connection refused"}
{"level":"info","ts":1779019631.7146938,"msg":"health_check_success","server":"3","status_code":200,"latency":0.001449763}
{"level":"info","ts":1779019635.7130144,"msg":"health_check_started","server":"3"}
{"level":"info","ts":1779019635.7130585,"msg":"health_check_started","server":"1"}
{"level":"info","ts":1779019635.713128,"msg":"health_check_started","server":"2"}
{"level":"info","ts":1779019635.714188,"msg":"health_check_success","server":"3","status_code":200,"latency":0.001180382}
{"level":"info","ts":1779019635.714617,"msg":"health_check_success","server":"1","status_code":200,"latency":0.001566639}
{"level":"error","ts":1779019635.7146497,"msg":"health_check_failed","server":"2","url":"http://localhost:3001","fail_count":7,"latency":0.001526609,"error":"Get \"http://localhost:3001/health\": dial tcp 127.0.0.1:3001: connect: connection refused"}
{"level":"info","ts":1779019639.7129707,"msg":"health_check_started","server":"3"}
{"level":"info","ts":1779019639.7130723,"msg":"health_check_started","server":"1"}
{"level":"info","ts":1779019639.713093,"msg":"health_check_started","server":"2"}
{"level":"info","ts":1779019639.7151392,"msg":"health_check_success","server":"3","status_code":200,"latency":0.001933743}
{"level":"info","ts":1779019639.7161975,"msg":"health_check_success","server":"1","status_code":200,"latency":0.00313695}
{"level":"error","ts":1779019639.7163851,"msg":"health_check_failed","server":"2","url":"http://localhost:3001","fail_count":8,"latency":0.003294055,"error":"Get \"http://localhost:3001/health\": dial tcp 127.0.0.1:3001: connect: connection refused"}
{"level":"info","ts":1779019643.7132022,"msg":"health_check_started","server":"3"}
{"level":"info","ts":1779019643.7132862,"msg":"health_check_started","server":"1"}
{"level":"info","ts":1779019643.7133024,"msg":"health_check_started","server":"2"}
{"level":"error","ts":1779019643.7153249,"msg":"health_check_failed","server":"2","url":"http://localhost:3001","fail_count":9,"latency":0.002021083,"error":"Get \"http://localhost:3001/health\": dial tcp 127.0.0.1:3001: connect: connection refused"}
{"level":"info","ts":1779019643.7157087,"msg":"health_check_success","server":"3","status_code":200,"latency":0.002512914}
{"level":"info","ts":1779019643.7157226,"msg":"health_check_success","server":"1","status_code":200,"latency":0.002440158}
{"level":"info","ts":1779019647.7134426,"msg":"health_check_started","server":"3"}
{"level":"info","ts":1779019647.713587,"msg":"health_check_started","server":"1"}
{"level":"info","ts":1779019647.713601,"msg":"health_check_started","server":"2"}
{"level":"info","ts":1779019647.7151854,"msg":"health_check_success","server":"3","status_code":200,"latency":0.001732662}
{"level":"error","ts":1779019647.7153964,"msg":"health_check_failed","server":"2","url":"http://localhost:3001","fail_count":10,"latency":0.00179647,"error":"Get \"http://localhost:3001/health\": dial tcp 127.0.0.1:3001: connect: connection refused"}
{"level":"info","ts":1779019647.7154136,"msg":"health_check_success","server":"1","status_code":200,"latency":0.001821992}
{"level":"error","ts":1779019648.223376,"msg":"server_marked_unhealthy","server":"2","fail_count":10}
{"level":"info","ts":1779019651.7132487,"msg":"health_check_started","server":"3"}
{"level":"info","ts":1779019651.7133257,"msg":"health_check_started","server":"1"}
{"level":"info","ts":1779019651.7133355,"msg":"health_check_started","server":"2"}
{"level":"error","ts":1779019651.7149854,"msg":"health_check_failed","server":"2","url":"http://localhost:3001","fail_count":11,"latency":0.001649047,"error":"Get \"http://localhost:3001/health\": dial tcp 127.0.0.1:3001: connect: connection refused"}
{"level":"info","ts":1779019651.7181418,"msg":"health_check_success","server":"3","status_code":200,"latency":0.004890453}
{"level":"info","ts":1779019651.7204862,"msg":"health_check_success","server":"1","status_code":200,"latency":0.007159885}
{"level":"info","ts":1779019655.7132,"msg":"health_check_started","server":"3"}
{"level":"info","ts":1779019655.7132735,"msg":"health_check_started","server":"1"}
{"level":"info","ts":1779019655.7132792,"msg":"health_check_started","server":"2"}
{"level":"error","ts":1779019655.7148714,"msg":"health_check_failed","server":"2","url":"http://localhost:3001","fail_count":12,"latency":0.001590205,"error":"Get \"http://localhost:3001/health\": dial tcp 127.0.0.1:3001: connect: connection refused"}
{"level":"info","ts":1779019655.7149844,"msg":"health_check_success","server":"1","status_code":200,"latency":0.001710764}
{"level":"info","ts":1779019655.715509,"msg":"health_check_success","server":"3","status_code":200,"latency":0.002309946}
{"level":"info","ts":1779019659.7133267,"msg":"health_check_started","server":"1"}
{"level":"info","ts":1779019659.713333,"msg":"health_check_started","server":"2"}
{"level":"info","ts":1779019659.713282,"msg":"health_check_started","server":"3"}
{"level":"info","ts":1779019659.7156925,"msg":"health_check_success","server":"1","status_code":200,"latency":0.002366098}
{"level":"error","ts":1779019659.7150693,"msg":"health_check_failed","server":"2","url":"http://localhost:3001","fail_count":13,"latency":0.001735337,"error":"Get \"http://localhost:3001/health\": dial tcp 127.0.0.1:3001: connect: connection refused"}
{"level":"info","ts":1779019659.7174132,"msg":"health_check_success","server":"3","status_code":200,"latency":0.004130971}
{"level":"info","ts":1779019666.044546,"msg":"health_check_started","server":"3"}
{"level":"info","ts":1779019666.0446043,"msg":"health_check_started","server":"1"}
{"level":"info","ts":1779019666.044614,"msg":"health_check_started","server":"2"}
{"level":"info","ts":1779019666.0459485,"msg":"health_check_success","server":"3","status_code":200,"latency":0.001404962}
{"level":"error","ts":1779019666.0461483,"msg":"health_check_failed","server":"2","url":"http://localhost:3001","fail_count":14,"latency":0.001533799,"error":"Get \"http://localhost:3001/health\": dial tcp 127.0.0.1:3001: connect: connection refused"}
{"level":"info","ts":1779019666.0466132,"msg":"health_check_success","server":"1","status_code":200,"latency":0.002008692}
{"level":"error","ts":1779019669.415547,"msg":"server_marked_unhealthy","server":"2","fail_count":14}
{"level":"info","ts":1779019670.0447614,"msg":"health_check_started","server":"3"}
{"level":"info","ts":1779019670.0449483,"msg":"health_check_started","server":"1"}
{"level":"info","ts":1779019670.04496,"msg":"health_check_started","server":"2"}
{"level":"info","ts":1779019670.0462675,"msg":"health_check_success","server":"3","status_code":200,"latency":0.001537671}
{"level":"info","ts":1779019670.046567,"msg":"health_check_success","server":"1","status_code":200,"latency":0.001618903}
{"level":"info","ts":1779019670.0570772,"msg":"health_check_success","server":"2","status_code":200,"latency":0.012118752}
{"level":"info","ts":1779019674.04477,"msg":"health_check_started","server":"3"}
{"level":"info","ts":1779019674.0448885,"msg":"health_check_started","server":"1"}
{"level":"info","ts":1779019674.0448976,"msg":"health_check_started","server":"2"}
{"level":"info","ts":1779019674.0462646,"msg":"health_check_success","server":"3","status_code":200,"latency":0.001493936}
{"level":"info","ts":1779019674.0463834,"msg":"health_check_success","server":"1","status_code":200,"latency":0.001496272}
{"level":"info","ts":1779019674.0469606,"msg":"health_check_success","server":"2","status_code":200,"latency":0.002061874}
{"level":"info","ts":1779019678.0440793,"msg":"health_check_started","server":"3"}
{"level":"info","ts":1779019678.044181,"msg":"health_check_started","server":"1"}
{"level":"info","ts":1779019678.0441918,"msg":"health_check_started","server":"2"}
{"level":"info","ts":1779019678.0457978,"msg":"health_check_success","server":"3","status_code":200,"latency":0.001718238}
{"level":"info","ts":1779019678.0461996,"msg":"health_check_success","server":"1","status_code":200,"latency":0.001936614}
{"level":"info","ts":1779019678.0466568,"msg":"health_check_success","server":"2","status_code":200,"latency":0.002463944}
{"level":"info","ts":1779019682.0439723,"msg":"health_check_started","server":"3"}
{"level":"info","ts":1779019682.0441217,"msg":"health_check_started","server":"1"}
{"level":"info","ts":1779019682.0441415,"msg":"health_check_started","server":"2"}
{"level":"info","ts":1779019682.0465987,"msg":"health_check_success","server":"3","status_code":200,"latency":0.002627422}
{"level":"info","ts":1779019682.047304,"msg":"health_check_success","server":"1","status_code":200,"latency":0.003186509}
{"level":"info","ts":1779019682.0473847,"msg":"health_check_success","server":"2","status_code":200,"latency":0.003243309}
{"level":"error","ts":1779019685.1578984,"msg":"server_marked_unhealthy","server":"2","fail_count":0}
{"level":"info","ts":1779019686.0443637,"msg":"health_check_started","server":"3"}
{"level":"info","ts":1779019686.0445457,"msg":"health_check_started","server":"1"}
{"level":"info","ts":1779019686.0445569,"msg":"health_check_started","server":"2"}
{"level":"info","ts":1779019686.046144,"msg":"health_check_success","server":"3","status_code":200,"latency":0.001780682}
{"level":"info","ts":1779019686.0462825,"msg":"health_check_success","server":"1","status_code":200,"latency":0.001740195}
{"level":"info","ts":1779019686.0511606,"msg":"health_check_success","server":"2","status_code":200,"latency":0.006580382}
{"level":"info","ts":1779019690.044378,"msg":"health_check_started","server":"3"}
{"level":"info","ts":1779019690.0444188,"msg":"health_check_started","server":"1"}
{"level":"info","ts":1779019690.0444248,"msg":"health_check_started","server":"2"}
{"level":"info","ts":1779019690.0462077,"msg":"health_check_success","server":"1","status_code":200,"latency":0.001790936}
{"level":"info","ts":1779019690.0460663,"msg":"health_check_success","server":"3","status_code":200,"latency":0.001689169}
{"level":"info","ts":1779019690.046853,"msg":"health_check_success","server":"2","status_code":200,"latency":0.002426815}
{"level":"info","ts":1779019694.0440707,"msg":"health_check_started","server":"3"}
{"level":"info","ts":1779019694.0441613,"msg":"health_check_started","server":"1"}
{"level":"info","ts":1779019694.044173,"msg":"health_check_started","server":"2"}
{"level":"info","ts":1779019694.0455947,"msg":"health_check_success","server":"3","status_code":200,"latency":0.001524563}
{"level":"info","ts":1779019694.046213,"msg":"health_check_success","server":"2","status_code":200,"latency":0.00203923}
{"level":"info","ts":1779019694.045965,"msg":"health_check_success","server":"1","status_code":200,"latency":0.001805634}
{"level":"info","ts":1779019700.3677678,"msg":"health_check_started","server":"3"}
{"level":"info","ts":1779019700.3679063,"msg":"health_check_started","server":"1"}
{"level":"info","ts":1779019700.3691154,"msg":"health_check_success","server":"3","status_code":200,"latency":0.001349324}
{"level":"info","ts":1779019700.3679178,"msg":"health_check_started","server":"2"}
{"level":"info","ts":1779019700.3695705,"msg":"health_check_success","server":"1","status_code":200,"latency":0.001666727}
{"level":"info","ts":1779019700.3705487,"msg":"health_check_success","server":"2","status_code":200,"latency":0.002629971}
{"level":"info","ts":1779019704.3676147,"msg":"health_check_started","server":"3"}
{"level":"info","ts":1779019704.367685,"msg":"health_check_started","server":"1"}
{"level":"info","ts":1779019704.3676915,"msg":"health_check_started","server":"2"}
{"level":"info","ts":1779019704.3702173,"msg":"health_check_success","server":"3","status_code":200,"latency":0.002603662}
{"level":"info","ts":1779019704.370655,"msg":"health_check_success","server":"1","status_code":200,"latency":0.002971413}
{"level":"info","ts":1779019704.3706236,"msg":"health_check_success","server":"2","status_code":200,"latency":0.00292963}
{"level":"info","ts":1779019708.3679614,"msg":"health_check_started","server":"3"}
{"level":"info","ts":1779019708.3680108,"msg":"health_check_started","server":"1"}
{"level":"info","ts":1779019708.3680193,"msg":"health_check_started","server":"2"}
{"level":"info","ts":1779019708.3694375,"msg":"health_check_success","server":"3","status_code":200,"latency":0.001476815}
{"level":"info","ts":1779019708.3698945,"msg":"health_check_success","server":"1","status_code":200,"latency":0.001884064}
{"level":"info","ts":1779019708.370566,"msg":"health_check_success","server":"2","status_code":200,"latency":0.002543938}
{"level":"error","ts":1779019710.7524064,"msg":"server_marked_unhealthy","server":"2","fail_count":0}
{"level":"info","ts":1779019712.3680782,"msg":"health_check_started","server":"3"}
{"level":"info","ts":1779019712.368138,"msg":"health_check_started","server":"1"}
{"level":"info","ts":1779019712.3681455,"msg":"health_check_started","server":"2"}
{"level":"info","ts":1779019712.3731527,"msg":"health_check_success","server":"1","status_code":200,"latency":0.005015459}
{"level":"info","ts":1779019712.373153,"msg":"health_check_success","server":"2","status_code":200,"latency":0.005004877}
{"level":"info","ts":1779019712.3735824,"msg":"health_check_success","server":"3","status_code":200,"latency":0.005509332}
{"level":"info","ts":1779019716.3679924,"msg":"health_check_started","server":"2"}
{"level":"info","ts":1779019716.3678715,"msg":"health_check_started","server":"1"}
{"level":"info","ts":1779019716.3678236,"msg":"health_check_started","server":"3"}
{"level":"info","ts":1779019716.3757777,"msg":"health_check_success","server":"1","status_code":200,"latency":0.007903437}
{"level":"info","ts":1779019716.3799946,"msg":"health_check_success","server":"3","status_code":200,"latency":0.012172757}
{"level":"info","ts":1779019716.379527,"msg":"health_check_success","server":"2","status_code":200,"latency":0.011534065}
{"level":"info","ts":1779019720.3675797,"msg":"health_check_started","server":"3"}
{"level":"info","ts":1779019720.367748,"msg":"health_check_started","server":"1"}
{"level":"info","ts":1779019720.36776,"msg":"health_check_started","server":"2"}
{"level":"info","ts":1779019720.3694632,"msg":"health_check_success","server":"3","status_code":200,"latency":0.001884193}
{"level":"info","ts":1779019720.3697464,"msg":"health_check_success","server":"1","status_code":200,"latency":0.002000015}
{"level":"info","ts":1779019720.3702152,"msg":"health_check_success","server":"2","status_code":200,"latency":0.002454259}
{"level":"info","ts":1779019724.3679621,"msg":"health_check_started","server":"3"}
{"level":"info","ts":1779019724.3679888,"msg":"health_check_started","server":"1"}
{"level":"info","ts":1779019724.3679957,"msg":"health_check_started","server":"2"}
{"level":"info","ts":1779019724.369667,"msg":"health_check_success","server":"1","status_code":200,"latency":0.001677988}
{"level":"info","ts":1779019724.3696914,"msg":"health_check_success","server":"3","status_code":200,"latency":0.001732839}
{"level":"info","ts":1779019724.37027,"msg":"health_check_success","server":"2","status_code":200,"latency":0.002273246}
{"level":"info","ts":1779019728.3674128,"msg":"health_check_started","server":"3"}
{"level":"info","ts":1779019728.367468,"msg":"health_check_started","server":"1"}
{"level":"info","ts":1779019728.367475,"msg":"health_check_started","server":"2"}
{"level":"info","ts":1779019728.369018,"msg":"health_check_success","server":"1","status_code":200,"latency":0.001550001}
{"level":"info","ts":1779019728.3694541,"msg":"health_check_success","server":"2","status_code":200,"latency":0.001978036}
{"level":"info","ts":1779019728.3690305,"msg":"health_check_success","server":"3","status_code":200,"latency":0.001618627}
{"level":"info","ts":1779019732.3677862,"msg":"health_check_started","server":"3"}
{"level":"info","ts":1779019732.3678954,"msg":"health_check_started","server":"1"}
{"level":"info","ts":1779019732.3679113,"msg":"health_check_started","server":"2"}
{"level":"info","ts":1779019732.369229,"msg":"health_check_success","server":"3","status_code":200,"latency":0.001447779}
{"level":"info","ts":1779019732.3700454,"msg":"health_check_success","server":"2","status_code":200,"latency":0.00213784}
{"level":"info","ts":1779019732.3696525,"msg":"health_check_success","server":"1","status_code":200,"latency":0.001760485}
{"level":"info","ts":1779019736.367913,"msg":"health_check_started","server":"3"}
{"level":"info","ts":1779019736.3679864,"msg":"health_check_started","server":"1"}
{"level":"info","ts":1779019736.3680012,"msg":"health_check_started","server":"2"}
{"level":"info","ts":1779019736.3700068,"msg":"health_check_success","server":"1","status_code":200,"latency":0.00202285}
{"level":"info","ts":1779019736.3697617,"msg":"health_check_success","server":"3","status_code":200,"latency":0.001849601}
{"level":"info","ts":1779019736.370916,"msg":"health_check_success","server":"2","status_code":200,"latency":0.002913823}
{"level":"error","ts":1779019739.6601007,"msg":"server_marked_unhealthy","server":"2","fail_count":0}
{"level":"info","ts":1779019740.3673553,"msg":"health_check_started","server":"3"}
{"level":"info","ts":1779019740.3673577,"msg":"health_check_started","server":"1"}
{"level":"info","ts":1779019740.367373,"msg":"health_check_started","server":"2"}
{"level":"info","ts":1779019740.3692486,"msg":"health_check_success","server":"3","status_code":200,"latency":0.001902143}
{"level":"info","ts":1779019740.3692818,"msg":"health_check_success","server":"1","status_code":200,"latency":0.00192599}
{"level":"info","ts":1779019740.3773224,"msg":"health_check_success","server":"2","status_code":200,"latency":0.009951786}
{"level":"error","ts":1779019743.6212683,"msg":"server_marked_unhealthy","server":"2","fail_count":0}
{"level":"info","ts":1779019744.3672493,"msg":"health_check_started","server":"3"}
{"level":"info","ts":1779019744.3673499,"msg":"health_check_started","server":"1"}
{"level":"info","ts":1779019744.3673625,"msg":"health_check_started","server":"2"}
{"level":"info","ts":1779019744.36916,"msg":"health_check_success","server":"1","status_code":200,"latency":0.001819218}
{"level":"info","ts":1779019744.368878,"msg":"health_check_success","server":"3","status_code":200,"latency":0.001642495}
{"level":"info","ts":1779019744.3755512,"msg":"health_check_success","server":"2","status_code":200,"latency":0.008188476}
{"level":"info","ts":1779019748.367982,"msg":"health_check_started","server":"3"}
{"level":"info","ts":1779019748.368087,"msg":"health_check_started","server":"1"}
{"level":"info","ts":1779019748.3681011,"msg":"health_check_started","server":"2"}
{"level":"info","ts":1779019748.3701215,"msg":"health_check_success","server":"1","status_code":200,"latency":0.002042807}
{"level":"info","ts":1779019748.370461,"msg":"health_check_success","server":"2","status_code":200,"latency":0.002361576}
{"level":"info","ts":1779019748.3701875,"msg":"health_check_success","server":"3","status_code":200,"latency":0.002247817}
{"level":"info","ts":1779019752.3680608,"msg":"health_check_started","server":"3"}
{"level":"info","ts":1779019752.3680835,"msg":"health_check_started","server":"1"}
{"level":"info","ts":1779019752.3680913,"msg":"health_check_started","server":"2"}
{"level":"info","ts":1779019752.371377,"msg":"health_check_success","server":"3","status_code":200,"latency":0.003329587}
{"level":"info","ts":1779019752.369898,"msg":"health_check_success","server":"1","status_code":200,"latency":0.001816976}
{"level":"info","ts":1779019752.3722973,"msg":"health_check_success","server":"2","status_code":200,"latency":0.004206037}
{"level":"info","ts":1779019756.36806,"msg":"health_check_started","server":"3"}
{"level":"info","ts":1779019756.3681712,"msg":"health_check_started","server":"1"}
{"level":"info","ts":1779019756.3681815,"msg":"health_check_started","server":"2"}
{"level":"info","ts":1779019756.3699818,"msg":"health_check_success","server":"3","status_code":200,"latency":0.001934232}
{"level":"info","ts":1779019756.370281,"msg":"health_check_success","server":"1","status_code":200,"latency":0.002116498}
{"level":"info","ts":1779019756.3706174,"msg":"health_check_success","server":"2","status_code":200,"latency":0.002436356}
{"level":"info","ts":1779019760.3679426,"msg":"health_check_started","server":"3"}
{"level":"info","ts":1779019760.3680809,"msg":"health_check_started","server":"1"}
{"level":"info","ts":1779019760.3680885,"msg":"health_check_started","server":"2"}
{"level":"info","ts":1779019760.3700857,"msg":"health_check_success","server":"3","status_code":200,"latency":0.002149945}
{"level":"info","ts":1779019760.370389,"msg":"health_check_success","server":"1","status_code":200,"latency":0.002313658}
{"level":"info","ts":1779019760.3709104,"msg":"health_check_success","server":"2","status_code":200,"latency":0.002822353}
{"level":"error","ts":1779019762.3235295,"msg":"server_marked_unhealthy","server":"2","fail_count":0}
{"level":"error","ts":1779019763.1258783,"msg":"server_marked_unhealthy","server":"2","fail_count":0}
{"level":"error","ts":1779019763.1350312,"msg":"server_marked_unhealthy","server":"2","fail_count":0}
{"level":"info","ts":1779019764.3680148,"msg":"health_check_started","server":"3"}
{"level":"info","ts":1779019764.3680665,"msg":"health_check_started","server":"1"}
{"level":"info","ts":1779019764.3680747,"msg":"health_check_started","server":"2"}
{"level":"info","ts":1779019764.3695962,"msg":"health_check_success","server":"3","status_code":200,"latency":0.001587916}
{"level":"info","ts":1779019764.3697689,"msg":"health_check_success","server":"1","status_code":200,"latency":0.001650671}
{"level":"info","ts":1779019764.3707197,"msg":"health_check_success","server":"2","status_code":200,"latency":0.002645218}
{"level":"info","ts":1779019768.3678749,"msg":"health_check_started","server":"3"}
{"level":"info","ts":1779019768.3679442,"msg":"health_check_started","server":"1"}
{"level":"info","ts":1779019768.3679564,"msg":"health_check_started","server":"2"}
{"level":"info","ts":1779019768.369688,"msg":"health_check_success","server":"1","status_code":200,"latency":0.001752982}
{"level":"info","ts":1779019768.3701756,"msg":"health_check_success","server":"2","status_code":200,"latency":0.002220521}
{"level":"info","ts":1779019768.369382,"msg":"health_check_success","server":"3","status_code":200,"latency":0.001588925}
{"level":"info","ts":1779019772.368087,"msg":"health_check_started","server":"3"}
{"level":"info","ts":1779019772.3681889,"msg":"health_check_started","server":"1"}
{"level":"info","ts":1779019772.3682024,"msg":"health_check_started","server":"2"}
{"level":"info","ts":1779019772.3696241,"msg":"health_check_success","server":"3","status_code":200,"latency":0.001547361}
{"level":"info","ts":1779019772.3699355,"msg":"health_check_success","server":"1","status_code":200,"latency":0.001761242}
{"level":"info","ts":1779019772.3703616,"msg":"health_check_success","server":"2","status_code":200,"latency":0.002162781}
{"level":"info","ts":1779019776.3678665,"msg":"health_check_started","server":"3"}
{"level":"info","ts":1779019776.367932,"msg":"health_check_started","server":"1"}
{"level":"info","ts":1779019776.367942,"msg":"health_check_started","server":"2"}
{"level":"info","ts":1779019776.3697572,"msg":"health_check_success","server":"3","status_code":200,"latency":0.001896425}
{"level":"info","ts":1779019776.3701882,"msg":"health_check_success","server":"1","status_code":200,"latency":0.002338109}
{"level":"info","ts":1779019776.3705277,"msg":"health_check_success","server":"2","status_code":200,"latency":0.002587047}
{"level":"info","ts":1779019780.368186,"msg":"health_check_started","server":"3"}
{"level":"info","ts":1779019780.3682919,"msg":"health_check_started","server":"1"}
{"level":"info","ts":1779019780.3683057,"msg":"health_check_started","server":"2"}
{"level":"info","ts":1779019780.3711987,"msg":"health_check_success","server":"3","status_code":200,"latency":0.003024283}
{"level":"info","ts":1779019780.3716598,"msg":"health_check_success","server":"1","status_code":200,"latency":0.003375824}
{"level":"info","ts":1779019780.372718,"msg":"health_check_success","server":"2","status_code":200,"latency":0.004412514}
{"level":"error","ts":1779019783.5837207,"msg":"server_marked_unhealthy","server":"2","fail_count":0}
{"level":"error","ts":1779019784.2397332,"msg":"server_marked_unhealthy","server":"2","fail_count":0}
{"level":"info","ts":1779019784.3679547,"msg":"health_check_started","server":"3"}
{"level":"info","ts":1779019784.3680916,"msg":"health_check_started","server":"1"}
{"level":"info","ts":1779019784.36812,"msg":"health_check_started","server":"2"}
{"level":"info","ts":1779019784.3696232,"msg":"health_check_success","server":"3","status_code":200,"latency":0.001676888}
{"level":"info","ts":1779019784.370083,"msg":"health_check_success","server":"1","status_code":200,"latency":0.002007919}
{"level":"info","ts":1779019784.3753004,"msg":"health_check_success","server":"2","status_code":200,"latency":0.007186329}
{"level":"info","ts":1779019792.6199188,"msg":"health_check_started","server":"3"}
{"level":"info","ts":1779019792.6200085,"msg":"health_check_started","server":"1"}
{"level":"info","ts":1779019792.6200259,"msg":"health_check_started","server":"2"}
{"level":"info","ts":1779019792.6216083,"msg":"health_check_success","server":"1","status_code":200,"latency":0.001612662}
{"level":"info","ts":1779019792.6213012,"msg":"health_check_success","server":"3","status_code":200,"latency":0.001388027}
{"level":"info","ts":1779019792.6225367,"msg":"health_check_success","server":"2","status_code":200,"latency":0.002514545}
{"level":"error","ts":1779019792.9554799,"msg":"server_marked_unhealthy","server":"2","fail_count":0}
{"level":"info","ts":1779019796.6198099,"msg":"health_check_started","server":"3"}
{"level":"info","ts":1779019796.619893,"msg":"health_check_started","server":"1"}
{"level":"info","ts":1779019796.6199014,"msg":"health_check_started","server":"2"}
{"level":"info","ts":1779019796.6212595,"msg":"health_check_success","server":"1","status_code":200,"latency":0.001371574}
{"level":"info","ts":1779019796.6212735,"msg":"health_check_success","server":"3","status_code":200,"latency":0.001500857}
{"level":"info","ts":1779019796.6219935,"msg":"health_check_success","server":"2","status_code":200,"latency":0.00209242}
{"level":"info","ts":1779019800.6207128,"msg":"health_check_started","server":"3"}
{"level":"info","ts":1779019800.620766,"msg":"health_check_started","server":"1"}
{"level":"info","ts":1779019800.620775,"msg":"health_check_started","server":"2"}
{"level":"info","ts":1779019800.6222937,"msg":"health_check_success","server":"3","status_code":200,"latency":0.001591071}
{"level":"info","ts":1779019800.6224947,"msg":"health_check_success","server":"1","status_code":200,"latency":0.001735545}
{"level":"info","ts":1779019800.6229997,"msg":"health_check_success","server":"2","status_code":200,"latency":0.002225286}
{"level":"info","ts":1779019804.6204624,"msg":"health_check_started","server":"3"}
{"level":"info","ts":1779019804.6205018,"msg":"health_check_started","server":"1"}
{"level":"info","ts":1779019804.6205792,"msg":"health_check_started","server":"2"}
{"level":"info","ts":1779019804.6223605,"msg":"health_check_success","server":"1","status_code":200,"latency":0.00186574}
{"level":"info","ts":1779019804.6224527,"msg":"health_check_success","server":"3","status_code":200,"latency":0.00200566}
{"level":"info","ts":1779019804.623712,"msg":"health_check_success","server":"2","status_code":200,"latency":0.003135791}
{"level":"info","ts":1779019808.6210854,"msg":"health_check_started","server":"3"}
{"level":"info","ts":1779019808.6211417,"msg":"health_check_started","server":"1"}
{"level":"info","ts":1779019808.6211529,"msg":"health_check_started","server":"2"}
{"level":"info","ts":1779019808.6225593,"msg":"health_check_success","server":"3","status_code":200,"latency":0.001485504}
{"level":"info","ts":1779019808.6227996,"msg":"health_check_success","server":"1","status_code":200,"latency":0.00166706}
{"level":"info","ts":1779019808.6233025,"msg":"health_check_success","server":"2","status_code":200,"latency":0.002150255}
{"level":"info","ts":1779019812.6207478,"msg":"health_check_started","server":"3"}
{"level":"info","ts":1779019812.620789,"msg":"health_check_started","server":"1"}
{"level":"info","ts":1779019812.6208029,"msg":"health_check_started","server":"2"}
{"level":"info","ts":1779019812.6223738,"msg":"health_check_success","server":"3","status_code":200,"latency":0.001637151}
{"level":"info","ts":1779019812.6228256,"msg":"health_check_success","server":"1","status_code":200,"latency":0.002043204}
{"level":"info","ts":1779019812.623249,"msg":"health_check_success","server":"2","status_code":200,"latency":0.002446143}
{"level":"info","ts":1779019816.6199818,"msg":"health_check_started","server":"3"}
{"level":"info","ts":1779019816.6200657,"msg":"health_check_started","server":"1"}
{"level":"info","ts":1779019816.620088,"msg":"health_check_started","server":"2"}
{"level":"info","ts":1779019816.623526,"msg":"health_check_success","server":"3","status_code":200,"latency":0.003571539}
{"level":"info","ts":1779019816.6257014,"msg":"health_check_success","server":"1","status_code":200,"latency":0.005650445}
{"level":"info","ts":1779019816.628312,"msg":"health_check_success","server":"2","status_code":200,"latency":0.008224853}
{"level":"info","ts":1779019820.6470454,"msg":"health_check_started","server":"3"}
{"level":"info","ts":1779019820.6471868,"msg":"health_check_started","server":"1"}
{"level":"info","ts":1779019820.647213,"msg":"health_check_started","server":"2"}
{"level":"info","ts":1779019820.6620936,"msg":"health_check_success","server":"3","status_code":200,"latency":0.01507057}
{"level":"info","ts":1779019820.662838,"msg":"health_check_success","server":"1","status_code":200,"latency":0.015670154}
{"level":"info","ts":1779019820.6860118,"msg":"health_check_success","server":"2","status_code":200,"latency":0.038800442}
{"level":"info","ts":1779019828.5529177,"msg":"health_check_started","server":"3"}
{"level":"info","ts":1779019828.5530772,"msg":"health_check_started","server":"1"}
{"level":"info","ts":1779019828.553098,"msg":"health_check_started","server":"2"}
{"level":"info","ts":1779019828.5548089,"msg":"health_check_success","server":"3","status_code":200,"latency":0.001933724}
{"level":"info","ts":1779019828.5554442,"msg":"health_check_success","server":"1","status_code":200,"latency":0.002380436}
{"level":"info","ts":1779019828.556046,"msg":"health_check_success","server":"2","status_code":200,"latency":0.002951302}
{"level":"info","ts":1779019832.5152118,"msg":"health_check_started","server":"3"}
{"level":"info","ts":1779019832.5152614,"msg":"health_check_started","server":"1"}
{"level":"info","ts":1779019832.5152729,"msg":"health_check_started","server":"2"}
{"level":"info","ts":1779019832.5163915,"msg":"health_check_success","server":"3","status_code":200,"latency":0.001197778}
{"level":"info","ts":1779019832.5170095,"msg":"health_check_success","server":"1","status_code":200,"latency":0.00175679}
{"level":"info","ts":1779019832.5171576,"msg":"health_check_success","server":"2","status_code":200,"latency":0.001882221}
{"level":"info","ts":1779019836.5153432,"msg":"health_check_started","server":"3"}
{"level":"info","ts":1779019836.5154834,"msg":"health_check_started","server":"1"}
{"level":"info","ts":1779019836.5155165,"msg":"health_check_started","server":"2"}
{"level":"info","ts":1779019836.5172803,"msg":"health_check_success","server":"3","status_code":200,"latency":0.001946959}
{"level":"info","ts":1779019836.517407,"msg":"health_check_success","server":"1","status_code":200,"latency":0.001941476}
{"level":"info","ts":1779019836.5186746,"msg":"health_check_success","server":"2","status_code":200,"latency":0.003158086}
{"level":"info","ts":1779019840.5146306,"msg":"health_check_started","server":"3"}
{"level":"info","ts":1779019840.5146651,"msg":"health_check_started","server":"1"}
{"level":"info","ts":1779019840.5146773,"msg":"health_check_started","server":"2"}
{"level":"info","ts":1779019840.5166183,"msg":"health_check_success","server":"3","status_code":200,"latency":0.002138701}
{"level":"info","ts":1779019840.516849,"msg":"health_check_success","server":"1","status_code":200,"latency":0.002192813}
{"level":"info","ts":1779019840.5180237,"msg":"health_check_success","server":"2","status_code":200,"latency":0.003347186}
{"level":"info","ts":1779019844.5160346,"msg":"health_check_started","server":"3"}
{"level":"info","ts":1779019844.516231,"msg":"health_check_started","server":"1"}
{"level":"info","ts":1779019844.5162718,"msg":"health_check_started","server":"2"}
{"level":"info","ts":1779019844.5179448,"msg":"health_check_success","server":"3","status_code":200,"latency":0.001916737}
{"level":"info","ts":1779019844.5183263,"msg":"health_check_success","server":"1","status_code":200,"latency":0.002102705}
{"level":"info","ts":1779019844.5186274,"msg":"health_check_success","server":"2","status_code":200,"latency":0.002356107}
{"level":"info","ts":1779019848.5155063,"msg":"health_check_started","server":"3"}
{"level":"info","ts":1779019848.5156405,"msg":"health_check_started","server":"1"}
{"level":"info","ts":1779019848.5156484,"msg":"health_check_started","server":"2"}
{"level":"info","ts":1779019848.5173204,"msg":"health_check_success","server":"1","status_code":200,"latency":0.001688069}
{"level":"info","ts":1779019848.5170252,"msg":"health_check_success","server":"3","status_code":200,"latency":0.001525597}
{"level":"info","ts":1779019848.517939,"msg":"health_check_success","server":"2","status_code":200,"latency":0.002291221}
{"level":"info","ts":1779019853.2889602,"msg":"Load balancer started"}
{"level":"info","ts":1779019857.291363,"msg":"health_check_started","server":"3"}
{"level":"info","ts":1779019857.2914903,"msg":"health_check_started","server":"1"}
{"level":"info","ts":1779019857.2915838,"msg":"health_check_started","server":"2"}
{"level":"info","ts":1779019857.2938626,"msg":"health_check_success","server":"3","status_code":200,"latency":0.002547218}
{"level":"info","ts":1779019857.2939591,"msg":"health_check_success","server":"1","status_code":200,"latency":0.002556763}
{"level":"info","ts":1779019857.2942853,"msg":"health_check_success","server":"2","status_code":200,"latency":0.002778812}
{"level":"info","ts":1779019863.0360014,"msg":"health_check_started","server":"3"}
{"level":"info","ts":1779019863.0361252,"msg":"health_check_started","server":"1"}
{"level":"info","ts":1779019863.0361397,"msg":"health_check_started","server":"2"}
{"level":"info","ts":1779019863.0379775,"msg":"health_check_success","server":"3","status_code":200,"latency":0.001991868}
{"level":"info","ts":1779019863.0381632,"msg":"health_check_success","server":"1","status_code":200,"latency":0.002079943}
{"level":"error","ts":1779019863.0383976,"msg":"health_check_failed","server":"2","url":"http://localhost:3001","fail_count":1,"latency":0.002259417,"error":"Get \"http://localhost:3001/health\": dial tcp 127.0.0.1:3001: connect: connection refused"}
{"level":"info","ts":1779019867.0369072,"msg":"health_check_started","server":"3"}
{"level":"info","ts":1779019867.037202,"msg":"health_check_started","server":"1"}
{"level":"info","ts":1779019867.0372524,"msg":"health_check_started","server":"2"}
{"level":"info","ts":1779019867.0392158,"msg":"health_check_success","server":"1","status_code":200,"latency":0.002027979}
{"level":"info","ts":1779019867.0387683,"msg":"health_check_success","server":"3","status_code":200,"latency":0.001868009}
{"level":"error","ts":1779019867.0394757,"msg":"health_check_failed","server":"2","url":"http://localhost:3001","fail_count":2,"latency":0.002232744,"error":"Get \"http://localhost:3001/health\": dial tcp 127.0.0.1:3001: connect: connection refused"}
{"level":"info","ts":1779019871.0362666,"msg":"health_check_started","server":"3"}
{"level":"info","ts":1779019871.0364265,"msg":"health_check_started","server":"1"}
{"level":"info","ts":1779019871.0364363,"msg":"health_check_started","server":"2"}
{"level":"info","ts":1779019871.0388823,"msg":"health_check_success","server":"1","status_code":200,"latency":0.002495568}
{"level":"info","ts":1779019871.038481,"msg":"health_check_success","server":"3","status_code":200,"latency":0.002257885}
{"level":"error","ts":1779019871.0391076,"msg":"health_check_failed","server":"2","url":"http://localhost:3001","fail_count":3,"latency":0.002672287,"error":"Get \"http://localhost:3001/health\": dial tcp 127.0.0.1:3001: connect: connection refused"}
{"level":"info","ts":1779019875.0363574,"msg":"health_check_started","server":"3"}
{"level":"info","ts":1779019875.0364501,"msg":"health_check_started","server":"1"}
{"level":"info","ts":1779019875.0364623,"msg":"health_check_started","server":"2"}
{"level":"info","ts":1779019875.0382953,"msg":"health_check_success","server":"3","status_code":200,"latency":0.001945145}
{"level":"error","ts":1779019875.0383725,"msg":"health_check_failed","server":"2","url":"http://localhost:3001","fail_count":4,"latency":0.001911368,"error":"Get \"http://localhost:3001/health\": dial tcp 127.0.0.1:3001: connect: connection refused"}
{"level":"info","ts":1779019875.0385904,"msg":"health_check_success","server":"1","status_code":200,"latency":0.002150758}
{"level":"info","ts":1779019879.0365438,"msg":"health_check_started","server":"3"}
{"level":"info","ts":1779019879.036625,"msg":"health_check_started","server":"1"}
{"level":"info","ts":1779019879.036632,"msg":"health_check_started","server":"2"}
{"level":"info","ts":1779019879.038371,"msg":"health_check_success","server":"1","status_code":200,"latency":0.001751271}
{"level":"info","ts":1779019879.0380409,"msg":"health_check_success","server":"3","status_code":200,"latency":0.001528889}
{"level":"error","ts":1779019879.038424,"msg":"health_check_failed","server":"2","url":"http://localhost:3001","fail_count":5,"latency":0.001792972,"error":"Get \"http://localhost:3001/health\": dial tcp 127.0.0.1:3001: connect: connection refused"}
{"level":"info","ts":1779019883.0363176,"msg":"health_check_started","server":"3"}
{"level":"info","ts":1779019883.0363898,"msg":"health_check_started","server":"1"}
{"level":"info","ts":1779019883.036398,"msg":"health_check_started","server":"2"}
{"level":"info","ts":1779019883.0374088,"msg":"health_check_success","server":"3","status_code":200,"latency":0.001100482}
{"level":"info","ts":1779019883.0376282,"msg":"health_check_success","server":"1","status_code":200,"latency":0.001243853}
{"level":"error","ts":1779019883.0376859,"msg":"health_check_failed","server":"2","url":"http://localhost:3001","fail_count":6,"latency":0.001289058,"error":"Get \"http://localhost:3001/health\": dial tcp 127.0.0.1:3001: connect: connection refused"}
{"level":"error","ts":1779019885.8652992,"msg":"server_marked_unhealthy","server":"2","fail_count":6}
{"level":"info","ts":1779019887.0365987,"msg":"health_check_started","server":"3"}
{"level":"info","ts":1779019887.036678,"msg":"health_check_started","server":"1"}
{"level":"info","ts":1779019887.03675,"msg":"health_check_started","server":"2"}
{"level":"info","ts":1779019887.0382903,"msg":"health_check_success","server":"1","status_code":200,"latency":0.001618151}
{"level":"info","ts":1779019887.037891,"msg":"health_check_success","server":"3","status_code":200,"latency":0.001333663}
{"level":"error","ts":1779019887.0385768,"msg":"health_check_failed","server":"2","url":"http://localhost:3001","fail_count":7,"latency":0.001828634,"error":"Get \"http://localhost:3001/health\": dial tcp 127.0.0.1:3001: connect: connection refused"}
{"level":"info","ts":1779019891.035914,"msg":"health_check_started","server":"3"}
{"level":"info","ts":1779019891.0361426,"msg":"health_check_started","server":"2"}
{"level":"info","ts":1779019891.0361636,"msg":"health_check_started","server":"1"}
{"level":"info","ts":1779019891.0379865,"msg":"health_check_success","server":"3","status_code":200,"latency":0.002086336}
{"level":"info","ts":1779019891.0385036,"msg":"health_check_success","server":"1","status_code":200,"latency":0.002351273}
{"level":"error","ts":1779019891.0378795,"msg":"health_check_failed","server":"2","url":"http://localhost:3001","fail_count":8,"latency":0.001753813,"error":"Get \"http://localhost:3001/health\": dial tcp 127.0.0.1:3001: connect: connection refused"}
{"level":"info","ts":1779019897.6946313,"msg":"health_check_started","server":"3"}
{"level":"info","ts":1779019897.6947482,"msg":"health_check_started","server":"1"}
{"level":"info","ts":1779019897.6947675,"msg":"health_check_started","server":"2"}
{"level":"info","ts":1779019897.6961884,"msg":"health_check_success","server":"3","status_code":200,"latency":0.001565088}
{"level":"info","ts":1779019897.696662,"msg":"health_check_success","server":"1","status_code":200,"latency":0.001920485}
{"level":"error","ts":1779019897.696705,"msg":"health_check_failed","server":"2","url":"http://localhost:3001","fail_count":9,"latency":0.001947401,"error":"Get \"http://localhost:3001/health\": dial tcp 127.0.0.1:3001: connect: connection refused"}
{"level":"info","ts":1779019901.693593,"msg":"health_check_started","server":"3"}
{"level":"info","ts":1779019901.693754,"msg":"health_check_started","server":"1"}
{"level":"info","ts":1779019901.6938424,"msg":"health_check_started","server":"2"}
{"level":"info","ts":1779019901.6950986,"msg":"health_check_success","server":"3","status_code":200,"latency":0.00150848}
{"level":"info","ts":1779019901.69546,"msg":"health_check_success","server":"1","status_code":200,"latency":0.00171503}
{"level":"error","ts":1779019901.6955035,"msg":"health_check_failed","server":"2","url":"http://localhost:3001","fail_count":10,"latency":0.001667013,"error":"Get \"http://localhost:3001/health\": dial tcp 127.0.0.1:3001: connect: connection refused"}
{"level":"info","ts":1779019905.694667,"msg":"health_check_started","server":"3"}
{"level":"info","ts":1779019905.6947417,"msg":"health_check_started","server":"1"}
{"level":"info","ts":1779019905.6947486,"msg":"health_check_started","server":"2"}
{"level":"info","ts":1779019905.696225,"msg":"health_check_success","server":"1","status_code":200,"latency":0.001483558}
{"level":"error","ts":1779019905.6966555,"msg":"health_check_failed","server":"2","url":"http://localhost:3001","fail_count":11,"latency":0.00190627,"error":"Get \"http://localhost:3001/health\": dial tcp 127.0.0.1:3001: connect: connection refused"}
{"level":"info","ts":1779019905.6958778,"msg":"health_check_success","server":"3","status_code":200,"latency":0.001211778}
{"level":"info","ts":1779019909.6936507,"msg":"health_check_started","server":"3"}
{"level":"info","ts":1779019909.6938353,"msg":"health_check_started","server":"1"}
{"level":"info","ts":1779019909.6938431,"msg":"health_check_started","server":"2"}
{"level":"info","ts":1779019909.695147,"msg":"health_check_success","server":"3","status_code":200,"latency":0.00149839}
{"level":"error","ts":1779019909.6954453,"msg":"health_check_failed","server":"2","url":"http://localhost:3001","fail_count":12,"latency":0.001601276,"error":"Get \"http://localhost:3001/health\": dial tcp 127.0.0.1:3001: connect: connection refused"}
{"level":"info","ts":1779019909.695496,"msg":"health_check_success","server":"1","status_code":200,"latency":0.001664875}
